{"type": "FeatureCollection", "features": [{"type": "Feature", "properties": {"id": "P73", "cls": "P", "name": "SEOUL"}, "geometry": {"type": "Polygon", "coordinates": [[[126.97815, 37.57266], [126.98508, 37.57456], [126.99231, 37.57547], [126.99964, 37.57537], [127.00683, 37.57427], [127.01368, 37.57219], [127.01996, 37.5692], [127.02549, 37.56539], [127.03011, 37.56088], [127.03367, 37.5558], [127.03606, 37.55031], [127.03721, 37.54457], [127.03709, 37.53876], [127.0357, 37.53306], [127.03308, 37.52763], [127.02931, 37.52265], [127.0245, 37.51826], [127.01881, 37.5146], [127.01241, 37.51178], [126.99435, 37.50539], [126.98742, 37.50349], [126.98019, 37.50258], [126.97286, 37.50268], [126.96567, 37.50378], [126.95882, 37.50586], [126.95254, 37.50885], [126.94701, 37.51266], [126.94239, 37.51717], [126.93883, 37.52225], [126.93644, 37.52774], [126.93529, 37.53348], [126.93541, 37.53929], [126.9368, 37.54499], [126.93942, 37.55042], [126.94319, 37.5554], [126.948, 37.55979], [126.95369, 37.56345], [126.96009, 37.56627], [126.97815, 37.57266]]]}}, {"type": "Feature", "properties": {"id": "AR MALLIPO", "cls": "A", "name": "MALLIPO"}, "geometry": {"type": "Polygon", "coordinates": [[[125.1667, 36.3333], [125.5667, 36.3333], [125.5667, 35.9333], [125.1667, 35.9333], [125.1667, 36.3333]]]}}, {"type": "Feature", "properties": {"id": "AR WIDO", "cls": "A", "name": "WIDO"}, "geometry": {"type": "Polygon", "coordinates": [[[125.1167, 35.15], [125.5167, 35.0667], [125.5167, 34.5], [125.1167, 34.6], [125.1167, 35.15]]]}}, {"type": "Feature", "properties": {"id": "AR ULLEUNGDO", "cls": "A", "name": "ULLEUNGDO"}, "geometry": {"type": "Polygon", "coordinates": [[[130.0667, 36.75], [130.4, 36.65], [130.4, 36.0833], [130.0667, 36.1833], [130.0667, 36.75]]]}}, {"type": "Feature", "properties": {"id": "AR JINDO", "cls": "A", "name": "JINDO"}, "geometry": {"type": "Polygon", "coordinates": [[[125.59583, 34.93917], [126.01472, 34.94], [126.01528, 34.25306], [125.59667, 34.25444], [125.59583, 34.93917]]]}}, {"type": "Feature", "properties": {"id": "AR GANGGU", "cls": "A", "name": "GANGGU"}, "geometry": {"type": "Polygon", "coordinates": [[[129.58472, 36.82972], [130.0, 36.83333], [130.0, 36.26278], [129.63722, 36.26556], [129.58472, 36.82972]]]}}, {"type": "Feature", "properties": {"id": "AR DOKDO", "cls": "A", "name": "DOKDO"}, "geometry": {"type": "Polygon", "coordinates": [[[130.06323, 36.0], [130.06323, 36.66667], [130.27011, 36.66667], [130.27011, 36.0], [130.06323, 36.0]]]}}, {"type": "Feature", "properties": {"id": "CATA 1", "cls": "C", "name": "ULLEUNG ISLAND"}, "geometry": {"type": "Polygon", "coordinates": [[[130.16667, 38.41722], [131.18556, 38.4], [131.18333, 38.23333], [130.16667, 37.78333], [130.16667, 38.41722]]]}}, {"type": "Feature", "properties": {"id": "CATA 2", "cls": "C", "name": "JEJU ISLAND"}, "geometry": {"type": "Polygon", "coordinates": [[[124.99806, 34.00306], [125.83139, 34.00306], [125.83139, 33.25333], [124.99806, 33.25333], [124.99806, 34.00306]]]}}, {"type": "Feature", "properties": {"id": "CATA 3", "cls": "C", "name": "JEJU ISLAND"}, "geometry": {"type": "Polygon", "coordinates": [[[126.65, 33.46667], [126.86667, 33.45], [127.1, 33.13333], [127.0, 33.03333], [126.73333, 33.03333], [126.73333, 33.08333], [126.5, 33.08333], [126.65, 33.46667]]]}}, {"type": "Feature", "properties": {"id": "CATA 4A", "cls": "C", "name": "GOCHANG"}, "geometry": {"type": "Polygon", "coordinates": [[[126.49806, 35.41972], [126.66472, 35.41972], [126.66472, 35.36972], [126.41472, 35.16972], [126.24806, 35.16972], [126.24806, 35.21972], [126.49806, 35.41972]]]}}, {"type": "Feature", "properties": {"id": "CATA 4B", "cls": "C", "name": "GOCHANG"}, "geometry": {"type": "Polygon", "coordinates": [[[126.41472, 35.16972], [126.66472, 35.36972], [126.66472, 35.16972], [126.41472, 35.16972]]]}}, {"type": "Feature", "properties": {"id": "CATA 5", "cls": "C", "name": "YEONGGWANG"}, "geometry": {"type": "Polygon", "coordinates": [[[125.99806, 35.50306], [126.33139, 35.50306], [126.33139, 35.30306], [125.99806, 35.30306], [125.99806, 35.50306]]]}}, {"type": "Feature", "properties": {"id": "CATA 6", "cls": "C", "name": "JEDONG"}, "geometry": {"type": "Polygon", "coordinates": [[[126.3, 33.25], [126.56667, 33.25], [126.5, 33.08333], [126.5, 33.03333], [126.3, 33.03333], [126.3, 33.25]]]}}, {"type": "Feature", "properties": {"id": "CATA 7H", "cls": "C", "name": "ULJIN"}, "geometry": {"type": "Polygon", "coordinates": [[[129.43528, 36.83333], [129.84778, 36.83333], [129.84778, 36.5], [129.43528, 36.5], [129.43528, 36.83333]]]}}, {"type": "Feature", "properties": {"id": "CATA 7L", "cls": "C", "name": "ULJIN"}, "geometry": {"type": "Polygon", "coordinates": [[[129.43528, 36.83333], [129.84778, 36.83333], [129.84778, 36.5], [129.43528, 36.5], [129.43528, 36.83333]]]}}, {"type": "Feature", "properties": {"id": "D1", "cls": "D", "name": "GORI"}, "geometry": {"type": "Polygon", "coordinates": [[[129.30194, 35.35805], [129.30727, 35.35777], [129.31251, 35.35692], [129.31757, 35.35552], [129.32237, 35.35359], [129.32681, 35.35117], [129.33083, 35.34829], [129.33435, 35.34501], [129.33732, 35.34139], [129.33969, 35.33748], [129.3414, 35.33335], [129.34245, 35.32907], [129.3428, 35.32472], [129.34245, 35.32037], [129.3414, 35.31609], [129.33969, 35.31196], [129.33732, 35.30805], [129.33435, 35.30443], [129.33083, 35.30115], [129.32681, 35.29827], [129.32237, 35.29585], [129.31757, 35.29392], [129.31251, 35.29252], [129.30727, 35.29167], [129.30194, 35.29139], [129.29661, 35.29167], [129.29137, 35.29252], [129.28631, 35.29392], [129.28151, 35.29585], [129.27707, 35.29827], [129.27305, 35.30115], [129.26953, 35.30443], [129.26656, 35.30805], [129.26419, 35.31196], [129.26248, 35.31609], [129.26143, 35.32037], [129.26108, 35.32472], [129.26143, 35.32907], [129.26248, 35.33335], [129.26419, 35.33748], [129.26656, 35.34139], [129.26953, 35.34501], [129.27305, 35.34829], [129.27707, 35.35117], [129.28151, 35.35359], [129.28631, 35.35552], [129.29137, 35.35692], [129.29661, 35.35777], [129.30194, 35.35805]]]}}, {"type": "Feature", "properties": {"id": "D115", "cls": "D", "name": "DONGHAE"}, "geometry": {"type": "Polygon", "coordinates": [[[129.75, 37.4], [131.0, 37.225], [131.0, 36.81667], [129.75, 37.4]]]}}, {"type": "Feature", "properties": {"id": "D118", "cls": "D", "name": "JEJU"}, "geometry": {"type": "Polygon", "coordinates": [[[127.66667, 34.0], [128.5, 34.0], [127.83333, 33.16667], [127.66667, 33.16667], [127.66667, 34.0]]]}}, {"type": "Feature", "properties": {"id": "D119", "cls": "D", "name": "ULSAN"}, "geometry": {"type": "Polygon", "coordinates": [[[129.66806, 35.78333], [130.20333, 35.71667], [130.20333, 35.62667], [129.86333, 35.46556], [129.66806, 35.46667], [129.66806, 35.78333]]]}}, {"type": "Feature", "properties": {"id": "D120", "cls": "D", "name": "DONG-HAE-DONG-BU"}, "geometry": {"type": "Polygon", "coordinates": [[[130.41667, 36.73333], [130.91667, 36.41667], [130.91667, 36.28333], [130.48333, 36.03333], [130.41667, 36.03333], [130.41667, 36.73333]]]}}, {"type": "Feature", "properties": {"id": "D121", "cls": "D", "name": "SOKCHO"}, "geometry": {"type": "Polygon", "coordinates": [[[128.75, 38.41667], [129.5, 38.41667], [129.5, 38.16667], [129.0, 38.16667], [129.0, 38.28333], [128.75, 38.28333], [128.75, 38.41667]]]}}, {"type": "Feature", "properties": {"id": "D123", "cls": "D", "name": "EOCHUNGDO"}, "geometry": {"type": "Polygon", "coordinates": [[[125.0, 36.0], [125.5, 36.0], [125.5, 35.58333], [125.0, 35.58333], [125.0, 36.0]]]}}, {"type": "Feature", "properties": {"id": "D126", "cls": "D", "name": "CHUJADO"}, "geometry": {"type": "Polygon", "coordinates": [[[125.8, 34.0], [126.0, 34.0], [126.0, 33.5], [125.8, 33.5], [125.8, 34.0]]]}}, {"type": "Feature", "properties": {"id": "D128", "cls": "D", "name": "SEOGUIPO"}, "geometry": {"type": "Polygon", "coordinates": [[[126.61667, 33.0], [126.75, 32.66667], [126.46667, 32.66667], [126.61667, 33.0]]]}}, {"type": "Feature", "properties": {"id": "D13", "cls": "D", "name": "SEONGHWAN"}, "geometry": {"type": "Polygon", "coordinates": [[[127.16194, 36.94472], [127.16493, 36.94457], [127.16788, 36.9441], [127.17072, 36.94333], [127.17341, 36.94227], [127.1759, 36.94093], [127.17816, 36.93935], [127.18013, 36.93755], [127.1818, 36.93556], [127.18313, 36.93341], [127.18409, 36.93114], [127.18468, 36.92878], [127.18487, 36.92639], [127.18468, 36.924], [127.18409, 36.92164], [127.18313, 36.91937], [127.1818, 36.91722], [127.18013, 36.91523], [127.17816, 36.91343], [127.1759, 36.91185], [127.17341, 36.91051], [127.17072, 36.90945], [127.16788, 36.90868], [127.16493, 36.90821], [127.16194, 36.90806], [127.15895, 36.90821], [127.156, 36.90868], [127.15316, 36.90945], [127.15047, 36.91051], [127.14798, 36.91185], [127.14572, 36.91343], [127.14375, 36.91523], [127.14208, 36.91722], [127.14075, 36.91937], [127.13979, 36.92164], [127.1392, 36.924], [127.13901, 36.92639], [127.1392, 36.92878], [127.13979, 36.93114], [127.14075, 36.93341], [127.14208, 36.93556], [127.14375, 36.93755], [127.14572, 36.93935], [127.14798, 36.94093], [127.15047, 36.94227], [127.15316, 36.94333], [127.156, 36.9441], [127.15895, 36.94457], [127.16194, 36.94472]]]}}, {"type": "Feature", "properties": {"id": "D131", "cls": "D", "name": "BAENGNYEONG"}, "geometry": {"type": "Polygon", "coordinates": [[[124.06944, 37.98333], [124.63611, 37.98333], [124.70833, 37.98917], [124.70833, 37.9], [124.63611, 37.9], [124.06944, 37.9], [124.06944, 37.98333]]]}}, {"type": "Feature", "properties": {"id": "D134", "cls": "D", "name": "YEONPYONGDO"}, "geometry": {"type": "Polygon", "coordinates": [[[124.75, 37.64444], [124.75, 37.7], [124.93333, 37.7], [125.025, 37.625], [125.24583, 37.56667], [125.53333, 37.66667], [125.65833, 37.68333], [125.69444, 37.68333], [125.69444, 37.62222], [125.65, 37.62222], [125.4, 37.5125], [125.4, 37.43333], [125.06667, 37.43333], [124.8, 37.5375], [124.75, 37.64444]]]}}, {"type": "Feature", "properties": {"id": "D135", "cls": "D", "name": "GISAMUN"}, "geometry": {"type": "Polygon", "coordinates": [[[129.06667, 38.15833], [128.9625, 38.1], [129.40417, 37.55833], [129.50556, 37.61667], [129.06667, 38.15833]]]}}, {"type": "Feature", "properties": {"id": "D136", "cls": "D", "name": "SAMCHEOK"}, "geometry": {"type": "Polygon", "coordinates": [[[129.5125, 37.41667], [129.61667, 37.46944], [129.78611, 37.10833], [129.66667, 37.075], [129.5125, 37.41667]]]}}, {"type": "Feature", "properties": {"id": "D14", "cls": "D", "name": "JAECHEON"}, "geometry": {"type": "Polygon", "coordinates": [[[128.24694, 37.13139], [128.25185, 37.13113], [128.25668, 37.13037], [128.26133, 37.12911], [128.26575, 37.12737], [128.26984, 37.12519], [128.27354, 37.1226], [128.27678, 37.11965], [128.27951, 37.11639], [128.28169, 37.11287], [128.28327, 37.10915], [128.28423, 37.10531], [128.28455, 37.10139], [128.28423, 37.09747], [128.28327, 37.09363], [128.28169, 37.08991], [128.27951, 37.08639], [128.27678, 37.08313], [128.27354, 37.08018], [128.26984, 37.07759], [128.26575, 37.07541], [128.26133, 37.07367], [128.25668, 37.07241], [128.25185, 37.07165], [128.24694, 37.07139], [128.24203, 37.07165], [128.2372, 37.07241], [128.23255, 37.07367], [128.22813, 37.07541], [128.22404, 37.07759], [128.22034, 37.08018], [128.2171, 37.08313], [128.21437, 37.08639], [128.21219, 37.08991], [128.21061, 37.09363], [128.20965, 37.09747], [128.20933, 37.10139], [128.20965, 37.10531], [128.21061, 37.10915], [128.21219, 37.11287], [128.21437, 37.11639], [128.2171, 37.11965], [128.22034, 37.1226], [128.22404, 37.12519], [128.22813, 37.12737], [128.23255, 37.12911], [128.2372, 37.13037], [128.24203, 37.13113], [128.24694, 37.13139]]]}}, {"type": "Feature", "properties": {"id": "D140", "cls": "D", "name": "SOKCHO KCG"}, "geometry": {"type": "Polygon", "coordinates": [[[128.85, 38.21667], [128.86107, 38.2161], [128.87194, 38.2144], [128.88244, 38.21159], [128.89239, 38.20774], [128.90161, 38.20289], [128.90994, 38.19714], [128.91726, 38.19058], [128.92342, 38.18333], [128.92832, 38.17551], [128.93189, 38.16725], [128.93405, 38.1587], [128.93477, 38.15], [128.93405, 38.1413], [128.93189, 38.13275], [128.92832, 38.12449], [128.92342, 38.11667], [128.91726, 38.10942], [128.90994, 38.10286], [128.90161, 38.09711], [128.89239, 38.09226], [128.88244, 38.08841], [128.87194, 38.0856], [128.86107, 38.0839], [128.85, 38.08333], [128.83893, 38.0839], [128.82806, 38.0856], [128.81756, 38.08841], [128.80761, 38.09226], [128.79839, 38.09711], [128.79006, 38.10286], [128.78274, 38.10942], [128.77658, 38.11667], [128.77168, 38.12449], [128.76811, 38.13275], [128.76595, 38.1413], [128.76523, 38.15], [128.76595, 38.1587], [128.76811, 38.16725], [128.77168, 38.17551], [128.77658, 38.18333], [128.78274, 38.19058], [128.79006, 38.19714], [128.79839, 38.20289], [128.80761, 38.20774], [128.81756, 38.21159], [128.82806, 38.2144], [128.83893, 38.2161], [128.85, 38.21667]]]}}, {"type": "Feature", "properties": {"id": "D141", "cls": "D", "name": "DONGHAE KCG"}, "geometry": {"type": "Polygon", "coordinates": [[[131.2, 37.66806], [131.41667, 37.66806], [131.41667, 37.50139], [131.2, 37.50139], [131.2, 37.66806]]]}}, {"type": "Feature", "properties": {"id": "D142B", "cls": "D", "name": "POHANG KCG B"}, "geometry": {"type": "Polygon", "coordinates": [[[129.83333, 36.41666], [129.84683, 36.41595], [129.8601, 36.41382], [129.87292, 36.41032], [129.88505, 36.4055], [129.8963, 36.39944], [129.90648, 36.39226], [129.9154, 36.38406], [129.92292, 36.375], [129.9289, 36.36522], [129.93325, 36.3549], [129.93589, 36.34421], [129.93677, 36.33333], [129.93589, 36.32245], [129.93325, 36.31176], [129.9289, 36.30144], [129.92292, 36.29166], [129.9154, 36.2826], [129.90648, 36.2744], [129.8963, 36.26722], [129.88505, 36.26116], [129.87292, 36.25634], [129.8601, 36.25284], [129.84683, 36.25071], [129.83333, 36.25], [129.81983, 36.25071], [129.80656, 36.25284], [129.79374, 36.25634], [129.78161, 36.26116], [129.77036, 36.26722], [129.76018, 36.2744], [129.75126, 36.2826], [129.74374, 36.29166], [129.73776, 36.30144], [129.73341, 36.31176], [129.73077, 36.32245], [129.72989, 36.33333], [129.73077, 36.34421], [129.73341, 36.3549], [129.73776, 36.36522], [129.74374, 36.375], [129.75126, 36.38406], [129.76018, 36.39226], [129.77036, 36.39944], [129.78161, 36.4055], [129.79374, 36.41032], [129.80656, 36.41382], [129.81983, 36.41595], [129.83333, 36.41666]]]}}, {"type": "Feature", "properties": {"id": "D142C", "cls": "D", "name": "POHANG KCG C"}, "geometry": {"type": "Polygon", "coordinates": [[[129.75, 36.16666], [129.76346, 36.16595], [129.77669, 36.16382], [129.78946, 36.16032], [129.80156, 36.1555], [129.81277, 36.14944], [129.82291, 36.14226], [129.83181, 36.13406], [129.8393, 36.125], [129.84527, 36.11522], [129.8496, 36.1049], [129.85223, 36.09421], [129.85311, 36.08333], [129.85223, 36.07245], [129.8496, 36.06176], [129.84527, 36.05144], [129.8393, 36.04166], [129.83181, 36.0326], [129.82291, 36.0244], [129.81277, 36.01722], [129.80156, 36.01116], [129.78946, 36.00634], [129.77669, 36.00284], [129.76346, 36.00071], [129.75, 36.0], [129.73654, 36.00071], [129.72331, 36.00284], [129.71054, 36.00634], [129.69844, 36.01116], [129.68723, 36.01722], [129.67709, 36.0244], [129.66819, 36.0326], [129.6607, 36.04166], [129.65473, 36.05144], [129.6504, 36.06176], [129.64777, 36.07245], [129.64689, 36.08333], [129.64777, 36.09421], [129.6504, 36.1049], [129.65473, 36.11522], [129.6607, 36.125], [129.66819, 36.13406], [129.67709, 36.14226], [129.68723, 36.14944], [129.69844, 36.1555], [129.71054, 36.16032], [129.72331, 36.16382], [129.73654, 36.16595], [129.75, 36.16666]]]}}, {"type": "Feature", "properties": {"id": "D143", "cls": "D", "name": "BUSAN KCG"}, "geometry": {"type": "Polygon", "coordinates": [[[129.28333, 35.11944], [129.34444, 35.07361], [129.23611, 34.97222], [129.17361, 35.01944], [129.28333, 35.11944]]]}}, {"type": "Feature", "properties": {"id": "D147", "cls": "D", "name": "SEOGWIPO KCG"}, "geometry": {"type": "Polygon", "coordinates": [[[126.33333, 32.76667], [126.34884, 32.76581], [126.36407, 32.76326], [126.37879, 32.75906], [126.39272, 32.75327], [126.40564, 32.74601], [126.41733, 32.73738], [126.42757, 32.72755], [126.4362, 32.71667], [126.44308, 32.70494], [126.44807, 32.69255], [126.4511, 32.67972], [126.45212, 32.66667], [126.4511, 32.65362], [126.44807, 32.64079], [126.44308, 32.6284], [126.4362, 32.61667], [126.42757, 32.60579], [126.41733, 32.59596], [126.40564, 32.58733], [126.39272, 32.58007], [126.37879, 32.57428], [126.36407, 32.57008], [126.34884, 32.56753], [126.33333, 32.56667], [126.31782, 32.56753], [126.30259, 32.57008], [126.28787, 32.57428], [126.27394, 32.58007], [126.26102, 32.58733], [126.24933, 32.59596], [126.23909, 32.60579], [126.23046, 32.61667], [126.22358, 32.6284], [126.21859, 32.64079], [126.21556, 32.65362], [126.21454, 32.66667], [126.21556, 32.67972], [126.21859, 32.69255], [126.22358, 32.70494], [126.23046, 32.71667], [126.23909, 32.72755], [126.24933, 32.73738], [126.26102, 32.74601], [126.27394, 32.75327], [126.28787, 32.75906], [126.30259, 32.76326], [126.31782, 32.76581], [126.33333, 32.76667]]]}}, {"type": "Feature", "properties": {"id": "D15", "cls": "D", "name": "JEONUI"}, "geometry": {"type": "Polygon", "coordinates": [[[127.165, 36.68194], [127.1688, 36.68174], [127.17253, 36.68115], [127.17613, 36.68017], [127.17954, 36.67882], [127.18271, 36.67712], [127.18557, 36.67511], [127.18808, 36.67281], [127.19019, 36.67028], [127.19187, 36.66754], [127.1931, 36.66465], [127.19384, 36.66166], [127.19409, 36.65861], [127.19384, 36.65556], [127.1931, 36.65257], [127.19187, 36.64968], [127.19019, 36.64694], [127.18808, 36.64441], [127.18557, 36.64211], [127.18271, 36.6401], [127.17954, 36.6384], [127.17613, 36.63705], [127.17253, 36.63607], [127.1688, 36.63548], [127.165, 36.63528], [127.1612, 36.63548], [127.15747, 36.63607], [127.15387, 36.63705], [127.15046, 36.6384], [127.14729, 36.6401], [127.14443, 36.64211], [127.14192, 36.64441], [127.13981, 36.64694], [127.13813, 36.64968], [127.1369, 36.65257], [127.13616, 36.65556], [127.13591, 36.65861], [127.13616, 36.66166], [127.1369, 36.66465], [127.13813, 36.66754], [127.13981, 36.67028], [127.14192, 36.67281], [127.14443, 36.67511], [127.14729, 36.67712], [127.15046, 36.67882], [127.15387, 36.68017], [127.15747, 36.68115], [127.1612, 36.68174], [127.165, 36.68194]]]}}, {"type": "Feature", "properties": {"id": "D150", "cls": "D", "name": "SEOGWIPO KCG BUK-BU"}, "geometry": {"type": "Polygon", "coordinates": [[[126.36667, 33.14167], [126.48333, 33.14167], [126.48333, 32.975], [126.36667, 32.975], [126.36667, 33.14167]]]}}, {"type": "Feature", "properties": {"id": "D153", "cls": "D", "name": "DAECHONGDO SEOBU"}, "geometry": {"type": "Polygon", "coordinates": [[[124.08611, 37.74861], [124.61111, 37.74861], [124.61111, 37.50278], [124.08611, 37.50389], [124.08611, 37.74861]]]}}, {"type": "Feature", "properties": {"id": "D156", "cls": "D", "name": "JUMUNJIN"}, "geometry": {"type": "Polygon", "coordinates": [[[129.0, 38.23333], [129.76667, 38.23333], [129.76667, 37.8], [129.63333, 37.8], [129.31667, 38.16667], [129.0, 38.16667], [129.0, 38.23333]]]}}, {"type": "Feature", "properties": {"id": "D16", "cls": "D", "name": "JANGDONG"}, "geometry": {"type": "Polygon", "coordinates": [[[127.44389, 36.43778], [127.44659, 36.43763], [127.44925, 36.43721], [127.45182, 36.43651], [127.45425, 36.43554], [127.4565, 36.43433], [127.45854, 36.4329], [127.46032, 36.43126], [127.46183, 36.42944], [127.46303, 36.42749], [127.4639, 36.42542], [127.46443, 36.42329], [127.4646, 36.42111], [127.46443, 36.41893], [127.4639, 36.4168], [127.46303, 36.41473], [127.46183, 36.41278], [127.46032, 36.41096], [127.45854, 36.40932], [127.4565, 36.40789], [127.45425, 36.40668], [127.45182, 36.40571], [127.44925, 36.40501], [127.44659, 36.40459], [127.44389, 36.40444], [127.44119, 36.40459], [127.43853, 36.40501], [127.43596, 36.40571], [127.43353, 36.40668], [127.43128, 36.40789], [127.42924, 36.40932], [127.42746, 36.41096], [127.42595, 36.41278], [127.42475, 36.41473], [127.42388, 36.4168], [127.42335, 36.41893], [127.42318, 36.42111], [127.42335, 36.42329], [127.42388, 36.42542], [127.42475, 36.42749], [127.42595, 36.42944], [127.42746, 36.43126], [127.42924, 36.4329], [127.43128, 36.43433], [127.43353, 36.43554], [127.43596, 36.43651], [127.43853, 36.43721], [127.44119, 36.43763], [127.44389, 36.43778]]]}}, {"type": "Feature", "properties": {"id": "D17", "cls": "D", "name": "IMSIL"}, "geometry": {"type": "Polygon", "coordinates": [[[127.25417, 35.69639], [127.25953, 35.69611], [127.26479, 35.69526], [127.26987, 35.69386], [127.27468, 35.69193], [127.27915, 35.68951], [127.28318, 35.68663], [127.28672, 35.68335], [127.2897, 35.67973], [127.29207, 35.67582], [127.2938, 35.67169], [127.29485, 35.66741], [127.2952, 35.66306], [127.29485, 35.65871], [127.2938, 35.65443], [127.29207, 35.6503], [127.2897, 35.64639], [127.28672, 35.64277], [127.28318, 35.63949], [127.27915, 35.63661], [127.27468, 35.63419], [127.26987, 35.63226], [127.26479, 35.63086], [127.25953, 35.63001], [127.25417, 35.62973], [127.24881, 35.63001], [127.24355, 35.63086], [127.23847, 35.63226], [127.23366, 35.63419], [127.22919, 35.63661], [127.22516, 35.63949], [127.22162, 35.64277], [127.21864, 35.64639], [127.21627, 35.6503], [127.21454, 35.65443], [127.21349, 35.65871], [127.21314, 35.66306], [127.21349, 35.66741], [127.21454, 35.67169], [127.21627, 35.67582], [127.21864, 35.67973], [127.22162, 35.68335], [127.22516, 35.68663], [127.22919, 35.68951], [127.23366, 35.69193], [127.23847, 35.69386], [127.24355, 35.69526], [127.24881, 35.69611], [127.25417, 35.69639]]]}}, {"type": "Feature", "properties": {"id": "D18", "cls": "D", "name": "HAKSAN"}, "geometry": {"type": "Polygon", "coordinates": [[[127.70722, 36.0875], [127.70991, 36.08735], [127.71256, 36.08693], [127.71511, 36.08623], [127.71753, 36.08526], [127.71977, 36.08405], [127.7218, 36.08262], [127.72358, 36.08098], [127.72508, 36.07916], [127.72627, 36.07721], [127.72714, 36.07514], [127.72766, 36.07301], [127.72784, 36.07083], [127.72766, 36.06865], [127.72714, 36.06652], [127.72627, 36.06445], [127.72508, 36.0625], [127.72358, 36.06068], [127.7218, 36.05904], [127.71977, 36.05761], [127.71753, 36.0564], [127.71511, 36.05543], [127.71256, 36.05473], [127.70991, 36.05431], [127.70722, 36.05416], [127.70453, 36.05431], [127.70188, 36.05473], [127.69933, 36.05543], [127.69691, 36.0564], [127.69467, 36.05761], [127.69264, 36.05904], [127.69086, 36.06068], [127.68936, 36.0625], [127.68817, 36.06445], [127.6873, 36.06652], [127.68678, 36.06865], [127.6866, 36.07083], [127.68678, 36.07301], [127.6873, 36.07514], [127.68817, 36.07721], [127.68936, 36.07916], [127.69086, 36.08098], [127.69264, 36.08262], [127.69467, 36.08405], [127.69691, 36.08526], [127.69933, 36.08623], [127.70188, 36.08693], [127.70453, 36.08735], [127.70722, 36.0875]]]}}, {"type": "Feature", "properties": {"id": "D19", "cls": "D", "name": "JUDEOK"}, "geometry": {"type": "Polygon", "coordinates": [[[127.74611, 36.99611], [127.74965, 36.99592], [127.75313, 36.99537], [127.75649, 36.99446], [127.75967, 36.9932], [127.76262, 36.99163], [127.76529, 36.98976], [127.76763, 36.98763], [127.7696, 36.98527], [127.77117, 36.98273], [127.77231, 36.98005], [127.773, 36.97727], [127.77323, 36.97444], [127.773, 36.97161], [127.77231, 36.96883], [127.77117, 36.96615], [127.7696, 36.96361], [127.76763, 36.96125], [127.76529, 36.95912], [127.76262, 36.95725], [127.75967, 36.95568], [127.75649, 36.95442], [127.75313, 36.95351], [127.74965, 36.95296], [127.74611, 36.95277], [127.74257, 36.95296], [127.73909, 36.95351], [127.73573, 36.95442], [127.73255, 36.95568], [127.7296, 36.95725], [127.72693, 36.95912], [127.72459, 36.96125], [127.72262, 36.96361], [127.72105, 36.96615], [127.71991, 36.96883], [127.71922, 36.97161], [127.71899, 36.97444], [127.71922, 36.97727], [127.71991, 36.98005], [127.72105, 36.98273], [127.72262, 36.98527], [127.72459, 36.98763], [127.72693, 36.98976], [127.7296, 36.99163], [127.73255, 36.9932], [127.73573, 36.99446], [127.73909, 36.99537], [127.74257, 36.99592], [127.74611, 36.99611]]]}}, {"type": "Feature", "properties": {"id": "D2", "cls": "D", "name": "WOLSEONG"}, "geometry": {"type": "Polygon", "coordinates": [[[129.47611, 35.75111], [129.48147, 35.75083], [129.48674, 35.74998], [129.49182, 35.74858], [129.49664, 35.74665], [129.5011, 35.74423], [129.50514, 35.74135], [129.50868, 35.73807], [129.51167, 35.73445], [129.51404, 35.73054], [129.51577, 35.72641], [129.51681, 35.72213], [129.51717, 35.71778], [129.51681, 35.71343], [129.51577, 35.70915], [129.51404, 35.70502], [129.51167, 35.70111], [129.50868, 35.69749], [129.50514, 35.69421], [129.5011, 35.69133], [129.49664, 35.68891], [129.49182, 35.68698], [129.48674, 35.68558], [129.48147, 35.68473], [129.47611, 35.68445], [129.47075, 35.68473], [129.46548, 35.68558], [129.4604, 35.68698], [129.45558, 35.68891], [129.45112, 35.69133], [129.44708, 35.69421], [129.44354, 35.69749], [129.44055, 35.70111], [129.43818, 35.70502], [129.43645, 35.70915], [129.43541, 35.71343], [129.43505, 35.71778], [129.43541, 35.72213], [129.43645, 35.72641], [129.43818, 35.73054], [129.44055, 35.73445], [129.44354, 35.73807], [129.44708, 35.74135], [129.45112, 35.74423], [129.45558, 35.74665], [129.4604, 35.74858], [129.46548, 35.74998], [129.47075, 35.75083], [129.47611, 35.75111]]]}}, {"type": "Feature", "properties": {"id": "D20", "cls": "D", "name": "GUUI"}, "geometry": {"type": "Polygon", "coordinates": [[[127.09639, 37.53889], [127.09694, 37.53886], [127.09748, 37.53878], [127.098, 37.53864], [127.09849, 37.53845], [127.09895, 37.5382], [127.09936, 37.53792], [127.09972, 37.53759], [127.10003, 37.53723], [127.10027, 37.53684], [127.10045, 37.53642], [127.10056, 37.536], [127.10059, 37.53556], [127.10056, 37.53512], [127.10045, 37.5347], [127.10027, 37.53428], [127.10003, 37.53389], [127.09972, 37.53353], [127.09936, 37.5332], [127.09895, 37.53292], [127.09849, 37.53267], [127.098, 37.53248], [127.09748, 37.53234], [127.09694, 37.53226], [127.09639, 37.53223], [127.09584, 37.53226], [127.0953, 37.53234], [127.09478, 37.53248], [127.09429, 37.53267], [127.09383, 37.53292], [127.09342, 37.5332], [127.09306, 37.53353], [127.09275, 37.53389], [127.09251, 37.53428], [127.09233, 37.5347], [127.09222, 37.53512], [127.09219, 37.53556], [127.09222, 37.536], [127.09233, 37.53642], [127.09251, 37.53684], [127.09275, 37.53723], [127.09306, 37.53759], [127.09342, 37.53792], [127.09383, 37.5382], [127.09429, 37.53845], [127.09478, 37.53864], [127.0953, 37.53878], [127.09584, 37.53886], [127.09639, 37.53889]]]}}, {"type": "Feature", "properties": {"id": "D21", "cls": "D", "name": "JAYANG"}, "geometry": {"type": "Polygon", "coordinates": [[[127.07278, 37.5425], [127.0736, 37.54246], [127.07441, 37.54233], [127.07519, 37.54212], [127.07593, 37.54183], [127.07662, 37.54147], [127.07724, 37.54104], [127.07778, 37.54054], [127.07824, 37.54], [127.07861, 37.53941], [127.07887, 37.53879], [127.07903, 37.53815], [127.07909, 37.5375], [127.07903, 37.53685], [127.07887, 37.53621], [127.07861, 37.53559], [127.07824, 37.535], [127.07778, 37.53446], [127.07724, 37.53396], [127.07662, 37.53353], [127.07593, 37.53317], [127.07519, 37.53288], [127.07441, 37.53267], [127.0736, 37.53254], [127.07278, 37.5325], [127.07196, 37.53254], [127.07115, 37.53267], [127.07037, 37.53288], [127.06963, 37.53317], [127.06894, 37.53353], [127.06832, 37.53396], [127.06778, 37.53446], [127.06732, 37.535], [127.06695, 37.53559], [127.06669, 37.53621], [127.06653, 37.53685], [127.06647, 37.5375], [127.06653, 37.53815], [127.06669, 37.53879], [127.06695, 37.53941], [127.06732, 37.54], [127.06778, 37.54054], [127.06832, 37.54104], [127.06894, 37.54147], [127.06963, 37.54183], [127.07037, 37.54212], [127.07115, 37.54233], [127.07196, 37.54246], [127.07278, 37.5425]]]}}, {"type": "Feature", "properties": {"id": "D22", "cls": "D", "name": "SAMSEONG"}, "geometry": {"type": "Polygon", "coordinates": [[[127.05917, 37.5225], [127.065, 37.51861], [127.06639, 37.51222], [127.055, 37.50111], [127.04944, 37.50556], [127.05806, 37.51444], [127.05389, 37.51778], [127.05917, 37.5225]]]}}, {"type": "Feature", "properties": {"id": "D23", "cls": "D", "name": "DOGOK"}, "geometry": {"type": "Polygon", "coordinates": [[[127.05472, 37.49], [127.05583, 37.48833], [127.05167, 37.48583], [127.05028, 37.48806], [127.05472, 37.49]]]}}, {"type": "Feature", "properties": {"id": "D24", "cls": "D", "name": "YEOKSAM"}, "geometry": {"type": "Polygon", "coordinates": [[[127.0375, 37.50528], [127.04333, 37.50056], [127.02611, 37.49361], [127.02417, 37.49833], [127.0375, 37.50528]]]}}, {"type": "Feature", "properties": {"id": "D25", "cls": "D", "name": "SEOCHO"}, "geometry": {"type": "Polygon", "coordinates": [[[127.01667, 37.48833], [127.01749, 37.48829], [127.0183, 37.48816], [127.01908, 37.48795], [127.01982, 37.48766], [127.02051, 37.4873], [127.02113, 37.48687], [127.02167, 37.48637], [127.02213, 37.48583], [127.02249, 37.48524], [127.02276, 37.48462], [127.02292, 37.48398], [127.02297, 37.48333], [127.02292, 37.48268], [127.02276, 37.48204], [127.02249, 37.48142], [127.02213, 37.48083], [127.02167, 37.48029], [127.02113, 37.47979], [127.02051, 37.47936], [127.01982, 37.479], [127.01908, 37.47871], [127.0183, 37.4785], [127.01749, 37.47837], [127.01667, 37.47833], [127.01585, 37.47837], [127.01504, 37.4785], [127.01426, 37.47871], [127.01352, 37.479], [127.01283, 37.47936], [127.01221, 37.47979], [127.01167, 37.48029], [127.01121, 37.48083], [127.01085, 37.48142], [127.01058, 37.48204], [127.01042, 37.48268], [127.01037, 37.48333], [127.01042, 37.48398], [127.01058, 37.48462], [127.01085, 37.48524], [127.01121, 37.48583], [127.01167, 37.48637], [127.01221, 37.48687], [127.01283, 37.4873], [127.01352, 37.48766], [127.01426, 37.48795], [127.01504, 37.48816], [127.01585, 37.48829], [127.01667, 37.48833]]]}}, {"type": "Feature", "properties": {"id": "D26", "cls": "D", "name": "SINDAEBANG"}, "geometry": {"type": "Polygon", "coordinates": [[[126.92444, 37.49611], [126.92526, 37.49607], [126.92607, 37.49594], [126.92685, 37.49573], [126.92759, 37.49544], [126.92828, 37.49508], [126.9289, 37.49465], [126.92944, 37.49415], [126.9299, 37.49361], [126.93026, 37.49302], [126.93053, 37.4924], [126.93069, 37.49176], [126.93074, 37.49111], [126.93069, 37.49046], [126.93053, 37.48982], [126.93026, 37.4892], [126.9299, 37.48861], [126.92944, 37.48807], [126.9289, 37.48757], [126.92828, 37.48714], [126.92759, 37.48678], [126.92685, 37.48649], [126.92607, 37.48628], [126.92526, 37.48615], [126.92444, 37.48611], [126.92362, 37.48615], [126.92281, 37.48628], [126.92203, 37.48649], [126.92129, 37.48678], [126.9206, 37.48714], [126.91998, 37.48757], [126.91944, 37.48807], [126.91898, 37.48861], [126.91862, 37.4892], [126.91835, 37.48982], [126.91819, 37.49046], [126.91814, 37.49111], [126.91819, 37.49176], [126.91835, 37.4924], [126.91862, 37.49302], [126.91898, 37.49361], [126.91944, 37.49415], [126.91998, 37.49465], [126.9206, 37.49508], [126.92129, 37.49544], [126.92203, 37.49573], [126.92281, 37.49594], [126.92362, 37.49607], [126.92444, 37.49611]]]}}, {"type": "Feature", "properties": {"id": "D27", "cls": "D", "name": "YEOUI"}, "geometry": {"type": "Polygon", "coordinates": [[[126.92972, 37.52861], [126.94139, 37.51972], [126.93972, 37.5175], [126.92083, 37.51889], [126.91722, 37.52167], [126.92972, 37.52861]]]}}, {"type": "Feature", "properties": {"id": "D28", "cls": "D", "name": "SINDORIM"}, "geometry": {"type": "Polygon", "coordinates": [[[126.89083, 37.51306], [126.89165, 37.51302], [126.89246, 37.51289], [126.89324, 37.51268], [126.89398, 37.51239], [126.89467, 37.51203], [126.89529, 37.5116], [126.89583, 37.5111], [126.89629, 37.51056], [126.89665, 37.50997], [126.89692, 37.50935], [126.89708, 37.50871], [126.89713, 37.50806], [126.89708, 37.50741], [126.89692, 37.50677], [126.89665, 37.50615], [126.89629, 37.50556], [126.89583, 37.50502], [126.89529, 37.50452], [126.89467, 37.50409], [126.89398, 37.50373], [126.89324, 37.50344], [126.89246, 37.50323], [126.89165, 37.5031], [126.89083, 37.50306], [126.89001, 37.5031], [126.8892, 37.50323], [126.88842, 37.50344], [126.88768, 37.50373], [126.88699, 37.50409], [126.88637, 37.50452], [126.88583, 37.50502], [126.88537, 37.50556], [126.88501, 37.50615], [126.88474, 37.50677], [126.88458, 37.50741], [126.88453, 37.50806], [126.88458, 37.50871], [126.88474, 37.50935], [126.88501, 37.50997], [126.88537, 37.51056], [126.88583, 37.5111], [126.88637, 37.5116], [126.88699, 37.51203], [126.88768, 37.51239], [126.88842, 37.51268], [126.8892, 37.51289], [126.89001, 37.51302], [126.89083, 37.51306]]]}}, {"type": "Feature", "properties": {"id": "D29", "cls": "D", "name": "MULLAE"}, "geometry": {"type": "Polygon", "coordinates": [[[126.90083, 37.52167], [126.90611, 37.51722], [126.90306, 37.515], [126.8975, 37.51944], [126.90083, 37.52167]]]}}, {"type": "Feature", "properties": {"id": "D30", "cls": "D", "name": "MOKDONG"}, "geometry": {"type": "Polygon", "coordinates": [[[126.87444, 37.53389], [126.87554, 37.53383], [126.87662, 37.53366], [126.87766, 37.53338], [126.87864, 37.53299], [126.87956, 37.53251], [126.88038, 37.53193], [126.88111, 37.53128], [126.88172, 37.53055], [126.88221, 37.52977], [126.88256, 37.52895], [126.88277, 37.52809], [126.88285, 37.52722], [126.88277, 37.52635], [126.88256, 37.52549], [126.88221, 37.52467], [126.88172, 37.52389], [126.88111, 37.52316], [126.88038, 37.52251], [126.87956, 37.52193], [126.87864, 37.52145], [126.87766, 37.52106], [126.87662, 37.52078], [126.87554, 37.52061], [126.87444, 37.52055], [126.87334, 37.52061], [126.87226, 37.52078], [126.87122, 37.52106], [126.87024, 37.52145], [126.86932, 37.52193], [126.8685, 37.52251], [126.86777, 37.52316], [126.86716, 37.52389], [126.86667, 37.52467], [126.86632, 37.52549], [126.86611, 37.52635], [126.86603, 37.52722], [126.86611, 37.52809], [126.86632, 37.52895], [126.86667, 37.52977], [126.86716, 37.53055], [126.86777, 37.53128], [126.8685, 37.53193], [126.86932, 37.53251], [126.87024, 37.53299], [126.87122, 37.53338], [126.87226, 37.53366], [126.87334, 37.53383], [126.87444, 37.53389]]]}}, {"type": "Feature", "properties": {"id": "D31", "cls": "D", "name": "GUPO"}, "geometry": {"type": "Polygon", "coordinates": [[[128.99944, 35.21333], [129.00024, 35.21329], [129.00102, 35.21316], [129.00178, 35.21295], [129.0025, 35.21266], [129.00317, 35.2123], [129.00377, 35.21187], [129.00429, 35.21137], [129.00474, 35.21083], [129.00509, 35.21024], [129.00535, 35.20962], [129.00551, 35.20898], [129.00556, 35.20833], [129.00551, 35.20768], [129.00535, 35.20704], [129.00509, 35.20642], [129.00474, 35.20583], [129.00429, 35.20529], [129.00377, 35.20479], [129.00317, 35.20436], [129.0025, 35.204], [129.00178, 35.20371], [129.00102, 35.2035], [129.00024, 35.20337], [128.99944, 35.20333], [128.99864, 35.20337], [128.99786, 35.2035], [128.9971, 35.20371], [128.99638, 35.204], [128.99571, 35.20436], [128.99511, 35.20479], [128.99459, 35.20529], [128.99414, 35.20583], [128.99379, 35.20642], [128.99353, 35.20704], [128.99337, 35.20768], [128.99332, 35.20833], [128.99337, 35.20898], [128.99353, 35.20962], [128.99379, 35.21024], [128.99414, 35.21083], [128.99459, 35.21137], [128.99511, 35.21187], [128.99571, 35.2123], [128.99638, 35.21266], [128.9971, 35.21295], [128.99786, 35.21316], [128.99864, 35.21329], [128.99944, 35.21333]]]}}, {"type": "Feature", "properties": {"id": "D32", "cls": "D", "name": "DONGNAE"}, "geometry": {"type": "Polygon", "coordinates": [[[129.08306, 35.2275], [129.0925, 35.22361], [129.085, 35.21], [129.07417, 35.21444], [129.08306, 35.2275]]]}}, {"type": "Feature", "properties": {"id": "D33", "cls": "D", "name": "YEONJE"}, "geometry": {"type": "Polygon", "coordinates": [[[129.08361, 35.17972], [129.08441, 35.17968], [129.08519, 35.17955], [129.08595, 35.17934], [129.08667, 35.17905], [129.08733, 35.17869], [129.08794, 35.17826], [129.08846, 35.17776], [129.08891, 35.17722], [129.08926, 35.17663], [129.08952, 35.17601], [129.08967, 35.17537], [129.08973, 35.17472], [129.08967, 35.17407], [129.08952, 35.17343], [129.08926, 35.17281], [129.08891, 35.17222], [129.08846, 35.17168], [129.08794, 35.17118], [129.08733, 35.17075], [129.08667, 35.17039], [129.08595, 35.1701], [129.08519, 35.16989], [129.08441, 35.16976], [129.08361, 35.16972], [129.08281, 35.16976], [129.08203, 35.16989], [129.08127, 35.1701], [129.08055, 35.17039], [129.07989, 35.17075], [129.07928, 35.17118], [129.07876, 35.17168], [129.07831, 35.17222], [129.07796, 35.17281], [129.0777, 35.17343], [129.07755, 35.17407], [129.07749, 35.17472], [129.07755, 35.17537], [129.0777, 35.17601], [129.07796, 35.17663], [129.07831, 35.17722], [129.07876, 35.17776], [129.07928, 35.17826], [129.07989, 35.17869], [129.08055, 35.17905], [129.08127, 35.17934], [129.08203, 35.17955], [129.08281, 35.17968], [129.08361, 35.17972]]]}}, {"type": "Feature", "properties": {"id": "D34", "cls": "D", "name": "SUYEONG"}, "geometry": {"type": "Polygon", "coordinates": [[[129.10667, 35.14528], [129.10747, 35.14524], [129.10825, 35.14511], [129.10901, 35.1449], [129.10973, 35.14461], [129.11039, 35.14425], [129.11099, 35.14382], [129.11152, 35.14332], [129.11197, 35.14278], [129.11232, 35.14219], [129.11258, 35.14157], [129.11273, 35.14093], [129.11278, 35.14028], [129.11273, 35.13963], [129.11258, 35.13899], [129.11232, 35.13837], [129.11197, 35.13778], [129.11152, 35.13724], [129.11099, 35.13674], [129.11039, 35.13631], [129.10973, 35.13595], [129.10901, 35.13566], [129.10825, 35.13545], [129.10747, 35.13532], [129.10667, 35.13528], [129.10587, 35.13532], [129.10509, 35.13545], [129.10433, 35.13566], [129.10361, 35.13595], [129.10295, 35.13631], [129.10235, 35.13674], [129.10182, 35.13724], [129.10137, 35.13778], [129.10102, 35.13837], [129.10076, 35.13899], [129.10061, 35.13963], [129.10056, 35.14028], [129.10061, 35.14093], [129.10076, 35.14157], [129.10102, 35.14219], [129.10137, 35.14278], [129.10182, 35.14332], [129.10235, 35.14382], [129.10295, 35.14425], [129.10361, 35.14461], [129.10433, 35.1449], [129.10509, 35.14511], [129.10587, 35.14524], [129.10667, 35.14528]]]}}, {"type": "Feature", "properties": {"id": "D35", "cls": "D", "name": "SEOMYEON"}, "geometry": {"type": "Polygon", "coordinates": [[[129.04833, 35.15722], [129.05806, 35.16389], [129.07389, 35.14694], [129.06417, 35.14028], [129.04833, 35.15722]]]}}, {"type": "Feature", "properties": {"id": "D36", "cls": "D", "name": "HAEUNDAE"}, "geometry": {"type": "Polygon", "coordinates": [[[129.11056, 35.17861], [129.12083, 35.18667], [129.16194, 35.15889], [129.145, 35.14694], [129.11056, 35.17861]]]}}, {"type": "Feature", "properties": {"id": "D37", "cls": "D", "name": "MOONTEN"}, "geometry": {"type": "Polygon", "coordinates": [[[129.18278, 35.17083], [129.17056, 35.16], [129.17917, 35.15361], [129.19111, 35.16444], [129.18278, 35.17083]]]}}, {"type": "Feature", "properties": {"id": "D5", "cls": "D", "name": "WANJU"}, "geometry": {"type": "Polygon", "coordinates": [[[127.2125, 35.73056], [127.21518, 35.73041], [127.21781, 35.72999], [127.22036, 35.72929], [127.22276, 35.72832], [127.225, 35.72711], [127.22701, 35.72568], [127.22879, 35.72404], [127.23028, 35.72222], [127.23146, 35.72027], [127.23233, 35.7182], [127.23285, 35.71607], [127.23303, 35.71389], [127.23285, 35.71171], [127.23233, 35.70958], [127.23146, 35.70751], [127.23028, 35.70556], [127.22879, 35.70374], [127.22701, 35.7021], [127.225, 35.70067], [127.22276, 35.69946], [127.22036, 35.69849], [127.21781, 35.69779], [127.21518, 35.69737], [127.2125, 35.69722], [127.20982, 35.69737], [127.20719, 35.69779], [127.20464, 35.69849], [127.20224, 35.69946], [127.2, 35.70067], [127.19799, 35.7021], [127.19621, 35.70374], [127.19472, 35.70556], [127.19354, 35.70751], [127.19267, 35.70958], [127.19215, 35.71171], [127.19197, 35.71389], [127.19215, 35.71607], [127.19267, 35.7182], [127.19354, 35.72027], [127.19472, 35.72222], [127.19621, 35.72404], [127.19799, 35.72568], [127.2, 35.72711], [127.20224, 35.72832], [127.20464, 35.72929], [127.20719, 35.72999], [127.20982, 35.73041], [127.2125, 35.73056]]]}}, {"type": "Feature", "properties": {"id": "D6", "cls": "D", "name": "YEONGDONG"}, "geometry": {"type": "Polygon", "coordinates": [[[127.73139, 36.18055], [127.73597, 36.18031], [127.74047, 36.17959], [127.74482, 36.1784], [127.74893, 36.17676], [127.75275, 36.1747], [127.7562, 36.17225], [127.75923, 36.16947], [127.76178, 36.16639], [127.76381, 36.16306], [127.76528, 36.15955], [127.76618, 36.15592], [127.76648, 36.15222], [127.76618, 36.14852], [127.76528, 36.14489], [127.76381, 36.14138], [127.76178, 36.13805], [127.75923, 36.13497], [127.7562, 36.13219], [127.75275, 36.12974], [127.74893, 36.12768], [127.74482, 36.12604], [127.74047, 36.12485], [127.73597, 36.12413], [127.73139, 36.12389], [127.72681, 36.12413], [127.72231, 36.12485], [127.71796, 36.12604], [127.71385, 36.12768], [127.71003, 36.12974], [127.70658, 36.13219], [127.70355, 36.13497], [127.701, 36.13805], [127.69897, 36.14138], [127.6975, 36.14489], [127.6966, 36.14852], [127.6963, 36.15222], [127.6966, 36.15592], [127.6975, 36.15955], [127.69897, 36.16306], [127.701, 36.16639], [127.70355, 36.16947], [127.70658, 36.17225], [127.71003, 36.1747], [127.71385, 36.17676], [127.71796, 36.1784], [127.72231, 36.17959], [127.72681, 36.18031], [127.73139, 36.18055]]]}}, {"type": "Feature", "properties": {"id": "D7", "cls": "D", "name": "HANBIT"}, "geometry": {"type": "Polygon", "coordinates": [[[126.41944, 35.44472], [126.42478, 35.44444], [126.43003, 35.44359], [126.43509, 35.44219], [126.43989, 35.44026], [126.44434, 35.43784], [126.44836, 35.43496], [126.45189, 35.43168], [126.45486, 35.42806], [126.45723, 35.42415], [126.45895, 35.42002], [126.45999, 35.41574], [126.46034, 35.41139], [126.45999, 35.40704], [126.45895, 35.40276], [126.45723, 35.39863], [126.45486, 35.39472], [126.45189, 35.3911], [126.44836, 35.38782], [126.44434, 35.38494], [126.43989, 35.38252], [126.43509, 35.38059], [126.43003, 35.37919], [126.42478, 35.37834], [126.41944, 35.37806], [126.4141, 35.37834], [126.40885, 35.37919], [126.40379, 35.38059], [126.39899, 35.38252], [126.39454, 35.38494], [126.39052, 35.38782], [126.38699, 35.3911], [126.38402, 35.39472], [126.38165, 35.39863], [126.37993, 35.40276], [126.37889, 35.40704], [126.37854, 35.41139], [126.37889, 35.41574], [126.37993, 35.42002], [126.38165, 35.42415], [126.38402, 35.42806], [126.38699, 35.43168], [126.39052, 35.43496], [126.39454, 35.43784], [126.39899, 35.44026], [126.40379, 35.44219], [126.40885, 35.44359], [126.4141, 35.44444], [126.41944, 35.44472]]]}}, {"type": "Feature", "properties": {"id": "D72", "cls": "D", "name": "YOKJIDO"}, "geometry": {"type": "Polygon", "coordinates": [[[128.0, 34.16139], [128.19083, 34.30028], [128.58333, 34.3], [128.58722, 34.33667], [128.71972, 34.15361], [128.58333, 34.0], [128.0, 34.0], [128.0, 34.16139]]]}}, {"type": "Feature", "properties": {"id": "D8", "cls": "D", "name": "HANUL"}, "geometry": {"type": "Polygon", "coordinates": [[[129.38333, 37.13333], [129.38879, 37.13305], [129.39415, 37.1322], [129.39932, 37.1308], [129.40423, 37.12887], [129.40877, 37.12645], [129.41288, 37.12357], [129.41649, 37.12029], [129.41952, 37.11667], [129.42194, 37.11276], [129.4237, 37.10863], [129.42477, 37.10435], [129.42512, 37.1], [129.42477, 37.09565], [129.4237, 37.09137], [129.42194, 37.08724], [129.41952, 37.08333], [129.41649, 37.07971], [129.41288, 37.07643], [129.40877, 37.07355], [129.40423, 37.07113], [129.39932, 37.0692], [129.39415, 37.0678], [129.38879, 37.06695], [129.38333, 37.06667], [129.37787, 37.06695], [129.37251, 37.0678], [129.36734, 37.0692], [129.36243, 37.07113], [129.35789, 37.07355], [129.35378, 37.07643], [129.35017, 37.07971], [129.34714, 37.08333], [129.34472, 37.08724], [129.34296, 37.09137], [129.34189, 37.09565], [129.34154, 37.1], [129.34189, 37.10435], [129.34296, 37.10863], [129.34472, 37.11276], [129.34714, 37.11667], [129.35017, 37.12029], [129.35378, 37.12357], [129.35789, 37.12645], [129.36243, 37.12887], [129.36734, 37.1308], [129.37251, 37.1322], [129.37787, 37.13305], [129.38333, 37.13333]]]}}, {"type": "Feature", "properties": {"id": "D9", "cls": "D", "name": "YEONGCHEON"}, "geometry": {"type": "Polygon", "coordinates": [[[128.97667, 35.9775], [128.97936, 35.97735], [128.982, 35.97693], [128.98455, 35.97623], [128.98697, 35.97526], [128.9892, 35.97405], [128.99123, 35.97262], [128.99301, 35.97098], [128.9945, 35.96916], [128.99569, 35.96721], [128.99656, 35.96514], [128.99708, 35.96301], [128.99726, 35.96083], [128.99708, 35.95865], [128.99656, 35.95652], [128.99569, 35.95445], [128.9945, 35.9525], [128.99301, 35.95068], [128.99123, 35.94904], [128.9892, 35.94761], [128.98697, 35.9464], [128.98455, 35.94543], [128.982, 35.94473], [128.97936, 35.94431], [128.97667, 35.94416], [128.97398, 35.94431], [128.97134, 35.94473], [128.96879, 35.94543], [128.96637, 35.9464], [128.96414, 35.94761], [128.96211, 35.94904], [128.96033, 35.95068], [128.95884, 35.9525], [128.95765, 35.95445], [128.95678, 35.95652], [128.95626, 35.95865], [128.95608, 35.96083], [128.95626, 35.96301], [128.95678, 35.96514], [128.95765, 35.96721], [128.95884, 35.96916], [128.96033, 35.97098], [128.96211, 35.97262], [128.96414, 35.97405], [128.96637, 35.97526], [128.96879, 35.97623], [128.97134, 35.97693], [128.97398, 35.97735], [128.97667, 35.9775]]]}}, {"type": "Feature", "properties": {"id": "D99", "cls": "D", "name": "GEOJEDO"}, "geometry": {"type": "Polygon", "coordinates": [[[128.72417, 34.68444], [128.84194, 34.76833], [128.89389, 34.77889], [129.05583, 34.56306], [128.71972, 34.15361], [128.58722, 34.33667], [128.72417, 34.68444]]]}}, {"type": "Feature", "properties": {"id": "ACMI A", "cls": "I", "name": "ACMI A"}, "geometry": {"type": "Polygon", "coordinates": [[[125.7, 37.03694], [126.16667, 37.04222], [126.16667, 36.68333], [125.7, 36.68333], [125.7, 37.03694]]]}}, {"type": "Feature", "properties": {"id": "ACMI B", "cls": "I", "name": "ACMI B"}, "geometry": {"type": "Polygon", "coordinates": [[[125.7, 37.03694], [126.16667, 37.04222], [126.16667, 36.68333], [125.7, 36.68333], [125.7, 37.03694]]]}}, {"type": "Feature", "properties": {"id": "ACMI C", "cls": "I", "name": "ACMI C"}, "geometry": {"type": "Polygon", "coordinates": [[[125.6, 37.03556], [126.39833, 37.04417], [126.425, 37.00278], [126.48333, 36.8], [126.48333, 36.73333], [126.475, 36.68333], [126.16667, 36.68333], [125.7, 36.53333], [125.6, 36.53333], [125.6, 37.03556]]]}}, {"type": "Feature", "properties": {"id": "ACMI D", "cls": "I", "name": "ACMI D"}, "geometry": {"type": "Polygon", "coordinates": [[[125.6, 37.03556], [125.7, 37.03694], [125.7, 36.53333], [125.6, 36.53333], [125.6, 37.03556]]]}}, {"type": "Feature", "properties": {"id": "ACMI E", "cls": "I", "name": "ACMI E"}, "geometry": {"type": "Polygon", "coordinates": [[[125.7, 36.68333], [126.16667, 36.68333], [125.7, 36.53333], [125.7, 36.68333]]]}}, {"type": "Feature", "properties": {"id": "HTA 1", "cls": "M", "name": "HTA 1"}, "geometry": {"type": "Polygon", "coordinates": [[[126.61667, 37.18333], [126.76667, 37.18333], [126.76667, 37.05], [126.61667, 37.05], [126.61667, 37.18333]]]}}, {"type": "Feature", "properties": {"id": "HTA 2", "cls": "M", "name": "HTA 2"}, "geometry": {"type": "Polygon", "coordinates": [[[126.41667, 37.18333], [126.61667, 37.18333], [126.61667, 37.05], [126.41667, 37.05], [126.41667, 37.18333]]]}}, {"type": "Feature", "properties": {"id": "MOA 1", "cls": "M", "name": "MOA 1"}, "geometry": {"type": "Polygon", "coordinates": [[[125.6, 36.53333], [125.7, 36.53333], [126.16639, 36.68333], [126.475, 36.68333], [126.41667, 36.33333], [126.41667, 36.28333], [125.60056, 36.28306], [125.6, 36.53333]]]}}, {"type": "Feature", "properties": {"id": "MOA 10", "cls": "M", "name": "MOA 10"}, "geometry": {"type": "Polygon", "coordinates": [[[128.68333, 36.91667], [129.05, 36.91667], [129.25, 36.83333], [129.25, 36.5], [129.1, 36.35], [128.5, 36.71667], [128.68333, 36.91667]]]}}, {"type": "Feature", "properties": {"id": "MOA 107", "cls": "M", "name": "DONG-HAE-BUK-BU"}, "geometry": {"type": "Polygon", "coordinates": [[[129.85, 38.25], [130.16667, 38.23333], [130.16667, 37.78333], [129.85, 37.8], [129.85, 38.25]]]}}, {"type": "Feature", "properties": {"id": "MOA 11", "cls": "M", "name": "MOA 11"}, "geometry": {"type": "Polygon", "coordinates": [[[127.98333, 37.1], [128.51667, 37.2], [128.68333, 37.21667], [128.68333, 36.91667], [128.5, 36.71667], [128.05, 36.93333], [127.98333, 37.1]]]}}, {"type": "Feature", "properties": {"id": "MOA 12E", "cls": "M", "name": "MOA 12E"}, "geometry": {"type": "Polygon", "coordinates": [[[129.58333, 36.5], [130.0, 36.5], [130.0, 36.03333], [129.61667, 36.08333], [129.58333, 36.5]]]}}, {"type": "Feature", "properties": {"id": "MOA 12W", "cls": "M", "name": "MOA 12W"}, "geometry": {"type": "Polygon", "coordinates": [[[129.25, 36.5], [129.58333, 36.5], [129.61667, 36.08333], [129.1, 36.35], [129.25, 36.5]]]}}, {"type": "Feature", "properties": {"id": "MOA 13E", "cls": "M", "name": "MOA 13E"}, "geometry": {"type": "Polygon", "coordinates": [[[129.6, 35.85], [130.21667, 35.76667], [129.83333, 35.33333], [129.35, 35.26667], [129.6, 35.85]]]}}, {"type": "Feature", "properties": {"id": "MOA 13W", "cls": "M", "name": "MOA 13W"}, "geometry": {"type": "Polygon", "coordinates": [[[128.83333, 35.73333], [129.5, 35.86667], [129.6, 35.85], [129.35, 35.26667], [129.11667, 35.23333], [128.83333, 35.73333]]]}}, {"type": "Feature", "properties": {"id": "MOA 14", "cls": "M", "name": "MOA 14"}, "geometry": {"type": "Polygon", "coordinates": [[[128.48333, 36.43333], [129.2, 36.03333], [129.05, 36.0], [128.53333, 36.0], [128.28333, 36.2], [128.48333, 36.43333]]]}}, {"type": "Feature", "properties": {"id": "MOA 15", "cls": "M", "name": "MOA 15"}, "geometry": {"type": "Polygon", "coordinates": [[[127.06667, 35.98333], [127.54444, 35.96667], [127.4, 35.23333], [126.98806, 35.31583], [127.06667, 35.98333]]]}}, {"type": "Feature", "properties": {"id": "MOA 15A", "cls": "M", "name": "MOA 15A"}, "geometry": {"type": "Polygon", "coordinates": [[[127.03333, 35.76667], [128.1, 35.73333], [126.98333, 35.31667], [127.03333, 35.76667]]]}}, {"type": "Feature", "properties": {"id": "MOA 16", "cls": "M", "name": "MOA 16"}, "geometry": {"type": "Polygon", "coordinates": [[[124.52556, 36.08194], [125.60111, 36.08361], [125.60194, 35.66667], [124.52722, 35.66583], [124.52556, 36.08194]]]}}, {"type": "Feature", "properties": {"id": "MOA 17", "cls": "M", "name": "MOA 17"}, "geometry": {"type": "Polygon", "coordinates": [[[125.60056, 36.28306], [126.41667, 36.28333], [126.41667, 35.66667], [125.60194, 35.66667], [125.60056, 36.28306]]]}}, {"type": "Feature", "properties": {"id": "MOA 18", "cls": "M", "name": "MOA 18"}, "geometry": {"type": "Polygon", "coordinates": [[[124.52722, 35.66583], [125.60194, 35.66667], [125.60278, 35.25028], [124.52889, 35.24917], [124.52722, 35.66583]]]}}, {"type": "Feature", "properties": {"id": "MOA 19H", "cls": "M", "name": "MOA 19H"}, "geometry": {"type": "Polygon", "coordinates": [[[125.60194, 35.66667], [126.65694, 35.66667], [126.61306, 35.25028], [125.60278, 35.25028], [125.60194, 35.66667]]]}}, {"type": "Feature", "properties": {"id": "MOA 19L", "cls": "M", "name": "MOA 19L"}, "geometry": {"type": "Polygon", "coordinates": [[[125.60194, 35.66667], [126.66667, 35.66667], [126.66667, 35.25], [125.60278, 35.25028], [125.60194, 35.66667]]]}}, {"type": "Feature", "properties": {"id": "MOA 20", "cls": "M", "name": "MOA 20"}, "geometry": {"type": "Polygon", "coordinates": [[[125.60278, 35.25028], [126.61306, 35.25028], [126.56917, 34.83361], [125.60333, 34.83333], [125.60278, 35.25028]]]}}, {"type": "Feature", "properties": {"id": "MOA 21", "cls": "M", "name": "MOA 21"}, "geometry": {"type": "Polygon", "coordinates": [[[125.60333, 34.83333], [126.56917, 34.83361], [126.52611, 34.41667], [125.60361, 34.41694], [125.60333, 34.83333]]]}}, {"type": "Feature", "properties": {"id": "MOA 22", "cls": "M", "name": "MOA 22"}, "geometry": {"type": "Polygon", "coordinates": [[[124.53056, 34.8325], [125.60333, 34.83333], [125.60361, 34.41694], [124.53194, 34.41583], [124.53056, 34.8325]]]}}, {"type": "Feature", "properties": {"id": "MOA 23", "cls": "M", "name": "MOA 23"}, "geometry": {"type": "Polygon", "coordinates": [[[124.53194, 34.41583], [125.60361, 34.41694], [125.60389, 34.0], [124.88389, 34.00028], [124.72361, 34.0], [124.53306, 34.045], [124.53194, 34.41583]]]}}, {"type": "Feature", "properties": {"id": "MOA 24", "cls": "M", "name": "MOA 24"}, "geometry": {"type": "Polygon", "coordinates": [[[125.60361, 34.41694], [126.52611, 34.41667], [126.48306, 34.0], [125.60389, 34.0], [125.60361, 34.41694]]]}}, {"type": "Feature", "properties": {"id": "MOA 25H", "cls": "M", "name": "MOA 25H"}, "geometry": {"type": "Polygon", "coordinates": [[[126.95333, 35.0], [127.30389, 35.0], [127.30361, 34.14639], [126.86083, 34.14639], [126.95333, 35.0]]]}}, {"type": "Feature", "properties": {"id": "MOA 25L", "cls": "M", "name": "MOA 25L"}, "geometry": {"type": "Polygon", "coordinates": [[[126.93333, 34.75], [127.28333, 34.75], [127.28333, 34.25], [126.88333, 34.25], [126.93333, 34.75]]]}}, {"type": "Feature", "properties": {"id": "MOA 26H", "cls": "M", "name": "MOA 26H"}, "geometry": {"type": "Polygon", "coordinates": [[[127.30389, 35.0], [128.375, 35.0], [128.35833, 34.825], [127.30361, 34.14639], [127.30389, 35.0]]]}}, {"type": "Feature", "properties": {"id": "MOA 26L", "cls": "M", "name": "MOA 26L"}, "geometry": {"type": "Polygon", "coordinates": [[[127.28333, 35.0], [128.375, 35.0], [128.35833, 34.825], [127.28333, 34.13333], [127.28333, 35.0]]]}}, {"type": "Feature", "properties": {"id": "MOA 27A", "cls": "M", "name": "MOA 27A"}, "geometry": {"type": "Polygon", "coordinates": [[[127.4, 35.23333], [128.43056, 35.62917], [128.39722, 35.25417], [127.4, 35.23333]]]}}, {"type": "Feature", "properties": {"id": "MOA 27N", "cls": "M", "name": "MOA 27N"}, "geometry": {"type": "Polygon", "coordinates": [[[127.54444, 35.96667], [128.25, 35.93333], [128.40278, 35.66111], [127.48056, 35.63611], [127.54444, 35.96667]]]}}, {"type": "Feature", "properties": {"id": "MOA 27S", "cls": "M", "name": "MOA 27S"}, "geometry": {"type": "Polygon", "coordinates": [[[127.48056, 35.63611], [128.40278, 35.66111], [128.43056, 35.62917], [128.39722, 35.25417], [127.4, 35.23333], [127.48056, 35.63611]]]}}, {"type": "Feature", "properties": {"id": "MOA 28", "cls": "M", "name": "MOA 28"}, "geometry": {"type": "Polygon", "coordinates": [[[128.0, 34.16139], [128.19083, 34.30028], [128.72417, 34.68444], [128.58722, 34.33667], [128.70694, 34.17139], [128.34472, 33.70528], [128.0, 33.66667], [128.0, 34.16139]]]}}, {"type": "Feature", "properties": {"id": "MOA 29", "cls": "M", "name": "MOA 29"}, "geometry": {"type": "Polygon", "coordinates": [[[127.35611, 33.68722], [128.0, 34.16139], [128.0, 33.66667], [127.46556, 33.605], [127.35611, 33.68722]]]}}, {"type": "Feature", "properties": {"id": "MOA 2H", "cls": "M", "name": "MOA 2H"}, "geometry": {"type": "Polygon", "coordinates": [[[127.11667, 36.58333], [127.36667, 36.58333], [127.50194, 36.49972], [127.36667, 35.96667], [127.06667, 35.98333], [127.08, 36.14333], [127.10694, 36.38389], [127.105, 36.44361], [127.11667, 36.58333]]]}}, {"type": "Feature", "properties": {"id": "MOA 2L", "cls": "M", "name": "MOA 2L"}, "geometry": {"type": "Polygon", "coordinates": [[[127.11667, 36.58333], [127.36667, 36.58333], [127.36667, 35.96667], [127.06667, 35.98333], [127.11667, 36.58333]]]}}, {"type": "Feature", "properties": {"id": "MOA 30H", "cls": "M", "name": "MOA 30H"}, "geometry": {"type": "Polygon", "coordinates": [[[127.78333, 37.98333], [128.2, 38.03333], [128.2, 37.75], [127.78333, 37.68333], [127.78333, 37.98333]]]}}, {"type": "Feature", "properties": {"id": "MOA 30L", "cls": "M", "name": "MOA 30L"}, "geometry": {"type": "Polygon", "coordinates": [[[127.78333, 37.98333], [128.2, 38.03333], [128.2, 37.75], [127.78333, 37.68333], [127.78333, 37.98333]]]}}, {"type": "Feature", "properties": {"id": "MOA 31H", "cls": "M", "name": "MOA 31H"}, "geometry": {"type": "Polygon", "coordinates": [[[128.2, 38.03333], [128.6, 38.06667], [128.6, 37.8], [128.2, 37.75], [128.2, 38.03333]]]}}, {"type": "Feature", "properties": {"id": "MOA 31L", "cls": "M", "name": "MOA 31L"}, "geometry": {"type": "Polygon", "coordinates": [[[128.2, 38.03333], [128.6, 38.06667], [128.6, 37.8], [128.2, 37.75], [128.2, 38.03333]]]}}, {"type": "Feature", "properties": {"id": "MOA 32", "cls": "M", "name": "MOA 32"}, "geometry": {"type": "Polygon", "coordinates": [[[129.63333, 37.55], [131.0, 37.51667], [131.0, 36.7], [129.55, 37.43333], [129.63333, 37.55]]]}}, {"type": "Feature", "properties": {"id": "MOA 33", "cls": "M", "name": "MOA 33"}, "geometry": {"type": "Polygon", "coordinates": [[[131.0, 37.51667], [132.0, 37.5], [132.58333, 37.28333], [131.21667, 36.58333], [131.0, 36.7], [131.0, 37.51667]]]}}, {"type": "Feature", "properties": {"id": "MOA 34", "cls": "M", "name": "MOA 34"}, "geometry": {"type": "Polygon", "coordinates": [[[125.41667, 34.58333], [125.83333, 34.58333], [125.83333, 34.83333], [125.41667, 34.83333], [125.41667, 34.58333]]]}}, {"type": "Feature", "properties": {"id": "MOA 35", "cls": "M", "name": "MOA 35"}, "geometry": {"type": "Polygon", "coordinates": [[[125.41667, 34.33333], [125.83333, 34.33333], [125.83333, 34.58333], [125.41667, 34.58333], [125.41667, 34.33333]]]}}, {"type": "Feature", "properties": {"id": "MOA 36", "cls": "M", "name": "MOA 36"}, "geometry": {"type": "Polygon", "coordinates": [[[125.0, 34.33333], [125.41667, 34.33333], [125.41667, 34.83333], [125.0, 34.83333], [125.0, 34.33333]]]}}, {"type": "Feature", "properties": {"id": "MOA 37", "cls": "M", "name": "MOA 37"}, "geometry": {"type": "Polygon", "coordinates": [[[129.5, 37.41667], [131.0, 37.41667], [131.0, 36.5], [130.58333, 36.25], [130.58333, 36.75], [129.5, 37.25], [129.5, 37.41667]]]}}, {"type": "Feature", "properties": {"id": "MOA 38", "cls": "M", "name": "MOA 38"}, "geometry": {"type": "Polygon", "coordinates": [[[131.0, 37.5], [132.0, 37.5], [132.0, 37.0], [131.0, 36.5], [131.0, 37.5]]]}}, {"type": "Feature", "properties": {"id": "MOA 39", "cls": "M", "name": "MOA 39"}, "geometry": {"type": "Polygon", "coordinates": [[[126.86667, 33.45], [127.25, 33.75], [127.53333, 33.55], [127.06667, 33.18333], [126.86667, 33.45]]]}}, {"type": "Feature", "properties": {"id": "MOA 3A", "cls": "M", "name": "MOA 3A"}, "geometry": {"type": "Polygon", "coordinates": [[[127.53333, 36.56667], [127.71667, 36.58333], [127.95, 36.38333], [127.85, 36.3], [127.61667, 36.45], [127.53333, 36.56667]]]}}, {"type": "Feature", "properties": {"id": "MOA 3H", "cls": "M", "name": "MOA 3H"}, "geometry": {"type": "Polygon", "coordinates": [[[127.50194, 36.49972], [127.71667, 36.36667], [128.25, 35.93333], [127.36667, 35.96667], [127.50194, 36.49972]]]}}, {"type": "Feature", "properties": {"id": "MOA 3L", "cls": "M", "name": "MOA 3L"}, "geometry": {"type": "Polygon", "coordinates": [[[127.36667, 36.26667], [127.71667, 36.36667], [128.25, 35.93333], [127.36667, 35.96667], [127.36667, 36.26667]]]}}, {"type": "Feature", "properties": {"id": "MOA 4", "cls": "M", "name": "MOA 4"}, "geometry": {"type": "Polygon", "coordinates": [[[127.66667, 36.75], [127.76667, 36.85], [128.23333, 36.58333], [128.08333, 36.45], [127.66667, 36.75]]]}}, {"type": "Feature", "properties": {"id": "MOA 40", "cls": "M", "name": "MOA 40"}, "geometry": {"type": "Polygon", "coordinates": [[[124.5, 34.33333], [126.0, 34.33333], [126.0, 33.75], [124.5, 33.75], [124.5, 34.33333]]]}}, {"type": "Feature", "properties": {"id": "MOA 41", "cls": "M", "name": "MOA 41"}, "geometry": {"type": "Polygon", "coordinates": [[[124.5, 33.75], [126.0, 33.75], [126.0, 33.16667], [124.5, 33.16667], [124.5, 33.75]]]}}, {"type": "Feature", "properties": {"id": "MOA 5", "cls": "M", "name": "MOA 5"}, "geometry": {"type": "Polygon", "coordinates": [[[127.96667, 37.45], [128.51667, 37.53333], [128.51667, 37.2], [127.98333, 37.1], [127.96667, 37.45]]]}}, {"type": "Feature", "properties": {"id": "MOA 6", "cls": "M", "name": "MOA 6"}, "geometry": {"type": "Polygon", "coordinates": [[[128.51667, 37.53333], [128.71667, 37.56667], [129.1, 37.38333], [129.05, 37.21667], [128.68333, 37.21667], [128.51667, 37.2], [128.51667, 37.53333]]]}}, {"type": "Feature", "properties": {"id": "MOA 7", "cls": "M", "name": "MOA 7"}, "geometry": {"type": "Polygon", "coordinates": [[[129.0, 38.26667], [129.85, 38.25], [129.85, 37.8], [129.0, 37.81667], [129.0, 38.26667]]]}}, {"type": "Feature", "properties": {"id": "MOA 74", "cls": "M", "name": "DONG-HAE-NAM-BU"}, "geometry": {"type": "Polygon", "coordinates": [[[130.0, 36.86667], [130.21667, 36.83333], [130.41667, 36.73333], [130.41667, 36.03333], [130.0, 36.03333], [130.0, 36.86667]]]}}, {"type": "Feature", "properties": {"id": "MOA 8", "cls": "M", "name": "MOA 8"}, "geometry": {"type": "Polygon", "coordinates": [[[129.05, 37.21667], [129.1, 37.38333], [130.0, 36.96667], [130.0, 36.83333], [129.25, 36.83333], [129.05, 36.91667], [129.05, 37.21667]]]}}, {"type": "Feature", "properties": {"id": "MOA 80", "cls": "M", "name": "SEO-HAE-JUNG-BU"}, "geometry": {"type": "Polygon", "coordinates": [[[124.83333, 36.53333], [125.6, 36.53333], [125.60111, 36.08361], [124.52556, 36.08194], [124.52389, 36.39889], [124.83333, 36.53333]]]}}, {"type": "Feature", "properties": {"id": "MOA 84", "cls": "M", "name": "SEO-HAE-NAM-BU"}, "geometry": {"type": "Polygon", "coordinates": [[[124.52889, 35.24917], [125.60278, 35.25028], [125.60333, 34.83333], [124.53056, 34.8325], [124.52889, 35.24917]]]}}, {"type": "Feature", "properties": {"id": "MOA 88", "cls": "M", "name": "SEO-HAE-BUK-BU"}, "geometry": {"type": "Polygon", "coordinates": [[[124.83333, 37.0225], [125.6, 37.03556], [125.6, 36.53333], [124.83333, 36.53333], [124.83333, 37.0225]]]}}, {"type": "Feature", "properties": {"id": "MOA 9E", "cls": "M", "name": "MOA 9E"}, "geometry": {"type": "Polygon", "coordinates": [[[129.53333, 36.83333], [130.0, 36.83333], [130.0, 36.5], [129.58333, 36.5], [129.53333, 36.83333]]]}}, {"type": "Feature", "properties": {"id": "MOA 9W", "cls": "M", "name": "MOA 9W"}, "geometry": {"type": "Polygon", "coordinates": [[[129.25, 36.83333], [129.53333, 36.83333], [129.58333, 36.5], [129.25, 36.5], [129.25, 36.83333]]]}}, {"type": "Feature", "properties": {"id": "R1", "cls": "R", "name": "YONGMUN"}, "geometry": {"type": "Polygon", "coordinates": [[[127.47036, 37.52056], [127.52061, 37.53669], [127.52975, 37.51169], [127.47033, 37.51169], [127.47036, 37.52056]]]}}, {"type": "Feature", "properties": {"id": "R10", "cls": "R", "name": "MAEBONG"}, "geometry": {"type": "Polygon", "coordinates": [[[127.68333, 37.63333], [127.73333, 37.65], [127.78333, 37.61667], [127.8, 37.53333], [127.68333, 37.53333], [127.68333, 37.63333]]]}}, {"type": "Feature", "properties": {"id": "R100", "cls": "R", "name": "NAMHYONGJEDO"}, "geometry": {"type": "Polygon", "coordinates": [[[128.95, 34.91666], [128.9553, 34.91638], [128.96052, 34.91553], [128.96555, 34.91413], [128.97032, 34.9122], [128.97474, 34.90978], [128.97873, 34.9069], [128.98224, 34.90362], [128.98519, 34.9], [128.98754, 34.89609], [128.98925, 34.89196], [128.99029, 34.88768], [128.99063, 34.88333], [128.99029, 34.87898], [128.98925, 34.8747], [128.98754, 34.87057], [128.98519, 34.86666], [128.98224, 34.86304], [128.97873, 34.85976], [128.97474, 34.85688], [128.97032, 34.85446], [128.96555, 34.85253], [128.96052, 34.85113], [128.9553, 34.85028], [128.95, 34.85], [128.9447, 34.85028], [128.93948, 34.85113], [128.93445, 34.85253], [128.92968, 34.85446], [128.92526, 34.85688], [128.92127, 34.85976], [128.91776, 34.86304], [128.91481, 34.86666], [128.91246, 34.87057], [128.91075, 34.8747], [128.90971, 34.87898], [128.90937, 34.88333], [128.90971, 34.88768], [128.91075, 34.89196], [128.91246, 34.89609], [128.91481, 34.9], [128.91776, 34.90362], [128.92127, 34.9069], [128.92526, 34.90978], [128.92968, 34.9122], [128.93445, 34.91413], [128.93948, 34.91553], [128.9447, 34.91638], [128.95, 34.91666]]]}}, {"type": "Feature", "properties": {"id": "R104", "cls": "R", "name": "MIYEODO"}, "geometry": {"type": "Polygon", "coordinates": [[[126.44056, 35.63083], [126.45393, 35.63012], [126.46707, 35.62799], [126.47975, 35.62449], [126.49177, 35.61967], [126.50291, 35.61361], [126.51298, 35.60643], [126.52182, 35.59823], [126.52926, 35.58917], [126.53518, 35.57939], [126.53949, 35.56907], [126.5421, 35.55838], [126.54298, 35.5475], [126.5421, 35.53662], [126.53949, 35.52593], [126.53518, 35.51561], [126.52926, 35.50583], [126.52182, 35.49677], [126.51298, 35.48857], [126.50291, 35.48139], [126.49177, 35.47533], [126.47975, 35.47051], [126.46707, 35.46701], [126.45393, 35.46488], [126.44056, 35.46417], [126.42719, 35.46488], [126.41405, 35.46701], [126.40137, 35.47051], [126.38935, 35.47533], [126.37821, 35.48139], [126.36814, 35.48857], [126.3593, 35.49677], [126.35186, 35.50583], [126.34594, 35.51561], [126.34163, 35.52593], [126.33902, 35.53662], [126.33814, 35.5475], [126.33902, 35.55838], [126.34163, 35.56907], [126.34594, 35.57939], [126.35186, 35.58917], [126.3593, 35.59823], [126.36814, 35.60643], [126.37821, 35.61361], [126.38935, 35.61967], [126.40137, 35.62449], [126.41405, 35.62799], [126.42719, 35.63012], [126.44056, 35.63083]]]}}, {"type": "Feature", "properties": {"id": "R105", "cls": "R", "name": "JIKDO"}, "geometry": {"type": "Polygon", "coordinates": [[[126.07667, 36.05723], [126.10352, 36.0558], [126.12992, 36.05155], [126.1554, 36.04454], [126.17953, 36.0349], [126.20191, 36.02279], [126.22214, 36.00841], [126.23988, 35.99202], [126.25483, 35.97389], [126.26674, 35.95434], [126.27539, 35.9337], [126.28064, 35.91231], [126.2824, 35.89056], [126.28064, 35.86881], [126.27539, 35.84742], [126.26674, 35.82678], [126.25483, 35.80723], [126.23988, 35.7891], [126.22214, 35.77271], [126.20191, 35.75833], [126.17953, 35.74622], [126.1554, 35.73658], [126.12992, 35.72957], [126.10352, 35.72532], [126.07667, 35.72389], [126.04982, 35.72532], [126.02342, 35.72957], [125.99794, 35.73658], [125.97381, 35.74622], [125.95143, 35.75833], [125.9312, 35.77271], [125.91346, 35.7891], [125.89851, 35.80723], [125.8866, 35.82678], [125.87795, 35.84742], [125.8727, 35.86881], [125.87094, 35.89056], [125.8727, 35.91231], [125.87795, 35.9337], [125.8866, 35.95434], [125.89851, 35.97389], [125.91346, 35.99202], [125.9312, 36.00841], [125.95143, 36.02279], [125.97381, 36.0349], [125.99794, 36.04454], [126.02342, 36.05155], [126.04982, 36.0558], [126.07667, 36.05723]]]}}, {"type": "Feature", "properties": {"id": "R108A", "cls": "R", "name": "ANHEUNG-A"}, "geometry": {"type": "Polygon", "coordinates": [[[126.15464, 36.67953], [126.19964, 36.67675], [126.23047, 36.55233], [126.15131, 36.54956], [126.15464, 36.67953]]]}}, {"type": "Feature", "properties": {"id": "R108B", "cls": "R", "name": "ANHEUNG-B"}, "geometry": {"type": "Polygon", "coordinates": [[[126.15464, 36.67953], [126.19964, 36.67675], [126.25047, 36.49039], [126.12464, 36.46956], [126.15464, 36.67953]]]}}, {"type": "Feature", "properties": {"id": "R108C", "cls": "R", "name": "ANHEUNG-C"}, "geometry": {"type": "Polygon", "coordinates": [[[126.17325, 36.67731], [126.29794, 36.56956], [126.05219, 34.97336], [125.71389, 35.02194], [125.81111, 35.57556], [125.84944, 35.67778], [125.84139, 35.75], [125.998, 36.63619], [126.17325, 36.67731]]]}}, {"type": "Feature", "properties": {"id": "R108D", "cls": "R", "name": "ANHEUNG-D"}, "geometry": {"type": "Polygon", "coordinates": [[[126.15464, 36.67953], [126.19797, 36.67675], [126.15214, 36.36125], [126.00633, 36.38625], [126.15464, 36.67953]]]}}, {"type": "Feature", "properties": {"id": "R108E", "cls": "R", "name": "ANHEUNG-E"}, "geometry": {"type": "Polygon", "coordinates": [[[126.16769, 36.67758], [126.19992, 36.68647], [126.26519, 36.61594], [126.26519, 36.56011], [126.22853, 36.55956], [126.16769, 36.67758]]]}}, {"type": "Feature", "properties": {"id": "R108F", "cls": "R", "name": "ANHEUNG-F"}, "geometry": {"type": "Polygon", "coordinates": [[[126.15464, 36.67953], [126.19797, 36.67675], [126.00911, 36.28875], [125.94383, 36.30292], [126.15464, 36.67953]]]}}, {"type": "Feature", "properties": {"id": "R110", "cls": "R", "name": "PILSEUNG"}, "geometry": {"type": "Polygon", "coordinates": [[[128.68333, 37.21667], [129.05, 37.21667], [129.05, 36.91667], [128.68333, 36.91667], [128.68333, 37.21667]]]}}, {"type": "Feature", "properties": {"id": "R111", "cls": "R", "name": "UNGCHON"}, "geometry": {"type": "Polygon", "coordinates": [[[126.41667, 36.23528], [126.64944, 36.24056], [126.65222, 36.15444], [126.63806, 36.10694], [126.42083, 36.10194], [126.41667, 36.23528]]]}}, {"type": "Feature", "properties": {"id": "R114", "cls": "R", "name": "BISEUNG"}, "geometry": {"type": "Polygon", "coordinates": [[[127.78528, 37.57222], [127.86167, 37.57222], [127.87556, 37.55972], [127.87, 37.53056], [127.82833, 37.51667], [127.80333, 37.53333], [127.78528, 37.57222]]]}}, {"type": "Feature", "properties": {"id": "R116", "cls": "R", "name": "DAECHONGDO"}, "geometry": {"type": "Polygon", "coordinates": [[[124.65917, 37.86528], [124.67018, 37.86471], [124.68101, 37.86301], [124.69146, 37.8602], [124.70136, 37.85635], [124.71053, 37.8515], [124.71883, 37.84575], [124.72611, 37.83919], [124.73224, 37.83194], [124.73712, 37.82412], [124.74067, 37.81586], [124.74282, 37.80731], [124.74354, 37.79861], [124.74282, 37.78991], [124.74067, 37.78136], [124.73712, 37.7731], [124.73224, 37.76528], [124.72611, 37.75803], [124.71883, 37.75147], [124.71053, 37.74572], [124.70136, 37.74087], [124.69146, 37.73702], [124.68101, 37.73421], [124.67018, 37.73251], [124.65917, 37.73194], [124.64816, 37.73251], [124.63733, 37.73421], [124.62688, 37.73702], [124.61698, 37.74087], [124.60781, 37.74572], [124.59951, 37.75147], [124.59223, 37.75803], [124.5861, 37.76528], [124.58122, 37.7731], [124.57767, 37.78136], [124.57552, 37.78991], [124.5748, 37.79861], [124.57552, 37.80731], [124.57767, 37.81586], [124.58122, 37.82412], [124.5861, 37.83194], [124.59223, 37.83919], [124.59951, 37.84575], [124.60781, 37.8515], [124.61698, 37.85635], [124.62688, 37.8602], [124.63733, 37.86301], [124.64816, 37.86471], [124.65917, 37.86528]]]}}, {"type": "Feature", "properties": {"id": "R117", "cls": "R", "name": "JAEUNDO"}, "geometry": {"type": "Polygon", "coordinates": [[[125.73333, 34.79166], [125.74656, 34.79095], [125.75957, 34.78882], [125.77212, 34.78532], [125.78402, 34.7805], [125.79504, 34.77444], [125.80501, 34.76726], [125.81375, 34.75906], [125.82112, 34.75], [125.82698, 34.74022], [125.83125, 34.7299], [125.83383, 34.71921], [125.8347, 34.70833], [125.83383, 34.69745], [125.83125, 34.68676], [125.82698, 34.67644], [125.82112, 34.66666], [125.81375, 34.6576], [125.80501, 34.6494], [125.79504, 34.64222], [125.78402, 34.63616], [125.77212, 34.63134], [125.75957, 34.62784], [125.74656, 34.62571], [125.73333, 34.625], [125.7201, 34.62571], [125.70709, 34.62784], [125.69454, 34.63134], [125.68264, 34.63616], [125.67162, 34.64222], [125.66165, 34.6494], [125.65291, 34.6576], [125.64554, 34.66666], [125.63968, 34.67644], [125.63541, 34.68676], [125.63283, 34.69745], [125.63196, 34.70833], [125.63283, 34.71921], [125.63541, 34.7299], [125.63968, 34.74022], [125.64554, 34.75], [125.65291, 34.75906], [125.66165, 34.76726], [125.67162, 34.77444], [125.68264, 34.7805], [125.69454, 34.78532], [125.70709, 34.78882], [125.7201, 34.79095], [125.73333, 34.79166]]]}}, {"type": "Feature", "properties": {"id": "R122", "cls": "R", "name": "CHEONDUKBONG"}, "geometry": {"type": "Polygon", "coordinates": [[[127.44478, 37.37086], [127.47311, 37.36725], [127.42867, 37.32197], [127.41256, 37.33475], [127.44478, 37.37086]]]}}, {"type": "Feature", "properties": {"id": "R124", "cls": "R", "name": "DEOKJUKDO"}, "geometry": {"type": "Polygon", "coordinates": [[[125.7, 37.1], [126.16667, 37.1], [125.95, 36.91667], [125.7, 36.91667], [125.7, 37.1]]]}}, {"type": "Feature", "properties": {"id": "R125", "cls": "R", "name": "HEUKSANDO"}, "geometry": {"type": "Polygon", "coordinates": [[[125.35, 34.63333], [125.36321, 34.63262], [125.37619, 34.63049], [125.38872, 34.62699], [125.40059, 34.62217], [125.41159, 34.61611], [125.42154, 34.60893], [125.43027, 34.60073], [125.43762, 34.59167], [125.44348, 34.58189], [125.44773, 34.57157], [125.45031, 34.56088], [125.45118, 34.55], [125.45031, 34.53912], [125.44773, 34.52843], [125.44348, 34.51811], [125.43762, 34.50833], [125.43027, 34.49927], [125.42154, 34.49107], [125.41159, 34.48389], [125.40059, 34.47783], [125.38872, 34.47301], [125.37619, 34.46951], [125.36321, 34.46738], [125.35, 34.46667], [125.33679, 34.46738], [125.32381, 34.46951], [125.31128, 34.47301], [125.29941, 34.47783], [125.28841, 34.48389], [125.27846, 34.49107], [125.26973, 34.49927], [125.26238, 34.50833], [125.25652, 34.51811], [125.25227, 34.52843], [125.24969, 34.53912], [125.24882, 34.55], [125.24969, 34.56088], [125.25227, 34.57157], [125.25652, 34.58189], [125.26238, 34.59167], [125.26973, 34.60073], [125.27846, 34.60893], [125.28841, 34.61611], [125.29941, 34.62217], [125.31128, 34.62699], [125.32381, 34.63049], [125.33679, 34.63262], [125.35, 34.63333]]]}}, {"type": "Feature", "properties": {"id": "R127", "cls": "R", "name": "BEOLGYO"}, "geometry": {"type": "Polygon", "coordinates": [[[127.30694, 34.90306], [127.30893, 34.90295], [127.31088, 34.90263], [127.31277, 34.90211], [127.31456, 34.90139], [127.31622, 34.90048], [127.31772, 34.8994], [127.31903, 34.89817], [127.32014, 34.89681], [127.32102, 34.89534], [127.32166, 34.8938], [127.32205, 34.89219], [127.32218, 34.89056], [127.32205, 34.88893], [127.32166, 34.88732], [127.32102, 34.88578], [127.32014, 34.88431], [127.31903, 34.88295], [127.31772, 34.88172], [127.31622, 34.88064], [127.31456, 34.87973], [127.31277, 34.87901], [127.31088, 34.87849], [127.30893, 34.87817], [127.30694, 34.87806], [127.30495, 34.87817], [127.303, 34.87849], [127.30111, 34.87901], [127.29932, 34.87973], [127.29766, 34.88064], [127.29616, 34.88172], [127.29485, 34.88295], [127.29374, 34.88431], [127.29286, 34.88578], [127.29222, 34.88732], [127.29183, 34.88893], [127.2917, 34.89056], [127.29183, 34.89219], [127.29222, 34.8938], [127.29286, 34.89534], [127.29374, 34.89681], [127.29485, 34.89817], [127.29616, 34.8994], [127.29766, 34.90048], [127.29932, 34.90139], [127.30111, 34.90211], [127.303, 34.90263], [127.30495, 34.90295], [127.30694, 34.90306]]]}}, {"type": "Feature", "properties": {"id": "R129", "cls": "R", "name": "SURYUNSAN"}, "geometry": {"type": "Polygon", "coordinates": [[[126.66861, 35.34972], [126.68861, 35.35667], [126.70917, 35.35139], [126.71111, 35.28028], [126.68889, 35.28889], [126.66861, 35.34972]]]}}, {"type": "Feature", "properties": {"id": "R132", "cls": "R", "name": "DAECHONGDO EAST"}, "geometry": {"type": "Polygon", "coordinates": [[[124.68333, 37.95], [124.73333, 37.95], [124.83333, 37.75], [124.78333, 37.75], [124.68333, 37.95]]]}}, {"type": "Feature", "properties": {"id": "R133", "cls": "R", "name": "CHOCHIDO"}, "geometry": {"type": "Polygon", "coordinates": [[[126.19306, 37.40555], [126.19853, 37.40527], [126.20392, 37.40442], [126.20911, 37.40302], [126.21403, 37.40109], [126.21859, 37.39867], [126.22272, 37.39579], [126.22634, 37.39251], [126.22938, 37.38889], [126.23181, 37.38498], [126.23357, 37.38085], [126.23465, 37.37657], [126.235, 37.37222], [126.23465, 37.36787], [126.23357, 37.36359], [126.23181, 37.35946], [126.22938, 37.35555], [126.22634, 37.35193], [126.22272, 37.34865], [126.21859, 37.34577], [126.21403, 37.34335], [126.20911, 37.34142], [126.20392, 37.34002], [126.19853, 37.33917], [126.19306, 37.33889], [126.18759, 37.33917], [126.1822, 37.34002], [126.17701, 37.34142], [126.17209, 37.34335], [126.16753, 37.34577], [126.1634, 37.34865], [126.15978, 37.35193], [126.15674, 37.35555], [126.15431, 37.35946], [126.15255, 37.36359], [126.15147, 37.36787], [126.15112, 37.37222], [126.15147, 37.37657], [126.15255, 37.38085], [126.15431, 37.38498], [126.15674, 37.38889], [126.15978, 37.39251], [126.1634, 37.39579], [126.16753, 37.39867], [126.17209, 37.40109], [126.17701, 37.40302], [126.1822, 37.40442], [126.18759, 37.40527], [126.19306, 37.40555]]]}}, {"type": "Feature", "properties": {"id": "R137", "cls": "R", "name": "WOODO"}, "geometry": {"type": "Polygon", "coordinates": [[[125.92417, 37.64083], [126.00583, 37.63972], [126.00528, 37.60639], [125.92333, 37.60611], [125.92417, 37.64083]]]}}, {"type": "Feature", "properties": {"id": "R138", "cls": "R", "name": "DAECHEON"}, "geometry": {"type": "Polygon", "coordinates": [[[126.53139, 36.34806], [126.53328, 36.34796], [126.53514, 36.34766], [126.53693, 36.34717], [126.53863, 36.34649], [126.54021, 36.34565], [126.54163, 36.34464], [126.54288, 36.34349], [126.54393, 36.34222], [126.54477, 36.34085], [126.54538, 36.33941], [126.54575, 36.33791], [126.54587, 36.33639], [126.54575, 36.33487], [126.54538, 36.33337], [126.54477, 36.33193], [126.54393, 36.33056], [126.54288, 36.32929], [126.54163, 36.32814], [126.54021, 36.32713], [126.53863, 36.32629], [126.53693, 36.32561], [126.53514, 36.32512], [126.53328, 36.32482], [126.53139, 36.32472], [126.5295, 36.32482], [126.52764, 36.32512], [126.52585, 36.32561], [126.52415, 36.32629], [126.52257, 36.32713], [126.52115, 36.32814], [126.5199, 36.32929], [126.51885, 36.33056], [126.51801, 36.33193], [126.5174, 36.33337], [126.51703, 36.33487], [126.51691, 36.33639], [126.51703, 36.33791], [126.5174, 36.33941], [126.51801, 36.34085], [126.51885, 36.34222], [126.5199, 36.34349], [126.52115, 36.34464], [126.52257, 36.34565], [126.52415, 36.34649], [126.52585, 36.34717], [126.52764, 36.34766], [126.5295, 36.34796], [126.53139, 36.34806]]]}}, {"type": "Feature", "properties": {"id": "R139", "cls": "R", "name": "JINCHEON"}, "geometry": {"type": "Polygon", "coordinates": [[[127.40694, 36.85223], [127.40884, 36.85213], [127.41071, 36.85183], [127.41252, 36.85134], [127.41423, 36.85066], [127.41581, 36.84982], [127.41725, 36.84881], [127.41851, 36.84766], [127.41956, 36.84639], [127.42041, 36.84502], [127.42102, 36.84358], [127.42139, 36.84208], [127.42152, 36.84056], [127.42139, 36.83904], [127.42102, 36.83754], [127.42041, 36.8361], [127.41956, 36.83473], [127.41851, 36.83346], [127.41725, 36.83231], [127.41581, 36.8313], [127.41423, 36.83046], [127.41252, 36.82978], [127.41071, 36.82929], [127.40884, 36.82899], [127.40694, 36.82889], [127.40504, 36.82899], [127.40317, 36.82929], [127.40136, 36.82978], [127.39965, 36.83046], [127.39807, 36.8313], [127.39663, 36.83231], [127.39537, 36.83346], [127.39432, 36.83473], [127.39347, 36.8361], [127.39286, 36.83754], [127.39249, 36.83904], [127.39236, 36.84056], [127.39249, 36.84208], [127.39286, 36.84358], [127.39347, 36.84502], [127.39432, 36.84639], [127.39537, 36.84766], [127.39663, 36.84881], [127.39807, 36.84982], [127.39965, 36.85066], [127.40136, 36.85134], [127.40317, 36.85183], [127.40504, 36.85213], [127.40694, 36.85223]]]}}, {"type": "Feature", "properties": {"id": "R14", "cls": "R", "name": "PYEONGDONG"}, "geometry": {"type": "Polygon", "coordinates": [[[126.7, 35.15], [126.73333, 35.15], [126.75744, 35.13795], [126.72954, 35.08845], [126.68333, 35.1], [126.68806, 35.12944], [126.68222, 35.135], [126.7, 35.15]]]}}, {"type": "Feature", "properties": {"id": "R142A", "cls": "R", "name": "POHANG KCG A"}, "geometry": {"type": "Polygon", "coordinates": [[[129.56667, 37.16666], [129.57213, 37.16638], [129.57749, 37.16553], [129.58267, 37.16413], [129.58758, 37.1622], [129.59212, 37.15978], [129.59624, 37.1569], [129.59984, 37.15362], [129.60288, 37.15], [129.6053, 37.14609], [129.60706, 37.14196], [129.60812, 37.13768], [129.60848, 37.13333], [129.60812, 37.12898], [129.60706, 37.1247], [129.6053, 37.12057], [129.60288, 37.11666], [129.59984, 37.11304], [129.59624, 37.10976], [129.59212, 37.10688], [129.58758, 37.10446], [129.58267, 37.10253], [129.57749, 37.10113], [129.57213, 37.10028], [129.56667, 37.1], [129.56121, 37.10028], [129.55585, 37.10113], [129.55067, 37.10253], [129.54576, 37.10446], [129.54122, 37.10688], [129.5371, 37.10976], [129.5335, 37.11304], [129.53046, 37.11666], [129.52804, 37.12057], [129.52628, 37.1247], [129.52522, 37.12898], [129.52486, 37.13333], [129.52522, 37.13768], [129.52628, 37.14196], [129.52804, 37.14609], [129.53046, 37.15], [129.5335, 37.15362], [129.5371, 37.1569], [129.54122, 37.15978], [129.54576, 37.1622], [129.55067, 37.16413], [129.55585, 37.16553], [129.56121, 37.16638], [129.56667, 37.16666]]]}}, {"type": "Feature", "properties": {"id": "R144", "cls": "R", "name": "TONGYEONG KCG"}, "geometry": {"type": "Polygon", "coordinates": [[[128.43333, 34.71667], [128.44391, 34.7161], [128.4543, 34.7144], [128.46434, 34.71159], [128.47385, 34.70774], [128.48266, 34.70289], [128.49063, 34.69714], [128.49762, 34.69058], [128.50351, 34.68333], [128.5082, 34.67551], [128.51161, 34.66725], [128.51368, 34.6587], [128.51437, 34.65], [128.51368, 34.6413], [128.51161, 34.63275], [128.5082, 34.62449], [128.50351, 34.61667], [128.49762, 34.60942], [128.49063, 34.60286], [128.48266, 34.59711], [128.47385, 34.59226], [128.46434, 34.58841], [128.4543, 34.5856], [128.44391, 34.5839], [128.43333, 34.58333], [128.42275, 34.5839], [128.41236, 34.5856], [128.40232, 34.58841], [128.39281, 34.59226], [128.384, 34.59711], [128.37603, 34.60286], [128.36904, 34.60942], [128.36315, 34.61667], [128.35846, 34.62449], [128.35505, 34.63275], [128.35298, 34.6413], [128.35229, 34.65], [128.35298, 34.6587], [128.35505, 34.66725], [128.35846, 34.67551], [128.36315, 34.68333], [128.36904, 34.69058], [128.37603, 34.69714], [128.384, 34.70289], [128.39281, 34.70774], [128.40232, 34.71159], [128.41236, 34.7144], [128.42275, 34.7161], [128.43333, 34.71667]]]}}, {"type": "Feature", "properties": {"id": "R145", "cls": "R", "name": "YEOSU KCG"}, "geometry": {"type": "Polygon", "coordinates": [[[128.08111, 34.58222], [128.09431, 34.58151], [128.10728, 34.57938], [128.11981, 34.57588], [128.13167, 34.57106], [128.14267, 34.565], [128.15261, 34.55782], [128.16133, 34.54962], [128.16868, 34.54056], [128.17453, 34.53078], [128.17878, 34.52046], [128.18136, 34.50977], [128.18223, 34.49889], [128.18136, 34.48801], [128.17878, 34.47732], [128.17453, 34.467], [128.16868, 34.45722], [128.16133, 34.44816], [128.15261, 34.43996], [128.14267, 34.43278], [128.13167, 34.42672], [128.11981, 34.4219], [128.10728, 34.4184], [128.09431, 34.41627], [128.08111, 34.41556], [128.06791, 34.41627], [128.05494, 34.4184], [128.04241, 34.4219], [128.03055, 34.42672], [128.01955, 34.43278], [128.00961, 34.43996], [128.00089, 34.44816], [127.99354, 34.45722], [127.98769, 34.467], [127.98344, 34.47732], [127.98086, 34.48801], [127.97999, 34.49889], [127.98086, 34.50977], [127.98344, 34.52046], [127.98769, 34.53078], [127.99354, 34.54056], [128.00089, 34.54962], [128.00961, 34.55782], [128.01955, 34.565], [128.03055, 34.57106], [128.04241, 34.57588], [128.05494, 34.57938], [128.06791, 34.58151], [128.08111, 34.58222]]]}}, {"type": "Feature", "properties": {"id": "R146", "cls": "R", "name": "WANDO KCG"}, "geometry": {"type": "Polygon", "coordinates": [[[126.86472, 34.15305], [126.87785, 34.15234], [126.89076, 34.15021], [126.90322, 34.14671], [126.91502, 34.14189], [126.92596, 34.13583], [126.93586, 34.12865], [126.94453, 34.12045], [126.95184, 34.11139], [126.95766, 34.10161], [126.96189, 34.09129], [126.96446, 34.0806], [126.96532, 34.06972], [126.96446, 34.05884], [126.96189, 34.04815], [126.95766, 34.03783], [126.95184, 34.02805], [126.94453, 34.01899], [126.93586, 34.01079], [126.92596, 34.00361], [126.91502, 33.99755], [126.90322, 33.99273], [126.89076, 33.98923], [126.87785, 33.9871], [126.86472, 33.98639], [126.85159, 33.9871], [126.83868, 33.98923], [126.82622, 33.99273], [126.81442, 33.99755], [126.80348, 34.00361], [126.79358, 34.01079], [126.78491, 34.01899], [126.7776, 34.02805], [126.77178, 34.03783], [126.76755, 34.04815], [126.76498, 34.05884], [126.76412, 34.06972], [126.76498, 34.0806], [126.76755, 34.09129], [126.77178, 34.10161], [126.7776, 34.11139], [126.78491, 34.12045], [126.79358, 34.12865], [126.80348, 34.13583], [126.81442, 34.14189], [126.82622, 34.14671], [126.83868, 34.15021], [126.85159, 34.15234], [126.86472, 34.15305]]]}}, {"type": "Feature", "properties": {"id": "R148A", "cls": "R", "name": "MOKPO KCG A"}, "geometry": {"type": "Polygon", "coordinates": [[[126.22333, 34.80111], [126.22995, 34.80075], [126.23646, 34.79969], [126.24274, 34.79793], [126.24869, 34.79552], [126.2542, 34.7925], [126.25919, 34.7889], [126.26357, 34.78481], [126.26725, 34.78027], [126.27019, 34.77539], [126.27232, 34.77022], [126.27361, 34.76488], [126.27405, 34.75944], [126.27361, 34.754], [126.27232, 34.74866], [126.27019, 34.74349], [126.26725, 34.73861], [126.26357, 34.73407], [126.25919, 34.72998], [126.2542, 34.72638], [126.24869, 34.72336], [126.24274, 34.72095], [126.23646, 34.71919], [126.22995, 34.71813], [126.22333, 34.71777], [126.21671, 34.71813], [126.2102, 34.71919], [126.20392, 34.72095], [126.19797, 34.72336], [126.19246, 34.72638], [126.18747, 34.72998], [126.18309, 34.73407], [126.17941, 34.73861], [126.17647, 34.74349], [126.17434, 34.74866], [126.17305, 34.754], [126.17261, 34.75944], [126.17305, 34.76488], [126.17434, 34.77022], [126.17647, 34.77539], [126.17941, 34.78027], [126.18309, 34.78481], [126.18747, 34.7889], [126.19246, 34.7925], [126.19797, 34.79552], [126.20392, 34.79793], [126.2102, 34.79969], [126.21671, 34.80075], [126.22333, 34.80111]]]}}, {"type": "Feature", "properties": {"id": "R148B", "cls": "R", "name": "MOKPO KCG B"}, "geometry": {"type": "Polygon", "coordinates": [[[125.91472, 34.48639], [125.92527, 34.48582], [125.93564, 34.48412], [125.94565, 34.48131], [125.95513, 34.47746], [125.96392, 34.47261], [125.97187, 34.46686], [125.97884, 34.4603], [125.98471, 34.45305], [125.98938, 34.44523], [125.99278, 34.43697], [125.99484, 34.42842], [125.99554, 34.41972], [125.99484, 34.41102], [125.99278, 34.40247], [125.98938, 34.39421], [125.98471, 34.38639], [125.97884, 34.37914], [125.97187, 34.37258], [125.96392, 34.36683], [125.95513, 34.36198], [125.94565, 34.35813], [125.93564, 34.35532], [125.92527, 34.35362], [125.91472, 34.35305], [125.90417, 34.35362], [125.8938, 34.35532], [125.88379, 34.35813], [125.87431, 34.36198], [125.86552, 34.36683], [125.85757, 34.37258], [125.8506, 34.37914], [125.84473, 34.38639], [125.84006, 34.39421], [125.83666, 34.40247], [125.8346, 34.41102], [125.8339, 34.41972], [125.8346, 34.42842], [125.83666, 34.43697], [125.84006, 34.44523], [125.84473, 34.45305], [125.8506, 34.4603], [125.85757, 34.46686], [125.86552, 34.47261], [125.87431, 34.47746], [125.88379, 34.48131], [125.8938, 34.48412], [125.90417, 34.48582], [125.91472, 34.48639]]]}}, {"type": "Feature", "properties": {"id": "R149", "cls": "R", "name": "JEJU KCG"}, "geometry": {"type": "Polygon", "coordinates": [[[126.21667, 33.82916], [126.22975, 33.82845], [126.24261, 33.82632], [126.25502, 33.82282], [126.26678, 33.818], [126.27768, 33.81194], [126.28754, 33.80476], [126.29618, 33.79656], [126.30346, 33.7875], [126.30926, 33.77772], [126.31347, 33.7674], [126.31603, 33.75671], [126.31689, 33.74583], [126.31603, 33.73495], [126.31347, 33.72426], [126.30926, 33.71394], [126.30346, 33.70416], [126.29618, 33.6951], [126.28754, 33.6869], [126.27768, 33.67972], [126.26678, 33.67366], [126.25502, 33.66884], [126.24261, 33.66534], [126.22975, 33.66321], [126.21667, 33.6625], [126.20359, 33.66321], [126.19073, 33.66534], [126.17832, 33.66884], [126.16656, 33.67366], [126.15566, 33.67972], [126.1458, 33.6869], [126.13716, 33.6951], [126.12988, 33.70416], [126.12408, 33.71394], [126.11987, 33.72426], [126.11731, 33.73495], [126.11645, 33.74583], [126.11731, 33.75671], [126.11987, 33.7674], [126.12408, 33.77772], [126.12988, 33.7875], [126.13716, 33.79656], [126.1458, 33.80476], [126.15566, 33.81194], [126.16656, 33.818], [126.17832, 33.82282], [126.19073, 33.82632], [126.20359, 33.82845], [126.21667, 33.82916]]]}}, {"type": "Feature", "properties": {"id": "R151A", "cls": "R", "name": "GUNSAN"}, "geometry": {"type": "Polygon", "coordinates": [[[126.31389, 35.83333], [126.33333, 35.83333], [126.33333, 35.75], [126.25, 35.75], [126.31389, 35.83333]]]}}, {"type": "Feature", "properties": {"id": "R152", "cls": "R", "name": "GOESAN"}, "geometry": {"type": "Polygon", "coordinates": [[[127.80528, 36.90694], [127.81072, 36.90666], [127.81606, 36.90581], [127.82123, 36.90441], [127.82611, 36.90248], [127.83065, 36.90006], [127.83474, 36.89718], [127.83834, 36.8939], [127.84137, 36.89028], [127.84378, 36.88637], [127.84553, 36.88224], [127.84659, 36.87796], [127.84695, 36.87361], [127.84659, 36.86926], [127.84553, 36.86498], [127.84378, 36.86085], [127.84137, 36.85694], [127.83834, 36.85332], [127.83474, 36.85004], [127.83065, 36.84716], [127.82611, 36.84474], [127.82123, 36.84281], [127.81606, 36.84141], [127.81072, 36.84056], [127.80528, 36.84028], [127.79984, 36.84056], [127.7945, 36.84141], [127.78933, 36.84281], [127.78445, 36.84474], [127.77991, 36.84716], [127.77582, 36.85004], [127.77222, 36.85332], [127.76919, 36.85694], [127.76678, 36.86085], [127.76503, 36.86498], [127.76397, 36.86926], [127.76361, 36.87361], [127.76397, 36.87796], [127.76503, 36.88224], [127.76678, 36.88637], [127.76919, 36.89028], [127.77222, 36.8939], [127.77582, 36.89718], [127.77991, 36.90006], [127.78445, 36.90248], [127.78933, 36.90441], [127.7945, 36.90581], [127.79984, 36.90666], [127.80528, 36.90694]]]}}, {"type": "Feature", "properties": {"id": "R154", "cls": "R", "name": "YEONPYONGDO NAMBU"}, "geometry": {"type": "Polygon", "coordinates": [[[125.72, 37.69611], [125.70083, 37.65917], [125.90333, 37.58806], [125.91944, 37.62972], [125.72, 37.69611]]]}}, {"type": "Feature", "properties": {"id": "R155A", "cls": "R", "name": "SEONGJU"}, "geometry": {"type": "Polygon", "coordinates": [[[128.22583, 36.07028], [128.22987, 36.07007], [128.23383, 36.06943], [128.23766, 36.06838], [128.24129, 36.06693], [128.24465, 36.06511], [128.24769, 36.06296], [128.25036, 36.0605], [128.25261, 36.05778], [128.2544, 36.05485], [128.2557, 36.05175], [128.25648, 36.04854], [128.25675, 36.04528], [128.25648, 36.04202], [128.2557, 36.03881], [128.2544, 36.03571], [128.25261, 36.03278], [128.25036, 36.03006], [128.24769, 36.0276], [128.24465, 36.02545], [128.24129, 36.02363], [128.23766, 36.02218], [128.23383, 36.02113], [128.22987, 36.02049], [128.22583, 36.02028], [128.22179, 36.02049], [128.21783, 36.02113], [128.214, 36.02218], [128.21037, 36.02363], [128.20701, 36.02545], [128.20397, 36.0276], [128.2013, 36.03006], [128.19905, 36.03278], [128.19726, 36.03571], [128.19596, 36.03881], [128.19518, 36.04202], [128.19491, 36.04528], [128.19518, 36.04854], [128.19596, 36.05175], [128.19726, 36.05485], [128.19905, 36.05778], [128.2013, 36.0605], [128.20397, 36.06296], [128.20701, 36.06511], [128.21037, 36.06693], [128.214, 36.06838], [128.21783, 36.06943], [128.22179, 36.07007], [128.22583, 36.07028]]]}}, {"type": "Feature", "properties": {"id": "R155B", "cls": "R", "name": "SEONGJU"}, "geometry": {"type": "Polygon", "coordinates": [[[128.17139, 36.02167], [128.16799, 36.0276], [128.16563, 36.03386], [128.1643, 36.04031], [128.16402, 36.04684], [128.1648, 36.05335], [128.16663, 36.05973], [128.16947, 36.06585], [128.17327, 36.07162], [128.17797, 36.07694], [128.18349, 36.08172], [128.18974, 36.08588], [128.1966, 36.08934], [128.20397, 36.09205], [128.2117, 36.09396], [128.21968, 36.09503], [128.22777, 36.09526], [128.23582, 36.09462], [128.2437, 36.09315], [128.25127, 36.09085], [128.25841, 36.08778], [128.26499, 36.08397], [128.27091, 36.07951], [128.27605, 36.07446], [128.28028, 36.06889], [128.17139, 36.02167]]]}}, {"type": "Feature", "properties": {"id": "R157", "cls": "R", "name": "JANGSAN"}, "geometry": {"type": "Polygon", "coordinates": [[[129.15083, 35.21223], [129.15269, 35.21213], [129.15453, 35.21183], [129.15629, 35.21134], [129.15797, 35.21066], [129.15952, 35.20982], [129.16093, 35.20881], [129.16216, 35.20766], [129.16319, 35.20639], [129.16402, 35.20502], [129.16462, 35.20358], [129.16499, 35.20208], [129.16511, 35.20056], [129.16499, 35.19904], [129.16462, 35.19754], [129.16402, 35.1961], [129.16319, 35.19473], [129.16216, 35.19346], [129.16093, 35.19231], [129.15952, 35.1913], [129.15797, 35.19046], [129.15629, 35.18978], [129.15453, 35.18929], [129.15269, 35.18899], [129.15083, 35.18889], [129.14897, 35.18899], [129.14713, 35.18929], [129.14537, 35.18978], [129.14369, 35.19046], [129.14214, 35.1913], [129.14073, 35.19231], [129.1395, 35.19346], [129.13847, 35.19473], [129.13764, 35.1961], [129.13704, 35.19754], [129.13667, 35.19904], [129.13655, 35.20056], [129.13667, 35.20208], [129.13704, 35.20358], [129.13764, 35.20502], [129.13847, 35.20639], [129.1395, 35.20766], [129.14073, 35.20881], [129.14214, 35.20982], [129.14369, 35.21066], [129.14537, 35.21134], [129.14713, 35.21183], [129.14897, 35.21213], [129.15083, 35.21223]]]}}, {"type": "Feature", "properties": {"id": "R158", "cls": "R", "name": "JONJAE"}, "geometry": {"type": "Polygon", "coordinates": [[[127.22972, 34.86611], [127.23158, 34.86601], [127.2334, 34.86571], [127.23516, 34.86522], [127.23683, 34.86454], [127.23837, 34.8637], [127.23977, 34.86269], [127.241, 34.86154], [127.24203, 34.86027], [127.24285, 34.8589], [127.24345, 34.85746], [127.24382, 34.85596], [127.24394, 34.85444], [127.24382, 34.85292], [127.24345, 34.85142], [127.24285, 34.84998], [127.24203, 34.84861], [127.241, 34.84734], [127.23977, 34.84619], [127.23837, 34.84518], [127.23683, 34.84434], [127.23516, 34.84366], [127.2334, 34.84317], [127.23158, 34.84287], [127.22972, 34.84277], [127.22786, 34.84287], [127.22604, 34.84317], [127.22428, 34.84366], [127.22261, 34.84434], [127.22107, 34.84518], [127.21967, 34.84619], [127.21844, 34.84734], [127.21741, 34.84861], [127.21659, 34.84998], [127.21599, 34.85142], [127.21562, 34.85292], [127.2155, 34.85444], [127.21562, 34.85596], [127.21599, 34.85746], [127.21659, 34.8589], [127.21741, 34.86027], [127.21844, 34.86154], [127.21967, 34.86269], [127.22107, 34.8637], [127.22261, 34.86454], [127.22428, 34.86522], [127.22604, 34.86571], [127.22786, 34.86601], [127.22972, 34.86611]]]}}, {"type": "Feature", "properties": {"id": "R17", "cls": "R", "name": "YEOJU"}, "geometry": {"type": "Polygon", "coordinates": [[[127.59778, 37.41944], [127.61146, 37.41873], [127.62491, 37.4166], [127.63789, 37.4131], [127.65018, 37.40828], [127.66158, 37.40222], [127.67189, 37.39504], [127.68093, 37.38684], [127.68855, 37.37778], [127.69461, 37.368], [127.69902, 37.35768], [127.70169, 37.34699], [127.70259, 37.33611], [127.70169, 37.32523], [127.69902, 37.31454], [127.69461, 37.30422], [127.68855, 37.29444], [127.68093, 37.28538], [127.67189, 37.27718], [127.66158, 37.27], [127.65018, 37.26394], [127.63789, 37.25912], [127.62491, 37.25562], [127.61146, 37.25349], [127.59778, 37.25278], [127.5841, 37.25349], [127.57065, 37.25562], [127.55767, 37.25912], [127.54538, 37.26394], [127.53398, 37.27], [127.52367, 37.27718], [127.51463, 37.28538], [127.50701, 37.29444], [127.50095, 37.30422], [127.49654, 37.31454], [127.49387, 37.32523], [127.49297, 37.33611], [127.49387, 37.34699], [127.49654, 37.35768], [127.50095, 37.368], [127.50701, 37.37778], [127.51463, 37.38684], [127.52367, 37.39504], [127.53398, 37.40222], [127.54538, 37.40828], [127.55767, 37.4131], [127.57065, 37.4166], [127.5841, 37.41873], [127.59778, 37.41944]]]}}, {"type": "Feature", "properties": {"id": "R19", "cls": "R", "name": "JOCHIWON"}, "geometry": {"type": "Polygon", "coordinates": [[[127.22444, 36.64444], [127.22986, 36.64416], [127.23519, 36.64331], [127.24033, 36.64191], [127.2452, 36.63998], [127.24972, 36.63756], [127.2538, 36.63468], [127.25739, 36.6314], [127.2604, 36.62778], [127.26281, 36.62387], [127.26455, 36.61974], [127.26561, 36.61546], [127.26597, 36.61111], [127.26561, 36.60676], [127.26455, 36.60248], [127.26281, 36.59835], [127.2604, 36.59444], [127.25739, 36.59082], [127.2538, 36.58754], [127.24972, 36.58466], [127.2452, 36.58224], [127.24033, 36.58031], [127.23519, 36.57891], [127.22986, 36.57806], [127.22444, 36.57778], [127.21902, 36.57806], [127.21369, 36.57891], [127.20855, 36.58031], [127.20368, 36.58224], [127.19916, 36.58466], [127.19508, 36.58754], [127.19149, 36.59082], [127.18848, 36.59444], [127.18607, 36.59835], [127.18433, 36.60248], [127.18327, 36.60676], [127.18291, 36.61111], [127.18327, 36.61546], [127.18433, 36.61974], [127.18607, 36.62387], [127.18848, 36.62778], [127.19149, 36.6314], [127.19508, 36.63468], [127.19916, 36.63756], [127.20368, 36.63998], [127.20855, 36.64191], [127.21369, 36.64331], [127.21902, 36.64416], [127.22444, 36.64444]]]}}, {"type": "Feature", "properties": {"id": "R20", "cls": "R", "name": "BOEUN"}, "geometry": {"type": "Polygon", "coordinates": [[[127.78333, 36.51], [127.78874, 36.50972], [127.79406, 36.50887], [127.79919, 36.50747], [127.80406, 36.50554], [127.80857, 36.50312], [127.81264, 36.50024], [127.81622, 36.49696], [127.81923, 36.49334], [127.82163, 36.48943], [127.82337, 36.4853], [127.82443, 36.48102], [127.82478, 36.47667], [127.82443, 36.47232], [127.82337, 36.46804], [127.82163, 36.46391], [127.81923, 36.46], [127.81622, 36.45638], [127.81264, 36.4531], [127.80857, 36.45022], [127.80406, 36.4478], [127.79919, 36.44587], [127.79406, 36.44447], [127.78874, 36.44362], [127.78333, 36.44334], [127.77792, 36.44362], [127.7726, 36.44447], [127.76747, 36.44587], [127.7626, 36.4478], [127.75809, 36.45022], [127.75402, 36.4531], [127.75044, 36.45638], [127.74743, 36.46], [127.74503, 36.46391], [127.74329, 36.46804], [127.74223, 36.47232], [127.74188, 36.47667], [127.74223, 36.48102], [127.74329, 36.4853], [127.74503, 36.48943], [127.74743, 36.49334], [127.75044, 36.49696], [127.75402, 36.50024], [127.75809, 36.50312], [127.7626, 36.50554], [127.76747, 36.50747], [127.7726, 36.50887], [127.77792, 36.50972], [127.78333, 36.51]]]}}, {"type": "Feature", "properties": {"id": "R21", "cls": "R", "name": "EONYANG circle radius 2 NM centered on"}, "geometry": {"type": "Polygon", "coordinates": [[[129.075, 35.555], [129.08035, 35.55472], [129.0856, 35.55387], [129.09067, 35.55247], [129.09548, 35.55054], [129.09993, 35.54812], [129.10396, 35.54524], [129.10749, 35.54196], [129.11047, 35.53834], [129.11284, 35.53443], [129.11456, 35.5303], [129.1156, 35.52602], [129.11596, 35.52167], [129.1156, 35.51732], [129.11456, 35.51304], [129.11284, 35.50891], [129.11047, 35.505], [129.10749, 35.50138], [129.10396, 35.4981], [129.09993, 35.49522], [129.09548, 35.4928], [129.09067, 35.49087], [129.0856, 35.48947], [129.08035, 35.48862], [129.075, 35.48834], [129.06965, 35.48862], [129.0644, 35.48947], [129.05933, 35.49087], [129.05452, 35.4928], [129.05007, 35.49522], [129.04604, 35.4981], [129.04251, 35.50138], [129.03953, 35.505], [129.03716, 35.50891], [129.03544, 35.51304], [129.0344, 35.51732], [129.03404, 35.52167], [129.0344, 35.52602], [129.03544, 35.5303], [129.03716, 35.53443], [129.03953, 35.53834], [129.04251, 35.54196], [129.04604, 35.54524], [129.05007, 35.54812], [129.05452, 35.55054], [129.05933, 35.55247], [129.0644, 35.55387], [129.06965, 35.55472], [129.075, 35.555]]]}}, {"type": "Feature", "properties": {"id": "R35", "cls": "R", "name": "MAESANRI"}, "geometry": {"type": "Polygon", "coordinates": [[[127.25639, 37.39389], [127.26186, 37.39361], [127.26724, 37.39276], [127.27244, 37.39136], [127.27736, 37.38943], [127.28192, 37.38701], [127.28604, 37.38413], [127.28966, 37.38085], [127.29271, 37.37723], [127.29514, 37.37332], [127.2969, 37.36919], [127.29797, 37.36491], [127.29833, 37.36056], [127.29797, 37.35621], [127.2969, 37.35193], [127.29514, 37.3478], [127.29271, 37.34389], [127.28966, 37.34027], [127.28604, 37.33699], [127.28192, 37.33411], [127.27736, 37.33169], [127.27244, 37.32976], [127.26724, 37.32836], [127.26186, 37.32751], [127.25639, 37.32723], [127.25092, 37.32751], [127.24554, 37.32836], [127.24034, 37.32976], [127.23542, 37.33169], [127.23086, 37.33411], [127.22674, 37.33699], [127.22312, 37.34027], [127.22007, 37.34389], [127.21764, 37.3478], [127.21588, 37.35193], [127.21481, 37.35621], [127.21445, 37.36056], [127.21481, 37.36491], [127.21588, 37.36919], [127.21764, 37.37332], [127.22007, 37.37723], [127.22312, 37.38085], [127.22674, 37.38413], [127.23086, 37.38701], [127.23542, 37.38943], [127.24034, 37.39136], [127.24554, 37.39276], [127.25092, 37.39361], [127.25639, 37.39389]]]}}, {"type": "Feature", "properties": {"id": "R75", "cls": "R", "name": "CAPITAL"}, "geometry": {"type": "Polygon", "coordinates": [[[126.80667, 37.66361], [126.80361, 37.63111], [126.79833, 37.61694], [126.80472, 37.59167], [126.80667, 37.56917], [126.95611, 37.44806], [127.06056, 37.44806], [127.11306, 37.5425], [127.15833, 37.57972], [127.14167, 37.61556], [127.13333, 37.64083], [127.08694, 37.67583], [127.05472, 37.69333], [127.02778, 37.7], [126.88306, 37.63278], [126.80667, 37.66361]]]}}, {"type": "Feature", "properties": {"id": "R77", "cls": "R", "name": "MACHAJIN"}, "geometry": {"type": "Polygon", "coordinates": [[[128.4, 38.55], [128.51667, 38.56667], [128.53333, 38.53333], [128.51667, 38.5], [128.4, 38.51667], [128.4, 38.55]]]}}, {"type": "Feature", "properties": {"id": "R81", "cls": "R", "name": "NAKDONG"}, "geometry": {"type": "Polygon", "coordinates": [[[128.28083, 36.48611], [128.29434, 36.4854], [128.30763, 36.48327], [128.32045, 36.47977], [128.3326, 36.47495], [128.34386, 36.46889], [128.35404, 36.46171], [128.36297, 36.45351], [128.3705, 36.44445], [128.37649, 36.43467], [128.38084, 36.42435], [128.38348, 36.41366], [128.38437, 36.40278], [128.38348, 36.3919], [128.38084, 36.38121], [128.37649, 36.37089], [128.3705, 36.36111], [128.36297, 36.35205], [128.35404, 36.34385], [128.34386, 36.33667], [128.3326, 36.33061], [128.32045, 36.32579], [128.30763, 36.32229], [128.29434, 36.32016], [128.28083, 36.31945], [128.26732, 36.32016], [128.25403, 36.32229], [128.24121, 36.32579], [128.22906, 36.33061], [128.2178, 36.33667], [128.20762, 36.34385], [128.19869, 36.35205], [128.19116, 36.36111], [128.18517, 36.37089], [128.18082, 36.38121], [128.17818, 36.3919], [128.17729, 36.40278], [128.17818, 36.41366], [128.18082, 36.42435], [128.18517, 36.43467], [128.19116, 36.44445], [128.19869, 36.45351], [128.20762, 36.46171], [128.2178, 36.46889], [128.22906, 36.47495], [128.24121, 36.47977], [128.25403, 36.48327], [128.26732, 36.4854], [128.28083, 36.48611]]]}}, {"type": "Feature", "properties": {"id": "R89", "cls": "R", "name": "OCHON"}, "geometry": {"type": "Polygon", "coordinates": [[[129.34769, 35.93636], [129.39769, 35.95303], [129.43103, 35.95303], [129.33103, 35.86969], [129.34769, 35.93636]]]}}, {"type": "Feature", "properties": {"id": "R90A", "cls": "R", "name": "SUSONG-A"}, "geometry": {"type": "Polygon", "coordinates": [[[129.42989, 35.92692], [129.45489, 35.92275], [129.52128, 35.89053], [129.51711, 35.88636], [129.47408, 35.89469], [129.44297, 35.89192], [129.42989, 35.92692]]]}}, {"type": "Feature", "properties": {"id": "R90B", "cls": "R", "name": "SUSONG-B"}, "geometry": {"type": "Polygon", "coordinates": [[[129.44297, 35.89192], [129.47408, 35.89469], [129.51711, 35.88636], [129.496, 35.84358], [129.46267, 35.83692], [129.44297, 35.89192]]]}}, {"type": "Feature", "properties": {"id": "R97A", "cls": "R", "name": "CHEOLMAE-A"}, "geometry": {"type": "Polygon", "coordinates": [[[126.51667, 36.33333], [126.58333, 36.3], [126.4, 36.03333], [126.18333, 36.21667], [126.51667, 36.33333]]]}}, {"type": "Feature", "properties": {"id": "R97B", "cls": "R", "name": "CHEOLMAE-B"}, "geometry": {"type": "Polygon", "coordinates": [[[125.95, 36.33333], [126.16667, 36.33333], [126.24528, 36.36889], [126.50222, 36.35639], [126.63333, 36.23333], [126.36667, 35.88333], [126.05, 36.2], [125.95, 36.23333], [125.95, 36.33333]]]}}, {"type": "Feature", "properties": {"id": "R97D", "cls": "R", "name": "CHEOLMAE-D"}, "geometry": {"type": "Polygon", "coordinates": [[[126.38167, 36.35833], [126.50222, 36.35639], [126.63333, 36.23333], [126.1, 35.58333], [125.86667, 35.7], [125.78528, 35.97972], [126.38167, 36.35833]]]}}, {"type": "Feature", "properties": {"id": "R97E", "cls": "R", "name": "CHEOLMAE-E"}, "geometry": {"type": "Polygon", "coordinates": [[[126.55056, 36.31083], [126.63333, 36.23333], [126.53639, 36.10639], [126.41667, 36.23028], [126.55056, 36.31083]]]}}, {"type": "Feature", "properties": {"id": "R97F", "cls": "R", "name": "CHEOLMAE-F"}, "geometry": {"type": "Polygon", "coordinates": [[[126.51667, 36.33333], [126.58333, 36.3], [126.51583, 36.20194], [126.41667, 36.28833], [126.51667, 36.33333]]]}}, {"type": "Feature", "properties": {"id": "R97G", "cls": "R", "name": "CHEOLMAE-G"}, "geometry": {"type": "Polygon", "coordinates": [[[126.51667, 36.33333], [126.58333, 36.3], [126.49111, 36.16583], [126.36722, 36.28056], [126.51667, 36.33333]]]}}, {"type": "Feature", "properties": {"id": "P518", "cls": "P", "name": "한국전술구역"}, "geometry": {"type": "Polygon", "coordinates": [[[126.1667, 37.65], [126.6833, 37.7167], [126.8833, 37.6333], [127.6667, 37.9667], [128.5167, 38.0667], [128.5333, 38.1333], [128.6, 38.2], [128.3932, 38.6156], [128.3768, 38.6155], [128.3558, 38.6138], [128.3429, 38.6082], [128.3323, 38.6012], [128.3226, 38.5975], [128.3124, 38.5941], [128.3091, 38.5865], [128.3135, 38.5797], [128.3121, 38.5701], [128.3155, 38.5604], [128.3122, 38.5518], [128.3107, 38.5371], [128.3127, 38.5245], [128.3132, 38.5124], [128.3074, 38.5057], [128.3037, 38.4948], [128.3014, 38.4862], [128.3053, 38.478], [128.2989, 38.4711], [128.2953, 38.4598], [128.2892, 38.4517], [128.2861, 38.4423], [128.2798, 38.4337], [128.2701, 38.4301], [128.2624, 38.4224], [128.2526, 38.4182], [128.2447, 38.4131], [128.2439, 38.4037], [128.2328, 38.4005], [128.2256, 38.3917], [128.2191, 38.3851], [128.2151, 38.3783], [128.2084, 38.3724], [128.2029, 38.3818], [128.195, 38.377], [128.1903, 38.3679], [128.1843, 38.36], [128.1764, 38.3637], [128.1677, 38.355], [128.1578, 38.3449], [128.1502, 38.3416], [128.1403, 38.3443], [128.1303, 38.3456], [128.1208, 38.3463], [128.1137, 38.3417], [128.1071, 38.3336], [128.1008, 38.3277], [128.0937, 38.3219], [128.0826, 38.3167], [128.0729, 38.3106], [128.0618, 38.3073], [128.0469, 38.3076], [128.0334, 38.3151], [128.0162, 38.3156], [128.0021, 38.3145], [127.9865, 38.316], [127.9789, 38.3207], [127.9675, 38.319], [127.9583, 38.3156], [127.947, 38.3176], [127.9387, 38.3212], [127.9167, 38.3234], [127.8967, 38.3302], [127.8822, 38.3309], [127.8694, 38.316], [127.8571, 38.3114], [127.8474, 38.3145], [127.8353, 38.3095], [127.8207, 38.3066], [127.8108, 38.3141], [127.8028, 38.3182], [127.7967, 38.3232], [127.7929, 38.3304], [127.7876, 38.3428], [127.779, 38.3464], [127.7726, 38.3408], [127.762, 38.3374], [127.7525, 38.3347], [127.7358, 38.34], [127.7299, 38.3353], [127.7214, 38.3315], [127.7135, 38.3353], [127.7002, 38.3366], [127.6937, 38.3298], [127.6827, 38.3266], [127.6689, 38.3229], [127.6538, 38.3255], [127.644, 38.3261], [127.6318, 38.3253], [127.6175, 38.3247], [127.6163, 38.3336], [127.5828, 38.3335], [127.5704, 38.3312], [127.5575, 38.3273], [127.5469, 38.3244], [127.5391, 38.3183], [127.5303, 38.3129], [127.5181, 38.306], [127.5027, 38.3017], [127.4894, 38.3047], [127.4816, 38.3069], [127.47, 38.316], [127.4594, 38.3173], [127.4508, 38.3125], [127.4375, 38.3178], [127.4256, 38.3233], [127.4169, 38.325], [127.4115, 38.3298], [127.3963, 38.3348], [127.3799, 38.3345], [127.3583, 38.3259], [127.345, 38.3269], [127.334, 38.3211], [127.3244, 38.3201], [127.3061, 38.3173], [127.2978, 38.3141], [127.2913, 38.3203], [127.2826, 38.3226], [127.2603, 38.3266], [127.2508, 38.3281], [127.2346, 38.3317], [127.2234, 38.3282], [127.1683, 38.3088], [127.1473, 38.31], [127.1395, 38.3149], [127.1307, 38.3081], [127.1264, 38.2991], [127.1163, 38.2979], [127.1074, 38.2915], [127.1014, 38.2842], [127.0949, 38.2787], [127.0774, 38.2773], [127.0735, 38.2698], [127.0686, 38.2638], [127.0569, 38.2583], [127.0421, 38.2588], [127.0329, 38.2494], [127.0283, 38.2425], [127.0197, 38.2372], [127.0128, 38.2296], [127.0056, 38.2225], [127.0, 38.2161], [126.9883, 38.2161], [126.9828, 38.2094], [126.9761, 38.1992], [126.9679, 38.1868], [126.9665, 38.1775], [126.9647, 38.169], [126.9555, 38.1628], [126.9496, 38.1575], [126.9599, 38.1517], [126.9691, 38.1466], [126.9662, 38.1376], [126.9601, 38.1333], [126.9495, 38.1344], [126.9399, 38.1336], [126.9344, 38.1268], [126.9226, 38.1193], [126.9147, 38.1172], [126.9046, 38.1107], [126.9003, 38.1027], [126.8904, 38.1022], [126.8781, 38.1006], [126.8735, 38.0929], [126.8692, 38.0836], [126.868, 38.0724], [126.8623, 38.0651], [126.8591, 38.0536], [126.8555, 38.0392], [126.8469, 38.0333], [126.8372, 38.0293], [126.8283, 38.0202], [126.8234, 38.0121], [126.8188, 38.0032], [126.8124, 37.9991], [126.8028, 37.9971], [126.7914, 37.9969], [126.7858, 37.9902], [126.7807, 37.9795], [126.767, 37.9785], [126.7581, 37.972], [126.7455, 37.9696], [126.7363, 37.9647], [126.7286, 37.9591], [126.7154, 37.9546], [126.7031, 37.9527], [126.6928, 37.9569], [126.6819, 37.9565], [126.6698, 37.955], [126.6693, 37.9435], [126.6684, 37.9316], [126.6785, 37.9202], [126.6885, 37.9119], [126.6833, 37.9], [126.6833, 37.8734], [126.6855, 37.8604], [126.6892, 37.8489], [126.6913, 37.8394], [126.6834, 37.8366], [126.6714, 37.8293], [126.665, 37.8167], [126.6631, 37.8037], [126.6642, 37.7896], [126.6626, 37.7807], [126.6475, 37.7829], [126.6376, 37.7838], [126.6252, 37.7821], [126.6134, 37.7741], [126.6035, 37.7653], [126.5913, 37.7631], [126.5797, 37.762], [126.571, 37.7651], [126.5632, 37.7717], [126.5497, 37.7813], [126.529, 37.7902], [126.52, 37.792], [126.5017, 37.7991], [126.4942, 37.8023], [126.4856, 37.806], [126.4685, 37.8119], [126.4568, 37.8199], [126.4532, 37.828], [126.4422, 37.837], [126.4251, 37.8413], [126.4136, 37.8447], [126.3581, 37.8365], [126.3084, 37.8291], [126.2936, 37.8254], [126.2758, 37.8255], [126.2648, 37.8279], [126.2375, 37.8317], [126.228, 37.8304], [126.2229, 37.8298], [126.2061, 37.8233], [126.198, 37.8155], [126.1941, 37.8085], [126.1912, 37.7971], [126.1884, 37.7838], [126.1837, 37.7784], [126.184, 37.7705], [126.1841, 37.7613], [126.1872, 37.749], [126.1775, 37.7336], [126.1667, 37.72855], [126.1667, 37.65]]]}}, {"type": "Feature", "properties": {"id": "P518W", "cls": "P", "name": "한국전술구역(서부)"}, "geometry": {"type": "Polygon", "coordinates": [[[124.6333, 38.05], [124.85, 38.0], [124.855, 37.9301], [124.859, 37.8741], [124.8667, 37.7667], [124.9775, 37.6874], [125.0472, 37.6375], [125.2444, 37.5833], [125.4263, 37.6492], [125.5167, 37.6819], [125.6667, 37.6903], [125.695, 37.6917], [125.75, 37.7147], [126.0144, 37.68], [126.1028, 37.7077], [126.1111, 37.7125], [126.1362, 37.7147], [126.1607, 37.7175], [126.1667, 37.72855], [126.1667, 37.65], [125.8333, 37.5], [124.6333, 37.5], [124.6333, 38.05]]]}}, {"type": "Feature", "properties": {"id": "P518E", "cls": "P", "name": "한국전술구역(동부)"}, "geometry": {"type": "Polygon", "coordinates": [[[128.6, 38.2], [128.7833, 38.3667], [128.6538, 38.6177], [128.528, 38.6167], [128.3932, 38.6156], [128.6, 38.2]]]}}]}