{"type":"FeatureCollection","features":[{"type":"Feature","properties":{"k":"gate","ref":"31"},"geometry":{"type":"Point","coordinates":[128.94755,35.17052]}},{"type":"Feature","properties":{"k":"gate","ref":"37"},"geometry":{"type":"Point","coordinates":[128.94982,35.16969]}},{"type":"Feature","properties":{"k":"gate","ref":"32"},"geometry":{"type":"Point","coordinates":[128.94814,35.17019]}},{"type":"Feature","properties":{"k":"gate","ref":"36"},"geometry":{"type":"Point","coordinates":[128.94908,35.16986]}},{"type":"Feature","properties":{"k":"gate","ref":"7"},"geometry":{"type":"Point","coordinates":[128.94628,35.17213]}},{"type":"Feature","properties":{"k":"gate","ref":"3"},"geometry":{"type":"Point","coordinates":[128.94607,35.17351]}},{"type":"Feature","properties":{"k":"gate","ref":"5"},"geometry":{"type":"Point","coordinates":[128.94623,35.17255]}},{"type":"Feature","properties":{"k":"gate","ref":"1"},"geometry":{"type":"Point","coordinates":[128.94601,35.17394]}},{"type":"Feature","properties":{"k":"gate"},"geometry":{"type":"Point","coordinates":[129.35549,35.59262]}},{"type":"Feature","properties":{"k":"gate"},"geometry":{"type":"Point","coordinates":[129.35545,35.59312]}},{"type":"Feature","properties":{"k":"gate","ref":"121"},"geometry":{"type":"Point","coordinates":[126.81037,37.54861]}},{"type":"Feature","properties":{"k":"gate","ref":"121F"},"geometry":{"type":"Point","coordinates":[126.81034,37.5486]}},{"type":"Feature","properties":{"k":"gate","ref":"122"},"geometry":{"type":"Point","coordinates":[126.80982,37.54906]}},{"type":"Feature","properties":{"k":"gate","ref":"946"},"geometry":{"type":"Point","coordinates":[126.79332,37.54987]}},{"type":"Feature","properties":{"k":"gate","ref":"123"},"geometry":{"type":"Point","coordinates":[126.80853,37.55005]}},{"type":"Feature","properties":{"k":"gate","ref":"945"},"geometry":{"type":"Point","coordinates":[126.79302,37.55011]}},{"type":"Feature","properties":{"k":"gate","ref":"944-1"},"geometry":{"type":"Point","coordinates":[126.79317,37.55051]}},{"type":"Feature","properties":{"k":"gate","ref":"124"},"geometry":{"type":"Point","coordinates":[126.80794,37.55047]}},{"type":"Feature","properties":{"k":"gate","ref":"944"},"geometry":{"type":"Point","coordinates":[126.79279,37.55081]}},{"type":"Feature","properties":{"k":"gate","ref":"939"},"geometry":{"type":"Point","coordinates":[126.79462,37.55078]}},{"type":"Feature","properties":{"k":"gate","ref":"125"},"geometry":{"type":"Point","coordinates":[126.8074,37.55089]}},{"type":"Feature","properties":{"k":"gate","ref":"938"},"geometry":{"type":"Point","coordinates":[126.79442,37.55094]}},{"type":"Feature","properties":{"k":"gate","ref":"937"},"geometry":{"type":"Point","coordinates":[126.79423,37.55109]}},{"type":"Feature","properties":{"k":"gate","ref":"126"},"geometry":{"type":"Point","coordinates":[126.80686,37.55132]}},{"type":"Feature","properties":{"k":"gate","ref":"127"},"geometry":{"type":"Point","coordinates":[126.8064,37.55169]}},{"type":"Feature","properties":{"k":"gate","ref":"902"},"geometry":{"type":"Point","coordinates":[126.79087,37.55246]}},{"type":"Feature","properties":{"k":"gate","ref":"903"},"geometry":{"type":"Point","coordinates":[126.79067,37.5516]}},{"type":"Feature","properties":{"k":"gate","ref":"128"},"geometry":{"type":"Point","coordinates":[126.8052,37.5527]}},{"type":"Feature","properties":{"k":"gate","ref":"904"},"geometry":{"type":"Point","coordinates":[126.79042,37.55282]}},{"type":"Feature","properties":{"k":"gate","ref":"905"},"geometry":{"type":"Point","coordinates":[126.79019,37.55301]}},{"type":"Feature","properties":{"k":"gate","ref":"906"},"geometry":{"type":"Point","coordinates":[126.78997,37.55319]}},{"type":"Feature","properties":{"k":"gate","ref":"129"},"geometry":{"type":"Point","coordinates":[126.80451,37.5532]}},{"type":"Feature","properties":{"k":"gate","ref":"907"},"geometry":{"type":"Point","coordinates":[126.78974,37.55337]}},{"type":"Feature","properties":{"k":"gate","ref":"908"},"geometry":{"type":"Point","coordinates":[126.78952,37.55356]}},{"type":"Feature","properties":{"k":"gate","ref":"130"},"geometry":{"type":"Point","coordinates":[126.80388,37.55369]}},{"type":"Feature","properties":{"k":"gate","ref":"908-2"},"geometry":{"type":"Point","coordinates":[126.78903,37.55394]}},{"type":"Feature","properties":{"k":"gate","ref":"909"},"geometry":{"type":"Point","coordinates":[126.78879,37.55413]}},{"type":"Feature","properties":{"k":"gate","ref":"131"},"geometry":{"type":"Point","coordinates":[126.8033,37.55415]}},{"type":"Feature","properties":{"k":"gate","ref":"910"},"geometry":{"type":"Point","coordinates":[126.78857,37.55431]}},{"type":"Feature","properties":{"k":"gate","ref":"911"},"geometry":{"type":"Point","coordinates":[126.78834,37.55449]}},{"type":"Feature","properties":{"k":"gate","ref":"132"},"geometry":{"type":"Point","coordinates":[126.80274,37.55459]}},{"type":"Feature","properties":{"k":"gate","ref":"912"},"geometry":{"type":"Point","coordinates":[126.78788,37.55484]}},{"type":"Feature","properties":{"k":"gate","ref":"913"},"geometry":{"type":"Point","coordinates":[126.78767,37.555]}},{"type":"Feature","properties":{"k":"gate","ref":"914"},"geometry":{"type":"Point","coordinates":[126.78747,37.55516]}},{"type":"Feature","properties":{"k":"gate","ref":"915"},"geometry":{"type":"Point","coordinates":[126.78726,37.55533]}},{"type":"Feature","properties":{"k":"gate","ref":"916"},"geometry":{"type":"Point","coordinates":[126.787,37.55545]}},{"type":"Feature","properties":{"k":"gate","ref":"133"},"geometry":{"type":"Point","coordinates":[126.80155,37.55553]}},{"type":"Feature","properties":{"k":"gate","ref":"922"},"geometry":{"type":"Point","coordinates":[126.78859,37.55528]}},{"type":"Feature","properties":{"k":"gate","ref":"923"},"geometry":{"type":"Point","coordinates":[126.78879,37.55544]}},{"type":"Feature","properties":{"k":"gate","ref":"921"},"geometry":{"type":"Point","coordinates":[126.78828,37.55585]}},{"type":"Feature","properties":{"k":"gate","ref":"134"},"geometry":{"type":"Point","coordinates":[126.80098,37.556]}},{"type":"Feature","properties":{"k":"gate","ref":"920"},"geometry":{"type":"Point","coordinates":[126.78807,37.55569]}},{"type":"Feature","properties":{"k":"gate","ref":"919"},"geometry":{"type":"Point","coordinates":[126.78808,37.55602]}},{"type":"Feature","properties":{"k":"gate","ref":"918"},"geometry":{"type":"Point","coordinates":[126.78782,37.55622]}},{"type":"Feature","properties":{"k":"gate","ref":"1"},"geometry":{"type":"Point","coordinates":[126.80526,37.55606]}},{"type":"Feature","properties":{"k":"gate","ref":"135"},"geometry":{"type":"Point","coordinates":[126.80053,37.55639]}},{"type":"Feature","properties":{"k":"gate","ref":"917"},"geometry":{"type":"Point","coordinates":[126.78756,37.55642]}},{"type":"Feature","properties":{"k":"gate","ref":"1"},"geometry":{"type":"Point","coordinates":[126.80529,37.55653]}},{"type":"Feature","properties":{"k":"gate","ref":"136"},"geometry":{"type":"Point","coordinates":[126.80002,37.55677]}},{"type":"Feature","properties":{"k":"gate","ref":"3"},"geometry":{"type":"Point","coordinates":[126.80447,37.55682]}},{"type":"Feature","properties":{"k":"gate","ref":"137"},"geometry":{"type":"Point","coordinates":[126.79965,37.55707]}},{"type":"Feature","properties":{"k":"gate","ref":"3"},"geometry":{"type":"Point","coordinates":[126.80497,37.55677]}},{"type":"Feature","properties":{"k":"gate","ref":"5"},"geometry":{"type":"Point","coordinates":[126.8039,37.55729]}},{"type":"Feature","properties":{"k":"gate","ref":"138"},"geometry":{"type":"Point","coordinates":[126.79924,37.55738]}},{"type":"Feature","properties":{"k":"gate","ref":"5"},"geometry":{"type":"Point","coordinates":[126.80449,37.55746]}},{"type":"Feature","properties":{"k":"gate","ref":"139"},"geometry":{"type":"Point","coordinates":[126.79895,37.55766]}},{"type":"Feature","properties":{"k":"gate","ref":"7"},"geometry":{"type":"Point","coordinates":[126.80329,37.5577]}},{"type":"Feature","properties":{"k":"gate","ref":"140"},"geometry":{"type":"Point","coordinates":[126.79848,37.55798]}},{"type":"Feature","properties":{"k":"gate","ref":"9"},"geometry":{"type":"Point","coordinates":[126.80258,37.55799]}},{"type":"Feature","properties":{"k":"gate","ref":"7"},"geometry":{"type":"Point","coordinates":[126.80396,37.5579]}},{"type":"Feature","properties":{"k":"gate","ref":"141"},"geometry":{"type":"Point","coordinates":[126.79811,37.55822]}},{"type":"Feature","properties":{"k":"gate","ref":"9"},"geometry":{"type":"Point","coordinates":[126.80369,37.5581]}},{"type":"Feature","properties":{"k":"gate","ref":"142"},"geometry":{"type":"Point","coordinates":[126.79776,37.55848]}},{"type":"Feature","properties":{"k":"gate","ref":"12"},"geometry":{"type":"Point","coordinates":[126.80193,37.55842]}},{"type":"Feature","properties":{"k":"gate","ref":"14"},"geometry":{"type":"Point","coordinates":[126.80225,37.55875]}},{"type":"Feature","properties":{"k":"gate","ref":"14"},"geometry":{"type":"Point","coordinates":[126.80159,37.55899]}},{"type":"Feature","properties":{"k":"gate","ref":"16"},"geometry":{"type":"Point","coordinates":[126.8018,37.55939]}},{"type":"Feature","properties":{"k":"gate","ref":"15"},"geometry":{"type":"Point","coordinates":[126.80096,37.55937]}},{"type":"Feature","properties":{"k":"gate","ref":"17"},"geometry":{"type":"Point","coordinates":[126.80122,37.55985]}},{"type":"Feature","properties":{"k":"gate","ref":"17"},"geometry":{"type":"Point","coordinates":[126.80008,37.55993]}},{"type":"Feature","properties":{"k":"gate","ref":"18"},"geometry":{"type":"Point","coordinates":[126.79926,37.56007]}},{"type":"Feature","properties":{"k":"gate","ref":"20"},"geometry":{"type":"Point","coordinates":[126.79826,37.56009]}},{"type":"Feature","properties":{"k":"gate","ref":"19"},"geometry":{"type":"Point","coordinates":[126.7987,37.56008]}},{"type":"Feature","properties":{"k":"gate","ref":"21"},"geometry":{"type":"Point","coordinates":[126.79779,37.56016]}},{"type":"Feature","properties":{"k":"gate","ref":"20"},"geometry":{"type":"Point","coordinates":[126.8006,37.56035]}},{"type":"Feature","properties":{"k":"gate","ref":"22"},"geometry":{"type":"Point","coordinates":[126.79735,37.56028]}},{"type":"Feature","properties":{"k":"gate","ref":"23"},"geometry":{"type":"Point","coordinates":[126.79681,37.56045]}},{"type":"Feature","properties":{"k":"gate","ref":"24"},"geometry":{"type":"Point","coordinates":[126.79556,37.56085]}},{"type":"Feature","properties":{"k":"gate","ref":"25"},"geometry":{"type":"Point","coordinates":[126.79513,37.56086]}},{"type":"Feature","properties":{"k":"gate","ref":"201"},"geometry":{"type":"Point","coordinates":[126.79335,37.56326]}},{"type":"Feature","properties":{"k":"gate","ref":"202"},"geometry":{"type":"Point","coordinates":[126.7938,37.56361]}},{"type":"Feature","properties":{"k":"gate","ref":"40"},"geometry":{"type":"Point","coordinates":[126.79732,37.56373]}},{"type":"Feature","properties":{"k":"gate","ref":"41"},"geometry":{"type":"Point","coordinates":[126.79746,37.56386]}},{"type":"Feature","properties":{"k":"gate","ref":"203"},"geometry":{"type":"Point","coordinates":[126.79426,37.56395]}},{"type":"Feature","properties":{"k":"gate","ref":"42"},"geometry":{"type":"Point","coordinates":[126.79763,37.56399]}},{"type":"Feature","properties":{"k":"gate","ref":"43"},"geometry":{"type":"Point","coordinates":[126.79779,37.56412]}},{"type":"Feature","properties":{"k":"gate","ref":"44"},"geometry":{"type":"Point","coordinates":[126.79796,37.56424]}},{"type":"Feature","properties":{"k":"gate","ref":"204"},"geometry":{"type":"Point","coordinates":[126.7947,37.56431]}},{"type":"Feature","properties":{"k":"gate","ref":"221"},"geometry":{"type":"Point","coordinates":[126.79165,37.56443]}},{"type":"Feature","properties":{"k":"gate","ref":"30"},"geometry":{"type":"Point","coordinates":[126.79726,37.56449]}},{"type":"Feature","properties":{"k":"gate","ref":"45"},"geometry":{"type":"Point","coordinates":[126.79824,37.56447]}},{"type":"Feature","properties":{"k":"gate","ref":"46"},"geometry":{"type":"Point","coordinates":[126.7984,37.56461]}},{"type":"Feature","properties":{"k":"gate","ref":"205"},"geometry":{"type":"Point","coordinates":[126.79514,37.56467]}},{"type":"Feature","properties":{"k":"gate","ref":"31"},"geometry":{"type":"Point","coordinates":[126.79757,37.56471]}},{"type":"Feature","properties":{"k":"gate","ref":"47"},"geometry":{"type":"Point","coordinates":[126.79854,37.56473]}},{"type":"Feature","properties":{"k":"gate","ref":"222"},"geometry":{"type":"Point","coordinates":[126.79214,37.56485]}},{"type":"Feature","properties":{"k":"gate","ref":"32"},"geometry":{"type":"Point","coordinates":[126.79784,37.56494]}},{"type":"Feature","properties":{"k":"gate","ref":"48"},"geometry":{"type":"Point","coordinates":[126.79885,37.56497]}},{"type":"Feature","properties":{"k":"gate","ref":"49"},"geometry":{"type":"Point","coordinates":[126.79902,37.56508]}},{"type":"Feature","properties":{"k":"gate","ref":"33"},"geometry":{"type":"Point","coordinates":[126.79815,37.56516]}},{"type":"Feature","properties":{"k":"gate","ref":"223"},"geometry":{"type":"Point","coordinates":[126.79276,37.56527]}},{"type":"Feature","properties":{"k":"gate","ref":"34"},"geometry":{"type":"Point","coordinates":[126.79843,37.56538]}},{"type":"Feature","properties":{"k":"gate","ref":"224"},"geometry":{"type":"Point","coordinates":[126.7933,37.56576]}},{"type":"Feature","properties":{"k":"gate","ref":"206"},"geometry":{"type":"Point","coordinates":[126.79661,37.56587]}},{"type":"Feature","properties":{"k":"gate","ref":"35"},"geometry":{"type":"Point","coordinates":[126.79949,37.56598]}},{"type":"Feature","properties":{"k":"gate","ref":"207"},"geometry":{"type":"Point","coordinates":[126.79706,37.56622]}},{"type":"Feature","properties":{"k":"gate","ref":"225"},"geometry":{"type":"Point","coordinates":[126.79404,37.56631]}},{"type":"Feature","properties":{"k":"gate","ref":"208"},"geometry":{"type":"Point","coordinates":[126.7975,37.56656]}},{"type":"Feature","properties":{"k":"gate","ref":"226"},"geometry":{"type":"Point","coordinates":[126.79458,37.56678]}},{"type":"Feature","properties":{"k":"gate","ref":"209"},"geometry":{"type":"Point","coordinates":[126.79794,37.56693]}},{"type":"Feature","properties":{"k":"gate","ref":"36"},"geometry":{"type":"Point","coordinates":[126.80058,37.56692]}},{"type":"Feature","properties":{"k":"gate","ref":"36"},"geometry":{"type":"Point","coordinates":[126.8015,37.56694]}},{"type":"Feature","properties":{"k":"gate","ref":"37"},"geometry":{"type":"Point","coordinates":[126.80142,37.56721]}},{"type":"Feature","properties":{"k":"gate","ref":"227"},"geometry":{"type":"Point","coordinates":[126.79518,37.56724]}},{"type":"Feature","properties":{"k":"gate","ref":"37"},"geometry":{"type":"Point","coordinates":[126.8018,37.56728]}},{"type":"Feature","properties":{"k":"gate","ref":"38"},"geometry":{"type":"Point","coordinates":[126.80203,37.56767]}},{"type":"Feature","properties":{"k":"gate","ref":"228"},"geometry":{"type":"Point","coordinates":[126.79572,37.56769]}},{"type":"Feature","properties":{"k":"gate","ref":"38"},"geometry":{"type":"Point","coordinates":[126.80239,37.56775]}},{"type":"Feature","properties":{"k":"gate","ref":"210"},"geometry":{"type":"Point","coordinates":[126.79916,37.56789]}},{"type":"Feature","properties":{"k":"gate","ref":"229"},"geometry":{"type":"Point","coordinates":[126.79628,37.56813]}},{"type":"Feature","properties":{"k":"gate","ref":"39;301"},"geometry":{"type":"Point","coordinates":[126.80257,37.56817]}},{"type":"Feature","properties":{"k":"gate","ref":"39"},"geometry":{"type":"Point","coordinates":[126.80293,37.56817]}},{"type":"Feature","properties":{"k":"gate","ref":"211"},"geometry":{"type":"Point","coordinates":[126.79959,37.56824]}},{"type":"Feature","properties":{"k":"gate","ref":"230"},"geometry":{"type":"Point","coordinates":[126.79685,37.56856]}},{"type":"Feature","properties":{"k":"gate","ref":"212"},"geometry":{"type":"Point","coordinates":[126.80002,37.5686]}},{"type":"Feature","properties":{"k":"gate","ref":"231"},"geometry":{"type":"Point","coordinates":[126.79764,37.5692]}},{"type":"Feature","properties":{"k":"gate","ref":"214"},"geometry":{"type":"Point","coordinates":[126.8009,37.56929]}},{"type":"Feature","properties":{"k":"gate","ref":"232"},"geometry":{"type":"Point","coordinates":[126.79819,37.56965]}},{"type":"Feature","properties":{"k":"gate","ref":"233"},"geometry":{"type":"Point","coordinates":[126.79876,37.5701]}},{"type":"Feature","properties":{"k":"gate","ref":"234"},"geometry":{"type":"Point","coordinates":[126.79931,37.57055]}},{"type":"Feature","properties":{"k":"gate","ref":"702"},"geometry":{"type":"Point","coordinates":[126.79222,37.55108]}},{"type":"Feature","properties":{"k":"gate","ref":"703"},"geometry":{"type":"Point","coordinates":[126.79167,37.55152]}},{"type":"Feature","properties":{"k":"gate","ref":"704"},"geometry":{"type":"Point","coordinates":[126.79149,37.55166]}},{"type":"Feature","properties":{"k":"gate","ref":"514"},"geometry":{"type":"Point","coordinates":[126.79131,37.5518]}},{"type":"Feature","properties":{"k":"gate","ref":"515"},"geometry":{"type":"Point","coordinates":[126.7912,37.55189]}},{"type":"Feature","properties":{"k":"gate","ref":"516"},"geometry":{"type":"Point","coordinates":[126.79109,37.55198]}},{"type":"Feature","properties":{"k":"gate","ref":"928"},"geometry":{"type":"Point","coordinates":[126.79263,37.55204]}},{"type":"Feature","properties":{"k":"gate","ref":"926"},"geometry":{"type":"Point","coordinates":[126.79242,37.55221]}},{"type":"Feature","properties":{"k":"gate","ref":"929"},"geometry":{"type":"Point","coordinates":[126.79284,37.55221]}},{"type":"Feature","properties":{"k":"gate","ref":"927"},"geometry":{"type":"Point","coordinates":[126.79263,37.55237]}},{"type":"Feature","properties":{"k":"gate","ref":"924"},"geometry":{"type":"Point","coordinates":[126.79192,37.55261]}},{"type":"Feature","properties":{"k":"gate","ref":"925"},"geometry":{"type":"Point","coordinates":[126.79212,37.55278]}},{"type":"Feature","properties":{"k":"gate","ref":"513"},"geometry":{"type":"Point","coordinates":[126.79132,37.55326]}},{"type":"Feature","properties":{"k":"gate","ref":"512"},"geometry":{"type":"Point","coordinates":[126.79117,37.55337]}},{"type":"Feature","properties":{"k":"gate","ref":"511"},"geometry":{"type":"Point","coordinates":[126.79102,37.55349]}},{"type":"Feature","properties":{"k":"gate","ref":"510"},"geometry":{"type":"Point","coordinates":[126.79086,37.55361]}},{"type":"Feature","properties":{"k":"gate","ref":"509"},"geometry":{"type":"Point","coordinates":[126.79071,37.55374]}},{"type":"Feature","properties":{"k":"gate","ref":"508"},"geometry":{"type":"Point","coordinates":[126.79056,37.55386]}},{"type":"Feature","properties":{"k":"gate","ref":"507"},"geometry":{"type":"Point","coordinates":[126.79041,37.55398]}},{"type":"Feature","properties":{"k":"gate","ref":"506"},"geometry":{"type":"Point","coordinates":[126.79026,37.5541]}},{"type":"Feature","properties":{"k":"gate","ref":"505"},"geometry":{"type":"Point","coordinates":[126.79011,37.55422]}},{"type":"Feature","properties":{"k":"gate","ref":"504"},"geometry":{"type":"Point","coordinates":[126.78963,37.5546]}},{"type":"Feature","properties":{"k":"gate","ref":"503"},"geometry":{"type":"Point","coordinates":[126.78948,37.55472]}},{"type":"Feature","properties":{"k":"gate","ref":"502"},"geometry":{"type":"Point","coordinates":[126.78933,37.55484]}},{"type":"Feature","properties":{"k":"gate","ref":"501"},"geometry":{"type":"Point","coordinates":[126.78918,37.55496]}},{"type":"Feature","properties":{"k":"gate","ref":"35"},"geometry":{"type":"Point","coordinates":[126.80027,37.56631]}},{"type":"Feature","properties":{"k":"gate","ref":"1"},"geometry":{"type":"Point","coordinates":[126.45598,37.44973]}},{"type":"Feature","properties":{"k":"gate","ref":"2"},"geometry":{"type":"Point","coordinates":[126.45649,37.44983]}},{"type":"Feature","properties":{"k":"gate","ref":"3"},"geometry":{"type":"Point","coordinates":[126.45671,37.45009]}},{"type":"Feature","properties":{"k":"gate","ref":"701"},"geometry":{"type":"Point","coordinates":[126.43254,37.4773]}},{"type":"Feature","properties":{"k":"gate","ref":"702"},"geometry":{"type":"Point","coordinates":[126.43198,37.47793]}},{"type":"Feature","properties":{"k":"gate","ref":"703"},"geometry":{"type":"Point","coordinates":[126.43143,37.47855]}},{"type":"Feature","properties":{"k":"gate","ref":"704"},"geometry":{"type":"Point","coordinates":[126.43078,37.47919]}},{"type":"Feature","properties":{"k":"gate","ref":"705"},"geometry":{"type":"Point","coordinates":[126.4301,37.47995]}},{"type":"Feature","properties":{"k":"gate","ref":"706"},"geometry":{"type":"Point","coordinates":[126.42931,37.48092]}},{"type":"Feature","properties":{"k":"gate","ref":"707"},"geometry":{"type":"Point","coordinates":[126.42884,37.48146]}},{"type":"Feature","properties":{"k":"gate","ref":"708"},"geometry":{"type":"Point","coordinates":[126.4283,37.48207]}},{"type":"Feature","properties":{"k":"gate","ref":"709"},"geometry":{"type":"Point","coordinates":[126.42775,37.48268]}},{"type":"Feature","properties":{"k":"gate","ref":"710"},"geometry":{"type":"Point","coordinates":[126.42711,37.48331]}},{"type":"Feature","properties":{"k":"gate","ref":"711"},"geometry":{"type":"Point","coordinates":[126.42658,37.484]}},{"type":"Feature","properties":{"k":"gate","ref":"831"},"geometry":{"type":"Point","coordinates":[126.44678,37.44184]}},{"type":"Feature","properties":{"k":"gate","ref":"832"},"geometry":{"type":"Point","coordinates":[126.44599,37.44277]}},{"type":"Feature","properties":{"k":"gate","ref":"833"},"geometry":{"type":"Point","coordinates":[126.44539,37.44345]}},{"type":"Feature","properties":{"k":"gate","ref":"834"},"geometry":{"type":"Point","coordinates":[126.44479,37.44413]}},{"type":"Feature","properties":{"k":"gate","ref":"49"},"geometry":{"type":"Point","coordinates":[126.44814,37.44527]}},{"type":"Feature","properties":{"k":"gate","ref":"48"},"geometry":{"type":"Point","coordinates":[126.44766,37.4453]}},{"type":"Feature","properties":{"k":"gate","ref":"50"},"geometry":{"type":"Point","coordinates":[126.44877,37.44562]}},{"type":"Feature","properties":{"k":"gate","ref":"47"},"geometry":{"type":"Point","coordinates":[126.44721,37.44564]}},{"type":"Feature","properties":{"k":"gate","ref":"46"},"geometry":{"type":"Point","coordinates":[126.44726,37.44617]}},{"type":"Feature","properties":{"k":"gate","ref":"45"},"geometry":{"type":"Point","coordinates":[126.44736,37.44678]}},{"type":"Feature","properties":{"k":"gate","ref":"43"},"geometry":{"type":"Point","coordinates":[126.44754,37.44737]}},{"type":"Feature","properties":{"k":"gate","ref":"42"},"geometry":{"type":"Point","coordinates":[126.4478,37.448]}},{"type":"Feature","properties":{"k":"gate","ref":"41"},"geometry":{"type":"Point","coordinates":[126.4474,37.44901]}},{"type":"Feature","properties":{"k":"gate","ref":"40"},"geometry":{"type":"Point","coordinates":[126.4466,37.44942]}},{"type":"Feature","properties":{"k":"gate","ref":"28"},"geometry":{"type":"Point","coordinates":[126.44942,37.44972]}},{"type":"Feature","properties":{"k":"gate","ref":"30"},"geometry":{"type":"Point","coordinates":[126.44805,37.44973]}},{"type":"Feature","properties":{"k":"gate","ref":"39"},"geometry":{"type":"Point","coordinates":[126.4459,37.44978]}},{"type":"Feature","properties":{"k":"gate","ref":"38"},"geometry":{"type":"Point","coordinates":[126.44534,37.4499]}},{"type":"Feature","properties":{"k":"gate","ref":"37"},"geometry":{"type":"Point","coordinates":[126.445,37.45012]}},{"type":"Feature","properties":{"k":"gate","ref":"27"},"geometry":{"type":"Point","coordinates":[126.45009,37.45017]}},{"type":"Feature","properties":{"k":"gate","ref":"31"},"geometry":{"type":"Point","coordinates":[126.44743,37.45021]}},{"type":"Feature","properties":{"k":"gate","ref":"6"},"geometry":{"type":"Point","coordinates":[126.45666,37.4505]}},{"type":"Feature","properties":{"k":"gate","ref":"26"},"geometry":{"type":"Point","coordinates":[126.45083,37.45055]}},{"type":"Feature","properties":{"k":"gate","ref":"36"},"geometry":{"type":"Point","coordinates":[126.44499,37.45055]}},{"type":"Feature","properties":{"k":"gate","ref":"32"},"geometry":{"type":"Point","coordinates":[126.44675,37.45058]}},{"type":"Feature","properties":{"k":"gate","ref":"7"},"geometry":{"type":"Point","coordinates":[126.45639,37.45083]}},{"type":"Feature","properties":{"k":"gate","ref":"33"},"geometry":{"type":"Point","coordinates":[126.44624,37.45097]}},{"type":"Feature","properties":{"k":"gate","ref":"8"},"geometry":{"type":"Point","coordinates":[126.45582,37.45101]}},{"type":"Feature","properties":{"k":"gate","ref":"9"},"geometry":{"type":"Point","coordinates":[126.45505,37.4511]}},{"type":"Feature","properties":{"k":"gate","ref":"10"},"geometry":{"type":"Point","coordinates":[126.45427,37.45114]}},{"type":"Feature","properties":{"k":"gate","ref":"11"},"geometry":{"type":"Point","coordinates":[126.45346,37.45116]}},{"type":"Feature","properties":{"k":"gate","ref":"34"},"geometry":{"type":"Point","coordinates":[126.44579,37.45124]}},{"type":"Feature","properties":{"k":"gate","ref":"24"},"geometry":{"type":"Point","coordinates":[126.45128,37.45154]}},{"type":"Feature","properties":{"k":"gate","ref":"12"},"geometry":{"type":"Point","coordinates":[126.45237,37.4518]}},{"type":"Feature","properties":{"k":"gate","ref":"23"},"geometry":{"type":"Point","coordinates":[126.45089,37.45219]}},{"type":"Feature","properties":{"k":"gate","ref":"14"},"geometry":{"type":"Point","coordinates":[126.45215,37.4525]}},{"type":"Feature","properties":{"k":"gate","ref":"22"},"geometry":{"type":"Point","coordinates":[126.45071,37.45283]}},{"type":"Feature","properties":{"k":"gate","ref":"131"},"geometry":{"type":"Point","coordinates":[126.44098,37.45304]}},{"type":"Feature","properties":{"k":"gate","ref":"15"},"geometry":{"type":"Point","coordinates":[126.45199,37.45314]}},{"type":"Feature","properties":{"k":"gate","ref":"21"},"geometry":{"type":"Point","coordinates":[126.45042,37.45324]}},{"type":"Feature","properties":{"k":"gate","ref":"132"},"geometry":{"type":"Point","coordinates":[126.44056,37.45329]}},{"type":"Feature","properties":{"k":"gate","ref":"129"},"geometry":{"type":"Point","coordinates":[126.44133,37.45332]}},{"type":"Feature","properties":{"k":"gate","ref":"127"},"geometry":{"type":"Point","coordinates":[126.442,37.45359]}},{"type":"Feature","properties":{"k":"gate","ref":"20"},"geometry":{"type":"Point","coordinates":[126.45027,37.4537]}},{"type":"Feature","properties":{"k":"gate","ref":"16"},"geometry":{"type":"Point","coordinates":[126.45198,37.4537]}},{"type":"Feature","properties":{"k":"gate","ref":"130"},"geometry":{"type":"Point","coordinates":[126.44024,37.45383]}},{"type":"Feature","properties":{"k":"gate","ref":"19"},"geometry":{"type":"Point","coordinates":[126.45074,37.45388]}},{"type":"Feature","properties":{"k":"gate","ref":"125"},"geometry":{"type":"Point","coordinates":[126.44263,37.45401]}},{"type":"Feature","properties":{"k":"gate","ref":"17"},"geometry":{"type":"Point","coordinates":[126.45164,37.45412]}},{"type":"Feature","properties":{"k":"gate","ref":"128"},"geometry":{"type":"Point","coordinates":[126.44062,37.45418]}},{"type":"Feature","properties":{"k":"gate","ref":"18"},"geometry":{"type":"Point","coordinates":[126.45127,37.45422]}},{"type":"Feature","properties":{"k":"gate","ref":"126"},"geometry":{"type":"Point","coordinates":[126.4414,37.45445]}},{"type":"Feature","properties":{"k":"gate","ref":"123"},"geometry":{"type":"Point","coordinates":[126.44339,37.4545]}},{"type":"Feature","properties":{"k":"gate","ref":"124"},"geometry":{"type":"Point","coordinates":[126.44214,37.45487]}},{"type":"Feature","properties":{"k":"gate","ref":"121"},"geometry":{"type":"Point","coordinates":[126.44406,37.45488]}},{"type":"Feature","properties":{"k":"gate","ref":"119"},"geometry":{"type":"Point","coordinates":[126.44479,37.45513]}},{"type":"Feature","properties":{"k":"gate","ref":"122"},"geometry":{"type":"Point","coordinates":[126.44288,37.45528]}},{"type":"Feature","properties":{"k":"gate","ref":"117"},"geometry":{"type":"Point","coordinates":[126.44549,37.45558]}},{"type":"Feature","properties":{"k":"gate","ref":"118"},"geometry":{"type":"Point","coordinates":[126.44361,37.45578]}},{"type":"Feature","properties":{"k":"gate","ref":"115"},"geometry":{"type":"Point","coordinates":[126.44614,37.45593]}},{"type":"Feature","properties":{"k":"gate","ref":"113"},"geometry":{"type":"Point","coordinates":[126.44674,37.45639]}},{"type":"Feature","properties":{"k":"gate","ref":"215"},"geometry":{"type":"Point","coordinates":[126.4371,37.45669]}},{"type":"Feature","properties":{"k":"gate","ref":"111"},"geometry":{"type":"Point","coordinates":[126.4474,37.45677]}},{"type":"Feature","properties":{"k":"gate","ref":"114"},"geometry":{"type":"Point","coordinates":[126.44541,37.45689]}},{"type":"Feature","properties":{"k":"gate","ref":"214"},"geometry":{"type":"Point","coordinates":[126.43752,37.45713]}},{"type":"Feature","properties":{"k":"gate","ref":"112"},"geometry":{"type":"Point","coordinates":[126.44619,37.45716]}},{"type":"Feature","properties":{"k":"gate","ref":"109"},"geometry":{"type":"Point","coordinates":[126.44821,37.45723]}},{"type":"Feature","properties":{"k":"gate","ref":"213"},"geometry":{"type":"Point","coordinates":[126.43819,37.45751]}},{"type":"Feature","properties":{"k":"gate","ref":"107"},"geometry":{"type":"Point","coordinates":[126.44888,37.4576]}},{"type":"Feature","properties":{"k":"gate","ref":"110"},"geometry":{"type":"Point","coordinates":[126.44699,37.45761]}},{"type":"Feature","properties":{"k":"gate","ref":"105"},"geometry":{"type":"Point","coordinates":[126.44961,37.45791]}},{"type":"Feature","properties":{"k":"gate","ref":"212"},"geometry":{"type":"Point","coordinates":[126.43891,37.45794]}},{"type":"Feature","properties":{"k":"gate","ref":"108"},"geometry":{"type":"Point","coordinates":[126.44768,37.45809]}},{"type":"Feature","properties":{"k":"gate","ref":"103"},"geometry":{"type":"Point","coordinates":[126.45001,37.45822]}},{"type":"Feature","properties":{"k":"gate","ref":"211"},"geometry":{"type":"Point","coordinates":[126.43967,37.45834]}},{"type":"Feature","properties":{"k":"gate","ref":"106"},"geometry":{"type":"Point","coordinates":[126.44839,37.45841]}},{"type":"Feature","properties":{"k":"gate","ref":"101"},"geometry":{"type":"Point","coordinates":[126.44948,37.45864]}},{"type":"Feature","properties":{"k":"gate","ref":"104"},"geometry":{"type":"Point","coordinates":[126.44874,37.4588]}},{"type":"Feature","properties":{"k":"gate","ref":"210"},"geometry":{"type":"Point","coordinates":[126.44052,37.45886]}},{"type":"Feature","properties":{"k":"gate","ref":"376"},"geometry":{"type":"Point","coordinates":[126.43533,37.45873]}},{"type":"Feature","properties":{"k":"gate","ref":"102"},"geometry":{"type":"Point","coordinates":[126.44911,37.459]}},{"type":"Feature","properties":{"k":"gate","ref":"375"},"geometry":{"type":"Point","coordinates":[126.43591,37.45898]}},{"type":"Feature","properties":{"k":"gate","ref":"209"},"geometry":{"type":"Point","coordinates":[126.44123,37.45921]}},{"type":"Feature","properties":{"k":"gate","ref":"374"},"geometry":{"type":"Point","coordinates":[126.43657,37.45937]}},{"type":"Feature","properties":{"k":"gate","ref":"208"},"geometry":{"type":"Point","coordinates":[126.44178,37.45952]}},{"type":"Feature","properties":{"k":"gate","ref":"373"},"geometry":{"type":"Point","coordinates":[126.43724,37.45974]}},{"type":"Feature","properties":{"k":"gate","ref":"207"},"geometry":{"type":"Point","coordinates":[126.44232,37.45983]}},{"type":"Feature","properties":{"k":"gate","ref":"372"},"geometry":{"type":"Point","coordinates":[126.4379,37.46012]}},{"type":"Feature","properties":{"k":"gate","ref":"206"},"geometry":{"type":"Point","coordinates":[126.44298,37.46024]}},{"type":"Feature","properties":{"k":"gate","ref":"371"},"geometry":{"type":"Point","coordinates":[126.4386,37.46046]}},{"type":"Feature","properties":{"k":"gate","ref":"205"},"geometry":{"type":"Point","coordinates":[126.44373,37.46064]}},{"type":"Feature","properties":{"k":"gate","ref":"370"},"geometry":{"type":"Point","coordinates":[126.43926,37.46086]}},{"type":"Feature","properties":{"k":"gate","ref":"236R"},"geometry":{"type":"Point","coordinates":[126.43338,37.46169]}},{"type":"Feature","properties":{"k":"gate","ref":"204"},"geometry":{"type":"Point","coordinates":[126.44459,37.46115]}},{"type":"Feature","properties":{"k":"gate","ref":"203"},"geometry":{"type":"Point","coordinates":[126.44535,37.46155]}},{"type":"Feature","properties":{"k":"gate","ref":"202"},"geometry":{"type":"Point","coordinates":[126.44601,37.46193]}},{"type":"Feature","properties":{"k":"gate","ref":"367"},"geometry":{"type":"Point","coordinates":[126.44099,37.46186]}},{"type":"Feature","properties":{"k":"gate","ref":"201"},"geometry":{"type":"Point","coordinates":[126.44667,37.4621]}},{"type":"Feature","properties":{"k":"gate","ref":"366"},"geometry":{"type":"Point","coordinates":[126.43955,37.46447]}},{"type":"Feature","properties":{"k":"gate","ref":"365"},"geometry":{"type":"Point","coordinates":[126.44234,37.46259]}},{"type":"Feature","properties":{"k":"gate","ref":"364"},"geometry":{"type":"Point","coordinates":[126.44296,37.46303]}},{"type":"Feature","properties":{"k":"gate","ref":"601"},"geometry":{"type":"Point","coordinates":[126.46376,37.46329]}},{"type":"Feature","properties":{"k":"gate","ref":"363"},"geometry":{"type":"Point","coordinates":[126.44365,37.46337]}},{"type":"Feature","properties":{"k":"gate","ref":"602"},"geometry":{"type":"Point","coordinates":[126.46443,37.46367]}},{"type":"Feature","properties":{"k":"gate","ref":"362"},"geometry":{"type":"Point","coordinates":[126.44428,37.4638]}},{"type":"Feature","properties":{"k":"gate","ref":"603"},"geometry":{"type":"Point","coordinates":[126.4651,37.46405]}},{"type":"Feature","properties":{"k":"gate","ref":"361"},"geometry":{"type":"Point","coordinates":[126.44476,37.46416]}},{"type":"Feature","properties":{"k":"gate","ref":"604"},"geometry":{"type":"Point","coordinates":[126.46596,37.46453]}},{"type":"Feature","properties":{"k":"gate","ref":"605"},"geometry":{"type":"Point","coordinates":[126.46662,37.46491]}},{"type":"Feature","properties":{"k":"gate","ref":"606"},"geometry":{"type":"Point","coordinates":[126.46729,37.46528]}},{"type":"Feature","properties":{"k":"gate","ref":"621"},"geometry":{"type":"Point","coordinates":[126.46173,37.46558]}},{"type":"Feature","properties":{"k":"gate","ref":"607"},"geometry":{"type":"Point","coordinates":[126.46814,37.46577]}},{"type":"Feature","properties":{"k":"gate","ref":"622"},"geometry":{"type":"Point","coordinates":[126.4624,37.46596]}},{"type":"Feature","properties":{"k":"gate","ref":"608"},"geometry":{"type":"Point","coordinates":[126.46881,37.46614]}},{"type":"Feature","properties":{"k":"gate","ref":"623"},"geometry":{"type":"Point","coordinates":[126.46307,37.46633]}},{"type":"Feature","properties":{"k":"gate","ref":"609"},"geometry":{"type":"Point","coordinates":[126.46948,37.46652]}},{"type":"Feature","properties":{"k":"gate","ref":"624"},"geometry":{"type":"Point","coordinates":[126.46392,37.46681]}},{"type":"Feature","properties":{"k":"gate","ref":"610"},"geometry":{"type":"Point","coordinates":[126.47034,37.467]}},{"type":"Feature","properties":{"k":"gate","ref":"625"},"geometry":{"type":"Point","coordinates":[126.46459,37.46719]}},{"type":"Feature","properties":{"k":"gate","ref":"611"},"geometry":{"type":"Point","coordinates":[126.471,37.46738]}},{"type":"Feature","properties":{"k":"gate","ref":"626"},"geometry":{"type":"Point","coordinates":[126.46526,37.46757]}},{"type":"Feature","properties":{"k":"gate","ref":"612"},"geometry":{"type":"Point","coordinates":[126.47167,37.46776]}},{"type":"Feature","properties":{"k":"gate","ref":"627"},"geometry":{"type":"Point","coordinates":[126.46611,37.46805]}},{"type":"Feature","properties":{"k":"gate","ref":"613"},"geometry":{"type":"Point","coordinates":[126.47233,37.46815]}},{"type":"Feature","properties":{"k":"gate","ref":"628"},"geometry":{"type":"Point","coordinates":[126.46678,37.46843]}},{"type":"Feature","properties":{"k":"gate","ref":"614"},"geometry":{"type":"Point","coordinates":[126.473,37.46853]}},{"type":"Feature","properties":{"k":"gate","ref":"629"},"geometry":{"type":"Point","coordinates":[126.46745,37.46881]}},{"type":"Feature","properties":{"k":"gate","ref":"615"},"geometry":{"type":"Point","coordinates":[126.47366,37.46891]}},{"type":"Feature","properties":{"k":"gate","ref":"616"},"geometry":{"type":"Point","coordinates":[126.47433,37.46928]}},{"type":"Feature","properties":{"k":"gate","ref":"630"},"geometry":{"type":"Point","coordinates":[126.4683,37.46929]}},{"type":"Feature","properties":{"k":"gate","ref":"631"},"geometry":{"type":"Point","coordinates":[126.46897,37.46967]}},{"type":"Feature","properties":{"k":"gate","ref":"632"},"geometry":{"type":"Point","coordinates":[126.46964,37.47004]}},{"type":"Feature","properties":{"k":"gate","ref":"633"},"geometry":{"type":"Point","coordinates":[126.47032,37.47041]}},{"type":"Feature","properties":{"k":"gate","ref":"634"},"geometry":{"type":"Point","coordinates":[126.47098,37.47079]}},{"type":"Feature","properties":{"k":"gate","ref":"635"},"geometry":{"type":"Point","coordinates":[126.47165,37.47117]}},{"type":"Feature","properties":{"k":"gate","ref":"636"},"geometry":{"type":"Point","coordinates":[126.47232,37.47154]}},{"type":"Feature","properties":{"k":"gate","ref":"49"},"geometry":{"type":"Point","coordinates":[126.44788,37.44549]}},{"type":"Feature","properties":{"k":"gate","ref":"50"},"geometry":{"type":"Point","coordinates":[126.44818,37.44557]}},{"type":"Feature","properties":{"k":"gate","ref":"48"},"geometry":{"type":"Point","coordinates":[126.44758,37.44557]}},{"type":"Feature","properties":{"k":"gate","ref":"47"},"geometry":{"type":"Point","coordinates":[126.44745,37.44585]}},{"type":"Feature","properties":{"k":"gate","ref":"46"},"geometry":{"type":"Point","coordinates":[126.44752,37.44642]}},{"type":"Feature","properties":{"k":"gate","ref":"45"},"geometry":{"type":"Point","coordinates":[126.44765,37.44698]}},{"type":"Feature","properties":{"k":"gate","ref":"43"},"geometry":{"type":"Point","coordinates":[126.44785,37.44754]}},{"type":"Feature","properties":{"k":"gate","ref":"42"},"geometry":{"type":"Point","coordinates":[126.44811,37.44808]}},{"type":"Feature","properties":{"k":"gate","ref":"41"},"geometry":{"type":"Point","coordinates":[126.44715,37.44931]}},{"type":"Feature","properties":{"k":"gate","ref":"30"},"geometry":{"type":"Point","coordinates":[126.44827,37.44945]}},{"type":"Feature","properties":{"k":"gate","ref":"40"},"geometry":{"type":"Point","coordinates":[126.44644,37.44962]}},{"type":"Feature","properties":{"k":"gate","ref":"31"},"geometry":{"type":"Point","coordinates":[126.44761,37.44981]}},{"type":"Feature","properties":{"k":"gate","ref":"28"},"geometry":{"type":"Point","coordinates":[126.44992,37.44987]}},{"type":"Feature","properties":{"k":"gate","ref":"39"},"geometry":{"type":"Point","coordinates":[126.44578,37.45]}},{"type":"Feature","properties":{"k":"gate","ref":"2"},"geometry":{"type":"Point","coordinates":[126.45601,37.45001]}},{"type":"Feature","properties":{"k":"gate","ref":"1"},"geometry":{"type":"Point","coordinates":[126.45577,37.45003]}},{"type":"Feature","properties":{"k":"gate","ref":"3"},"geometry":{"type":"Point","coordinates":[126.45626,37.45011]}},{"type":"Feature","properties":{"k":"gate","ref":"27"},"geometry":{"type":"Point","coordinates":[126.4505,37.45019]}},{"type":"Feature","properties":{"k":"gate","ref":"38"},"geometry":{"type":"Point","coordinates":[126.44549,37.45022]}},{"type":"Feature","properties":{"k":"gate","ref":"32"},"geometry":{"type":"Point","coordinates":[126.447,37.45026]}},{"type":"Feature","properties":{"k":"gate","ref":"6"},"geometry":{"type":"Point","coordinates":[126.45638,37.45029]}},{"type":"Feature","properties":{"k":"gate","ref":"37"},"geometry":{"type":"Point","coordinates":[126.44544,37.45041]}},{"type":"Feature","properties":{"k":"gate","ref":"26"},"geometry":{"type":"Point","coordinates":[126.45114,37.45047]}},{"type":"Feature","properties":{"k":"gate","ref":"7"},"geometry":{"type":"Point","coordinates":[126.45636,37.45057]}},{"type":"Feature","properties":{"k":"gate","ref":"33"},"geometry":{"type":"Point","coordinates":[126.44634,37.45062]}},{"type":"Feature","properties":{"k":"gate","ref":"36"},"geometry":{"type":"Point","coordinates":[126.44552,37.45063]}},{"type":"Feature","properties":{"k":"gate","ref":"8"},"geometry":{"type":"Point","coordinates":[126.45607,37.45074]}},{"type":"Feature","properties":{"k":"gate","ref":"35"},"geometry":{"type":"Point","coordinates":[126.44575,37.45076]}},{"type":"Feature","properties":{"k":"gate","ref":"34"},"geometry":{"type":"Point","coordinates":[126.44599,37.45077]}},{"type":"Feature","properties":{"k":"gate","ref":"9"},"geometry":{"type":"Point","coordinates":[126.45536,37.45089]}},{"type":"Feature","properties":{"k":"gate","ref":"10"},"geometry":{"type":"Point","coordinates":[126.45463,37.45097]}},{"type":"Feature","properties":{"k":"gate","ref":"11"},"geometry":{"type":"Point","coordinates":[126.45392,37.451]}},{"type":"Feature","properties":{"k":"gate","ref":"12"},"geometry":{"type":"Point","coordinates":[126.45229,37.45147]}},{"type":"Feature","properties":{"k":"gate","ref":"24"},"geometry":{"type":"Point","coordinates":[126.45131,37.45191]}},{"type":"Feature","properties":{"k":"gate","ref":"14"},"geometry":{"type":"Point","coordinates":[126.45206,37.4521]}},{"type":"Feature","properties":{"k":"gate","ref":"23"},"geometry":{"type":"Point","coordinates":[126.45098,37.45251]}},{"type":"Feature","properties":{"k":"gate","ref":"15"},"geometry":{"type":"Point","coordinates":[126.45193,37.45274]}},{"type":"Feature","properties":{"k":"gate","ref":"22"},"geometry":{"type":"Point","coordinates":[126.45074,37.45313]}},{"type":"Feature","properties":{"k":"gate"},"geometry":{"type":"Point","coordinates":[126.44082,37.45333]}},{"type":"Feature","properties":{"k":"gate","ref":"129"},"geometry":{"type":"Point","coordinates":[126.44105,37.45334]}},{"type":"Feature","properties":{"k":"gate","ref":"16"},"geometry":{"type":"Point","coordinates":[126.4517,37.45336]}},{"type":"Feature","properties":{"k":"gate","ref":"21"},"geometry":{"type":"Point","coordinates":[126.45071,37.45345]}},{"type":"Feature","properties":{"k":"gate","ref":"132"},"geometry":{"type":"Point","coordinates":[126.44057,37.45351]}},{"type":"Feature","properties":{"k":"gate","ref":"127"},"geometry":{"type":"Point","coordinates":[126.44157,37.45361]}},{"type":"Feature","properties":{"k":"gate","ref":"20"},"geometry":{"type":"Point","coordinates":[126.45081,37.45363]}},{"type":"Feature","properties":{"k":"gate","ref":"17"},"geometry":{"type":"Point","coordinates":[126.45154,37.45364]}},{"type":"Feature","properties":{"k":"gate","ref":"18"},"geometry":{"type":"Point","coordinates":[126.45133,37.45375]}},{"type":"Feature","properties":{"k":"gate","ref":"19"},"geometry":{"type":"Point","coordinates":[126.45104,37.45376]}},{"type":"Feature","properties":{"k":"gate","ref":"130"},"geometry":{"type":"Point","coordinates":[126.44071,37.45387]}},{"type":"Feature","properties":{"k":"gate","ref":"125"},"geometry":{"type":"Point","coordinates":[126.44225,37.45399]}},{"type":"Feature","properties":{"k":"gate","ref":"128"},"geometry":{"type":"Point","coordinates":[126.44113,37.45411]}},{"type":"Feature","properties":{"k":"gate","ref":"123"},"geometry":{"type":"Point","coordinates":[126.44306,37.45445]}},{"type":"Feature","properties":{"k":"gate","ref":"126"},"geometry":{"type":"Point","coordinates":[126.4418,37.45449]}},{"type":"Feature","properties":{"k":"gate","ref":"121"},"geometry":{"type":"Point","coordinates":[126.44374,37.45484]}},{"type":"Feature","properties":{"k":"gate","ref":"124"},"geometry":{"type":"Point","coordinates":[126.44261,37.45495]}},{"type":"Feature","properties":{"k":"gate","ref":"119"},"geometry":{"type":"Point","coordinates":[126.44453,37.45511]}},{"type":"Feature","properties":{"k":"gate","ref":"122"},"geometry":{"type":"Point","coordinates":[126.4433,37.45533]}},{"type":"Feature","properties":{"k":"gate","ref":"117"},"geometry":{"type":"Point","coordinates":[126.4452,37.45549]}},{"type":"Feature","properties":{"k":"gate","ref":"115"},"geometry":{"type":"Point","coordinates":[126.44584,37.45585]}},{"type":"Feature","properties":{"k":"gate","ref":"118"},"geometry":{"type":"Point","coordinates":[126.44408,37.45593]}},{"type":"Feature","properties":{"k":"gate","ref":"113"},"geometry":{"type":"Point","coordinates":[126.4464,37.45632]}},{"type":"Feature","properties":{"k":"gate","ref":"111"},"geometry":{"type":"Point","coordinates":[126.44707,37.4567]}},{"type":"Feature","properties":{"k":"gate","ref":"114"},"geometry":{"type":"Point","coordinates":[126.44593,37.45686]}},{"type":"Feature","properties":{"k":"gate","ref":"109"},"geometry":{"type":"Point","coordinates":[126.44788,37.45716]}},{"type":"Feature","properties":{"k":"gate","ref":"112"},"geometry":{"type":"Point","coordinates":[126.44661,37.45724]}},{"type":"Feature","properties":{"k":"gate","ref":"107"},"geometry":{"type":"Point","coordinates":[126.44856,37.45754]}},{"type":"Feature","properties":{"k":"gate"},"geometry":{"type":"Point","coordinates":[126.44743,37.4577]}},{"type":"Feature","properties":{"k":"gate","ref":"105"},"geometry":{"type":"Point","coordinates":[126.44922,37.45791]}},{"type":"Feature","properties":{"k":"gate","ref":"108"},"geometry":{"type":"Point","coordinates":[126.44808,37.45807]}},{"type":"Feature","properties":{"k":"gate","ref":"103"},"geometry":{"type":"Point","coordinates":[126.4494,37.45813]}},{"type":"Feature","properties":{"k":"gate","ref":"101"},"geometry":{"type":"Point","coordinates":[126.44938,37.45842]}},{"type":"Feature","properties":{"k":"gate","ref":"106"},"geometry":{"type":"Point","coordinates":[126.44876,37.45845]}},{"type":"Feature","properties":{"k":"gate","ref":"102"},"geometry":{"type":"Point","coordinates":[126.44916,37.45849]}},{"type":"Feature","properties":{"k":"gate","ref":"104"},"geometry":{"type":"Point","coordinates":[126.44896,37.45851]}},{"type":"Feature","properties":{"k":"gate","ref":"1"},"geometry":{"type":"Point","coordinates":[129.35516,35.59249]}},{"type":"Feature","properties":{"k":"gate","ref":"2"},"geometry":{"type":"Point","coordinates":[129.35512,35.593]}},{"type":"Feature","properties":{"k":"gate","ref":"3"},"geometry":{"type":"Point","coordinates":[129.35489,35.59368]}},{"type":"Feature","properties":{"k":"gate","ref":"4"},"geometry":{"type":"Point","coordinates":[129.35485,35.59422]}},{"type":"Feature","properties":{"k":"gate","ref":"11"},"geometry":{"type":"Point","coordinates":[129.3538,35.59445]}},{"type":"Feature","properties":{"k":"gate","ref":"12"},"geometry":{"type":"Point","coordinates":[129.35402,35.59446]}},{"type":"Feature","properties":{"k":"gate","ref":"1"},"geometry":{"type":"Point","coordinates":[127.61476,34.84016]}},{"type":"Feature","properties":{"k":"gate","ref":"2"},"geometry":{"type":"Point","coordinates":[127.61444,34.84079]}},{"type":"Feature","properties":{"k":"gate","ref":"3"},"geometry":{"type":"Point","coordinates":[127.61388,34.84156]}},{"type":"Feature","properties":{"k":"gate","ref":"4"},"geometry":{"type":"Point","coordinates":[127.61365,34.84194]}},{"type":"Feature","properties":{"k":"gate","ref":"5"},"geometry":{"type":"Point","coordinates":[127.61341,34.84242]}},{"type":"Feature","properties":{"k":"gate","ref":"42"},"geometry":{"type":"Point","coordinates":[128.94948,35.16755]}},{"type":"Feature","properties":{"k":"gate","ref":"43"},"geometry":{"type":"Point","coordinates":[128.94896,35.16769]}},{"type":"Feature","properties":{"k":"gate","ref":"44"},"geometry":{"type":"Point","coordinates":[128.9484,35.1679]}},{"type":"Feature","properties":{"k":"gate","ref":"45"},"geometry":{"type":"Point","coordinates":[128.94785,35.1681]}},{"type":"Feature","properties":{"k":"gate","ref":"46"},"geometry":{"type":"Point","coordinates":[128.9473,35.16829]}},{"type":"Feature","properties":{"k":"gate","ref":"47"},"geometry":{"type":"Point","coordinates":[128.94683,35.16847]}},{"type":"Feature","properties":{"k":"gate","ref":"48"},"geometry":{"type":"Point","coordinates":[128.94642,35.16862]}},{"type":"Feature","properties":{"k":"gate","ref":"37"},"geometry":{"type":"Point","coordinates":[128.94994,35.1694]}},{"type":"Feature","properties":{"k":"gate","ref":"36"},"geometry":{"type":"Point","coordinates":[128.94925,35.16955]}},{"type":"Feature","properties":{"k":"gate","ref":"34"},"geometry":{"type":"Point","coordinates":[128.94873,35.16973]}},{"type":"Feature","properties":{"k":"gate","ref":"32"},"geometry":{"type":"Point","coordinates":[128.94821,35.16992]}},{"type":"Feature","properties":{"k":"gate","ref":"31"},"geometry":{"type":"Point","coordinates":[128.94768,35.17026]}},{"type":"Feature","properties":{"k":"gate","ref":"8"},"geometry":{"type":"Point","coordinates":[128.94592,35.17175]}},{"type":"Feature","properties":{"k":"gate","ref":"5"},"geometry":{"type":"Point","coordinates":[128.94595,35.17224]}},{"type":"Feature","properties":{"k":"gate","ref":"4"},"geometry":{"type":"Point","coordinates":[128.94586,35.17302]}},{"type":"Feature","properties":{"k":"gate","ref":"1"},"geometry":{"type":"Point","coordinates":[128.94581,35.17378]}},{"type":"Feature","properties":{"k":"gate","ref":"57"},"geometry":{"type":"Point","coordinates":[128.94529,35.17578]}},{"type":"Feature","properties":{"k":"gate","ref":"55"},"geometry":{"type":"Point","coordinates":[128.94587,35.17609]}},{"type":"Feature","properties":{"k":"gate","ref":"54"},"geometry":{"type":"Point","coordinates":[128.9467,35.17652]}},{"type":"Feature","properties":{"k":"gate","ref":"53"},"geometry":{"type":"Point","coordinates":[128.94833,35.17773]}},{"type":"Feature","properties":{"k":"gate","ref":"52"},"geometry":{"type":"Point","coordinates":[128.9478,35.1782]}},{"type":"Feature","properties":{"k":"gate","ref":"51"},"geometry":{"type":"Point","coordinates":[128.9475,35.17882]}},{"type":"Feature","properties":{"k":"gate","ref":"901"},"geometry":{"type":"Point","coordinates":[126.43903,37.49238]}},{"type":"Feature","properties":{"k":"gate","ref":"641"},"geometry":{"type":"Point","coordinates":[126.45731,37.47068]}},{"type":"Feature","properties":{"k":"gate","ref":"642"},"geometry":{"type":"Point","coordinates":[126.45801,37.47113]}},{"type":"Feature","properties":{"k":"gate","ref":"643"},"geometry":{"type":"Point","coordinates":[126.45868,37.47151]}},{"type":"Feature","properties":{"k":"gate","ref":"644"},"geometry":{"type":"Point","coordinates":[126.45945,37.47189]}},{"type":"Feature","properties":{"k":"gate","ref":"645"},"geometry":{"type":"Point","coordinates":[126.46015,37.47233]}},{"type":"Feature","properties":{"k":"gate","ref":"646"},"geometry":{"type":"Point","coordinates":[126.46082,37.47271]}},{"type":"Feature","properties":{"k":"gate","ref":"647"},"geometry":{"type":"Point","coordinates":[126.46149,37.47309]}},{"type":"Feature","properties":{"k":"gate","ref":"1"},"geometry":{"type":"Point","coordinates":[126.81176,35.14043]}},{"type":"Feature","properties":{"k":"gate","ref":"2"},"geometry":{"type":"Point","coordinates":[126.81139,35.14002]}},{"type":"Feature","properties":{"k":"gate","ref":"5"},"geometry":{"type":"Point","coordinates":[126.81051,35.13875]}},{"type":"Feature","properties":{"k":"gate","ref":"4"},"geometry":{"type":"Point","coordinates":[126.81082,35.13915]}},{"type":"Feature","properties":{"k":"gate","ref":"3"},"geometry":{"type":"Point","coordinates":[126.81112,35.13958]}},{"type":"Feature","properties":{"k":"gate","ref":"13"},"geometry":{"type":"Point","coordinates":[127.5012,36.72447]}},{"type":"Feature","properties":{"k":"gate","ref":"3"},"geometry":{"type":"Point","coordinates":[127.49593,36.72109]}},{"type":"Feature","properties":{"k":"gate","ref":"302"},"geometry":{"type":"Point","coordinates":[126.80204,37.56962]}},{"type":"Feature","properties":{"k":"gate","ref":"303"},"geometry":{"type":"Point","coordinates":[126.80164,37.56994]}},{"type":"Feature","properties":{"k":"gate","ref":"304"},"geometry":{"type":"Point","coordinates":[126.80127,37.57023]}},{"type":"Feature","properties":{"k":"gate","ref":"305"},"geometry":{"type":"Point","coordinates":[126.8009,37.57052]}},{"type":"Feature","properties":{"k":"gate","ref":"306"},"geometry":{"type":"Point","coordinates":[126.80054,37.5708]}},{"type":"Feature","properties":{"k":"gate","ref":"307"},"geometry":{"type":"Point","coordinates":[126.80024,37.57104]}},{"type":"Feature","properties":{"k":"gate","ref":"213"},"geometry":{"type":"Point","coordinates":[126.80047,37.56896]}},{"type":"Feature","properties":{"k":"gate","ref":"5"},"geometry":{"type":"Point","coordinates":[127.49678,36.72162]}},{"type":"Feature","properties":{"k":"gate","ref":"6"},"geometry":{"type":"Point","coordinates":[127.49724,36.722]}},{"type":"Feature","properties":{"k":"gate","ref":"7L"},"geometry":{"type":"Point","coordinates":[127.49792,36.72217]}},{"type":"Feature","properties":{"k":"gate","ref":"7R"},"geometry":{"type":"Point","coordinates":[127.49826,36.72238]}},{"type":"Feature","properties":{"k":"gate","ref":"8"},"geometry":{"type":"Point","coordinates":[127.49858,36.7226]}},{"type":"Feature","properties":{"k":"gate","ref":"11"},"geometry":{"type":"Point","coordinates":[127.49983,36.72361]}},{"type":"Feature","properties":{"k":"gate","ref":"12"},"geometry":{"type":"Point","coordinates":[127.50052,36.72404]}},{"type":"Feature","properties":{"k":"gate","ref":"4"},"geometry":{"type":"Point","coordinates":[127.49634,36.7214]}},{"type":"Feature","properties":{"k":"gate","ref":"58R"},"geometry":{"type":"Point","coordinates":[128.94571,35.17819]}},{"type":"Feature","properties":{"k":"gate","ref":"58L"},"geometry":{"type":"Point","coordinates":[128.9453,35.17798]}},{"type":"Feature","properties":{"k":"gate","ref":"58"},"geometry":{"type":"Point","coordinates":[128.94542,35.17819]}},{"type":"Feature","properties":{"k":"gate","ref":"55R"},"geometry":{"type":"Point","coordinates":[128.94548,35.1762]}},{"type":"Feature","properties":{"k":"gate","ref":"55L"},"geometry":{"type":"Point","coordinates":[128.9459,35.17642]}},{"type":"Feature","properties":{"k":"gate","ref":"54R"},"geometry":{"type":"Point","coordinates":[128.94632,35.17663]}},{"type":"Feature","properties":{"k":"gate","ref":"54L"},"geometry":{"type":"Point","coordinates":[128.9455,35.17899]}},{"type":"Feature","properties":{"k":"gate","ref":"53R"},"geometry":{"type":"Point","coordinates":[128.94823,35.17745]}},{"type":"Feature","properties":{"k":"gate","ref":"53L"},"geometry":{"type":"Point","coordinates":[128.94798,35.17779]}},{"type":"Feature","properties":{"k":"gate","ref":"51R"},"geometry":{"type":"Point","coordinates":[128.94744,35.17849]}},{"type":"Feature","properties":{"k":"gate","ref":"51L"},"geometry":{"type":"Point","coordinates":[128.94711,35.17892]}},{"type":"Feature","properties":{"k":"gate","ref":"41"},"geometry":{"type":"Point","coordinates":[128.94994,35.16743]}},{"type":"Feature","properties":{"k":"gate","ref":"38"},"geometry":{"type":"Point","coordinates":[128.95047,35.16903]}},{"type":"Feature","properties":{"k":"gate","ref":"25"},"geometry":{"type":"Point","coordinates":[128.94357,35.17399]}},{"type":"Feature","properties":{"k":"gate","ref":"24"},"geometry":{"type":"Point","coordinates":[128.94363,35.17358]}},{"type":"Feature","properties":{"k":"gate","ref":"23"},"geometry":{"type":"Point","coordinates":[128.94365,35.17317]}},{"type":"Feature","properties":{"k":"gate","ref":"22"},"geometry":{"type":"Point","coordinates":[128.94373,35.17275]}},{"type":"Feature","properties":{"k":"gate","ref":"21"},"geometry":{"type":"Point","coordinates":[128.94378,35.17234]}},{"type":"Feature","properties":{"k":"gate","ref":"20"},"geometry":{"type":"Point","coordinates":[128.94383,35.17193]}},{"type":"Feature","properties":{"k":"gate","ref":"19"},"geometry":{"type":"Point","coordinates":[128.94389,35.17152]}},{"type":"Feature","properties":{"k":"gate","ref":"11"},"geometry":{"type":"Point","coordinates":[128.94619,35.17064]}},{"type":"Feature","properties":{"k":"gate","ref":"10"},"geometry":{"type":"Point","coordinates":[128.94607,35.17104]}},{"type":"Feature","properties":{"k":"gate","ref":"9"},"geometry":{"type":"Point","coordinates":[128.94601,35.17137]}},{"type":"Feature","properties":{"k":"gate"},"geometry":{"type":"Point","coordinates":[126.44011,37.47159]}},{"type":"Feature","properties":{"k":"gate"},"geometry":{"type":"Point","coordinates":[126.43954,37.4722]}},{"type":"Feature","properties":{"k":"gate"},"geometry":{"type":"Point","coordinates":[126.43904,37.47271]}},{"type":"Feature","properties":{"k":"gate"},"geometry":{"type":"Point","coordinates":[126.43857,37.47327]}},{"type":"Feature","properties":{"k":"gate"},"geometry":{"type":"Point","coordinates":[126.43814,37.47377]}},{"type":"Feature","properties":{"k":"gate"},"geometry":{"type":"Point","coordinates":[126.43779,37.47414]}},{"type":"Feature","properties":{"k":"gate"},"geometry":{"type":"Point","coordinates":[126.43752,37.47443]}},{"type":"Feature","properties":{"k":"gate","ref":"231"},"geometry":{"type":"Point","coordinates":[126.43168,37.46482]}},{"type":"Feature","properties":{"k":"gate","ref":"232"},"geometry":{"type":"Point","coordinates":[126.43198,37.46404]}},{"type":"Feature","properties":{"k":"gate","ref":"233"},"geometry":{"type":"Point","coordinates":[126.43236,37.46339]}},{"type":"Feature","properties":{"k":"gate","ref":"234"},"geometry":{"type":"Point","coordinates":[126.43272,37.46256]}},{"type":"Feature","properties":{"k":"gate","ref":"236"},"geometry":{"type":"Point","coordinates":[126.43323,37.46162]}},{"type":"Feature","properties":{"k":"gate","ref":"235"},"geometry":{"type":"Point","coordinates":[126.43294,37.46209]}},{"type":"Feature","properties":{"k":"gate","ref":"237"},"geometry":{"type":"Point","coordinates":[126.43352,37.46174]}},{"type":"Feature","properties":{"k":"gate","ref":"238"},"geometry":{"type":"Point","coordinates":[126.434,37.46171]}},{"type":"Feature","properties":{"k":"gate","ref":"239"},"geometry":{"type":"Point","coordinates":[126.43429,37.46192]}},{"type":"Feature","properties":{"k":"gate","ref":"240"},"geometry":{"type":"Point","coordinates":[126.43442,37.46215]}},{"type":"Feature","properties":{"k":"gate","ref":"241"},"geometry":{"type":"Point","coordinates":[126.43452,37.46254]}},{"type":"Feature","properties":{"k":"gate","ref":"242"},"geometry":{"type":"Point","coordinates":[126.43422,37.46287]}},{"type":"Feature","properties":{"k":"gate","ref":"243"},"geometry":{"type":"Point","coordinates":[126.43392,37.46334]}},{"type":"Feature","properties":{"k":"gate","ref":"246"},"geometry":{"type":"Point","coordinates":[126.43347,37.46354]}},{"type":"Feature","properties":{"k":"gate","ref":"246"},"geometry":{"type":"Point","coordinates":[126.43312,37.46427]}},{"type":"Feature","properties":{"k":"gate","ref":"247"},"geometry":{"type":"Point","coordinates":[126.4332,37.46526]}},{"type":"Feature","properties":{"k":"gate","ref":"248"},"geometry":{"type":"Point","coordinates":[126.43393,37.46589]}},{"type":"Feature","properties":{"k":"gate","ref":"249"},"geometry":{"type":"Point","coordinates":[126.43468,37.46631]}},{"type":"Feature","properties":{"k":"gate","ref":"250"},"geometry":{"type":"Point","coordinates":[126.43539,37.46639]}},{"type":"Feature","properties":{"k":"gate","ref":"251"},"geometry":{"type":"Point","coordinates":[126.43596,37.46712]}},{"type":"Feature","properties":{"k":"gate","ref":"252"},"geometry":{"type":"Point","coordinates":[126.43672,37.46755]}},{"type":"Feature","properties":{"k":"gate","ref":"253"},"geometry":{"type":"Point","coordinates":[126.43774,37.46788]}},{"type":"Feature","properties":{"k":"gate","ref":"254"},"geometry":{"type":"Point","coordinates":[126.43901,37.46768]}},{"type":"Feature","properties":{"k":"gate","ref":"255"},"geometry":{"type":"Point","coordinates":[126.44,37.46682]}},{"type":"Feature","properties":{"k":"gate","ref":"256"},"geometry":{"type":"Point","coordinates":[126.44031,37.46628]}},{"type":"Feature","properties":{"k":"gate","ref":"257"},"geometry":{"type":"Point","coordinates":[126.44065,37.46598]}},{"type":"Feature","properties":{"k":"gate","ref":"258"},"geometry":{"type":"Point","coordinates":[126.44109,37.46577]}},{"type":"Feature","properties":{"k":"gate","ref":"259"},"geometry":{"type":"Point","coordinates":[126.44127,37.46598]}},{"type":"Feature","properties":{"k":"gate","ref":"260"},"geometry":{"type":"Point","coordinates":[126.4417,37.46622]}},{"type":"Feature","properties":{"k":"gate","ref":"261"},"geometry":{"type":"Point","coordinates":[126.44187,37.46655]}},{"type":"Feature","properties":{"k":"gate","ref":"263"},"geometry":{"type":"Point","coordinates":[126.44166,37.46709]}},{"type":"Feature","properties":{"k":"gate","ref":"264"},"geometry":{"type":"Point","coordinates":[126.44118,37.46747]}},{"type":"Feature","properties":{"k":"gate","ref":"265"},"geometry":{"type":"Point","coordinates":[126.44037,37.46797]}},{"type":"Feature","properties":{"k":"gate","ref":"266"},"geometry":{"type":"Point","coordinates":[126.43959,37.46838]}},{"type":"Feature","properties":{"k":"gate","ref":"267"},"geometry":{"type":"Point","coordinates":[126.43882,37.46894]}},{"type":"Feature","properties":{"k":"gate","ref":"268"},"geometry":{"type":"Point","coordinates":[126.43801,37.4695]}},{"type":"Feature","properties":{"k":"gate","ref":"262"},"geometry":{"type":"Point","coordinates":[126.44143,37.46648]}},{"type":"Feature","properties":{"k":"gate","ref":"259"},"geometry":{"type":"Point","coordinates":[126.44098,37.46623]}},{"type":"Feature","properties":{"k":"gate","ref":"251"},"geometry":{"type":"Point","coordinates":[126.43561,37.46695]}},{"type":"Feature","properties":{"k":"gate","ref":"252"},"geometry":{"type":"Point","coordinates":[126.43627,37.46729]}},{"type":"Feature","properties":{"k":"gate","ref":"243"},"geometry":{"type":"Point","coordinates":[126.43372,37.4627]}},{"type":"Feature","properties":{"k":"gate","ref":"241"},"geometry":{"type":"Point","coordinates":[126.43392,37.46234]}},{"type":"Feature","properties":{"k":"gate","ref":"240"},"geometry":{"type":"Point","coordinates":[126.43389,37.46218]}},{"type":"Feature","properties":{"k":"gate","ref":"268"},"geometry":{"type":"Point","coordinates":[126.43813,37.4688]}},{"type":"Feature","properties":{"k":"gate","ref":"267"},"geometry":{"type":"Point","coordinates":[126.43904,37.46831]}},{"type":"Feature","properties":{"k":"gate","ref":"264"},"geometry":{"type":"Point","coordinates":[126.44119,37.46682]}},{"type":"Feature","properties":{"k":"gate","ref":"263"},"geometry":{"type":"Point","coordinates":[126.44143,37.46663]}},{"type":"Feature","properties":{"k":"gate","ref":"261"},"geometry":{"type":"Point","coordinates":[126.44136,37.46639]}},{"type":"Feature","properties":{"k":"gate","ref":"260"},"geometry":{"type":"Point","coordinates":[126.44121,37.46629]}},{"type":"Feature","properties":{"k":"gate","ref":"258"},"geometry":{"type":"Point","coordinates":[126.44086,37.46624]}},{"type":"Feature","properties":{"k":"gate","ref":"257"},"geometry":{"type":"Point","coordinates":[126.44068,37.4663]}},{"type":"Feature","properties":{"k":"gate","ref":"256"},"geometry":{"type":"Point","coordinates":[126.44052,37.46654]}},{"type":"Feature","properties":{"k":"gate","ref":"266"},"geometry":{"type":"Point","coordinates":[126.43985,37.46775]}},{"type":"Feature","properties":{"k":"gate","ref":"265"},"geometry":{"type":"Point","coordinates":[126.44039,37.46738]}},{"type":"Feature","properties":{"k":"gate","ref":"255"},"geometry":{"type":"Point","coordinates":[126.44007,37.4671]}},{"type":"Feature","properties":{"k":"gate","ref":"254"},"geometry":{"type":"Point","coordinates":[126.43884,37.46789]}},{"type":"Feature","properties":{"k":"gate","ref":"253"},"geometry":{"type":"Point","coordinates":[126.43715,37.46772]}},{"type":"Feature","properties":{"k":"gate","ref":"250"},"geometry":{"type":"Point","coordinates":[126.43496,37.46655]}},{"type":"Feature","properties":{"k":"gate","ref":"249"},"geometry":{"type":"Point","coordinates":[126.43424,37.4662]}},{"type":"Feature","properties":{"k":"gate","ref":"248"},"geometry":{"type":"Point","coordinates":[126.43346,37.46565]}},{"type":"Feature","properties":{"k":"gate","ref":"247"},"geometry":{"type":"Point","coordinates":[126.43269,37.46489]}},{"type":"Feature","properties":{"k":"gate","ref":"234"},"geometry":{"type":"Point","coordinates":[126.43277,37.4628]}},{"type":"Feature","properties":{"k":"gate","ref":"235"},"geometry":{"type":"Point","coordinates":[126.43301,37.46227]}},{"type":"Feature","properties":{"k":"gate","ref":"236"},"geometry":{"type":"Point","coordinates":[126.43322,37.46211]}},{"type":"Feature","properties":{"k":"gate","ref":"237"},"geometry":{"type":"Point","coordinates":[126.43341,37.46203]}},{"type":"Feature","properties":{"k":"gate","ref":"238"},"geometry":{"type":"Point","coordinates":[126.43362,37.462]}},{"type":"Feature","properties":{"k":"gate","ref":"239"},"geometry":{"type":"Point","coordinates":[126.4338,37.4621]}},{"type":"Feature","properties":{"k":"gate","ref":"242"},"geometry":{"type":"Point","coordinates":[126.43386,37.4625]}},{"type":"Feature","properties":{"k":"gate","ref":"245"},"geometry":{"type":"Point","coordinates":[126.43338,37.46299]}},{"type":"Feature","properties":{"k":"gate","ref":"246"},"geometry":{"type":"Point","coordinates":[126.4329,37.46372]}},{"type":"Feature","properties":{"k":"gate","ref":"25"},"geometry":{"type":"Point","coordinates":[126.45155,37.45107]}},{"type":"Feature","properties":{"k":"gate","ref":"2"},"geometry":{"type":"Point","coordinates":[126.80489,37.55642]}},{"type":"Feature","properties":{"k":"gate"},"geometry":{"type":"Point","coordinates":[126.80051,37.55974]}},{"type":"Feature","properties":{"k":"gate","ref":"18"},"geometry":{"type":"Point","coordinates":[126.80078,37.5602]}},{"type":"Feature","properties":{"k":"gate"},"geometry":{"type":"Point","coordinates":[128.66429,38.05849]}},{"type":"Feature","properties":{"k":"gate"},"geometry":{"type":"Point","coordinates":[128.66383,38.05893]}},{"type":"Feature","properties":{"k":"gate"},"geometry":{"type":"Point","coordinates":[128.66334,38.05942]}},{"type":"Feature","properties":{"k":"gate","ref":"35"},"geometry":{"type":"Point","coordinates":[126.3869,34.99508]}},{"type":"Feature","properties":{"k":"gate","ref":"1"},"geometry":{"type":"Point","coordinates":[127.49509,36.72065]}},{"type":"Feature","properties":{"k":"gate","ref":"2"},"geometry":{"type":"Point","coordinates":[127.49554,36.72085]}},{"type":"Feature","properties":{"k":"gate","ref":"31"},"geometry":{"type":"Point","coordinates":[126.38621,34.99507]}},{"type":"Feature","properties":{"k":"gate","ref":"32"},"geometry":{"type":"Point","coordinates":[126.38638,34.99507]}},{"type":"Feature","properties":{"k":"gate","ref":"33"},"geometry":{"type":"Point","coordinates":[126.38655,34.99508]}},{"type":"Feature","properties":{"k":"gate","ref":"34"},"geometry":{"type":"Point","coordinates":[126.38672,34.99508]}},{"type":"Feature","properties":{"k":"gate","ref":"40"},"geometry":{"type":"Point","coordinates":[126.38621,34.99514]}},{"type":"Feature","properties":{"k":"gate","ref":"39"},"geometry":{"type":"Point","coordinates":[126.38639,34.99514]}},{"type":"Feature","properties":{"k":"gate","ref":"38"},"geometry":{"type":"Point","coordinates":[126.38657,34.99515]}},{"type":"Feature","properties":{"k":"gate","ref":"37"},"geometry":{"type":"Point","coordinates":[126.38676,34.99515]}},{"type":"Feature","properties":{"k":"gate","ref":"36"},"geometry":{"type":"Point","coordinates":[126.38694,34.99516]}},{"type":"Feature","properties":{"k":"gate","ref":"41"},"geometry":{"type":"Point","coordinates":[126.3862,34.9956]}},{"type":"Feature","properties":{"k":"gate","ref":"42"},"geometry":{"type":"Point","coordinates":[126.38637,34.99561]}},{"type":"Feature","properties":{"k":"gate","ref":"43"},"geometry":{"type":"Point","coordinates":[126.38655,34.9956]}},{"type":"Feature","properties":{"k":"gate","ref":"44"},"geometry":{"type":"Point","coordinates":[126.38672,34.99561]}},{"type":"Feature","properties":{"k":"gate","ref":"45"},"geometry":{"type":"Point","coordinates":[126.38689,34.99562]}},{"type":"Feature","properties":{"k":"gate","ref":"50"},"geometry":{"type":"Point","coordinates":[126.3862,34.99567]}},{"type":"Feature","properties":{"k":"gate","ref":"49"},"geometry":{"type":"Point","coordinates":[126.38638,34.99567]}},{"type":"Feature","properties":{"k":"gate","ref":"48"},"geometry":{"type":"Point","coordinates":[126.38657,34.99568]}},{"type":"Feature","properties":{"k":"gate","ref":"47"},"geometry":{"type":"Point","coordinates":[126.38675,34.99568]}},{"type":"Feature","properties":{"k":"gate","ref":"46"},"geometry":{"type":"Point","coordinates":[126.38693,34.99569]}},{"type":"Feature","properties":{"k":"gate","ref":"51"},"geometry":{"type":"Point","coordinates":[126.38619,34.99613]}},{"type":"Feature","properties":{"k":"gate","ref":"1"},"geometry":{"type":"Point","coordinates":[126.38701,34.99452]}},{"type":"Feature","properties":{"k":"gate","ref":"2"},"geometry":{"type":"Point","coordinates":[126.38702,34.99402]}},{"type":"Feature","properties":{"k":"gate","ref":"3"},"geometry":{"type":"Point","coordinates":[126.38702,34.99336]}},{"type":"Feature","properties":{"k":"gate","ref":"4"},"geometry":{"type":"Point","coordinates":[126.38705,34.99268]}},{"type":"Feature","properties":{"k":"gate","ref":"5"},"geometry":{"type":"Point","coordinates":[126.38705,34.99203]}},{"type":"Feature","properties":{"k":"gate","ref":"6"},"geometry":{"type":"Point","coordinates":[126.38704,34.99138]}},{"type":"Feature","properties":{"k":"gate","ref":"52"},"geometry":{"type":"Point","coordinates":[126.38637,34.99613]}},{"type":"Feature","properties":{"k":"gate","ref":"53"},"geometry":{"type":"Point","coordinates":[126.38654,34.99614]}},{"type":"Feature","properties":{"k":"gate","ref":"54"},"geometry":{"type":"Point","coordinates":[126.38671,34.99614]}},{"type":"Feature","properties":{"k":"gate","ref":"55"},"geometry":{"type":"Point","coordinates":[126.38688,34.99614]}},{"type":"Feature","properties":{"k":"gate","ref":"60"},"geometry":{"type":"Point","coordinates":[126.38619,34.99619]}},{"type":"Feature","properties":{"k":"gate","ref":"59"},"geometry":{"type":"Point","coordinates":[126.38638,34.9962]}},{"type":"Feature","properties":{"k":"gate","ref":"58"},"geometry":{"type":"Point","coordinates":[126.38656,34.9962]}},{"type":"Feature","properties":{"k":"gate","ref":"57"},"geometry":{"type":"Point","coordinates":[126.38675,34.9962]}},{"type":"Feature","properties":{"k":"gate","ref":"56"},"geometry":{"type":"Point","coordinates":[126.38694,34.9962]}},{"type":"Feature","properties":{"k":"gate","ref":"61"},"geometry":{"type":"Point","coordinates":[126.38619,34.99665]}},{"type":"Feature","properties":{"k":"gate","ref":"62"},"geometry":{"type":"Point","coordinates":[126.38637,34.99665]}},{"type":"Feature","properties":{"k":"gate","ref":"63"},"geometry":{"type":"Point","coordinates":[126.38654,34.99665]}},{"type":"Feature","properties":{"k":"gate","ref":"64"},"geometry":{"type":"Point","coordinates":[126.38672,34.99665]}},{"type":"Feature","properties":{"k":"gate","ref":"65"},"geometry":{"type":"Point","coordinates":[126.38689,34.99665]}},{"type":"Feature","properties":{"k":"gate","ref":"70"},"geometry":{"type":"Point","coordinates":[126.38619,34.99671]}},{"type":"Feature","properties":{"k":"gate","ref":"69"},"geometry":{"type":"Point","coordinates":[126.38638,34.99671]}},{"type":"Feature","properties":{"k":"gate","ref":"68"},"geometry":{"type":"Point","coordinates":[126.38657,34.99671]}},{"type":"Feature","properties":{"k":"gate","ref":"67"},"geometry":{"type":"Point","coordinates":[126.38675,34.99672]}},{"type":"Feature","properties":{"k":"gate","ref":"66"},"geometry":{"type":"Point","coordinates":[126.38694,34.99671]}},{"type":"Feature","properties":{"k":"gate","ref":"74"},"geometry":{"type":"Point","coordinates":[126.38693,34.99729]}},{"type":"Feature","properties":{"k":"gate","ref":"73"},"geometry":{"type":"Point","coordinates":[126.38672,34.99728]}},{"type":"Feature","properties":{"k":"gate","ref":"72"},"geometry":{"type":"Point","coordinates":[126.38652,34.99728]}},{"type":"Feature","properties":{"k":"gate","ref":"71"},"geometry":{"type":"Point","coordinates":[126.38631,34.99727]}},{"type":"Feature","properties":{"k":"gate","ref":"6R"},"geometry":{"type":"Point","coordinates":[126.38663,34.99124]}},{"type":"Feature","properties":{"k":"gate","ref":"6L"},"geometry":{"type":"Point","coordinates":[126.38663,34.99154]}},{"type":"Feature","properties":{"k":"gate","ref":"6L"},"geometry":{"type":"Point","coordinates":[127.49724,36.72175]}},{"type":"Feature","properties":{"k":"gate","ref":"6R"},"geometry":{"type":"Point","coordinates":[127.49762,36.72199]}},{"type":"Feature","properties":{"k":"gate","ref":"7"},"geometry":{"type":"Point","coordinates":[127.49791,36.72239]}},{"type":"Feature","properties":{"k":"gate","ref":"9"},"geometry":{"type":"Point","coordinates":[127.49903,36.72288]}},{"type":"Feature","properties":{"k":"gate","ref":"10"},"geometry":{"type":"Point","coordinates":[127.49944,36.72313]}},{"type":"Feature","properties":{"k":"gate","ref":"71"},"geometry":{"type":"Point","coordinates":[127.49676,36.71938]}},{"type":"Feature","properties":{"k":"gate","ref":"72"},"geometry":{"type":"Point","coordinates":[127.49663,36.71952]}},{"type":"Feature","properties":{"k":"gate","ref":"73"},"geometry":{"type":"Point","coordinates":[127.4965,36.71964]}},{"type":"Feature","properties":{"k":"gate","ref":"74"},"geometry":{"type":"Point","coordinates":[127.49638,36.71978]}},{"type":"Feature","properties":{"k":"gate","ref":"78"},"geometry":{"type":"Point","coordinates":[127.49607,36.71959]}},{"type":"Feature","properties":{"k":"gate","ref":"77"},"geometry":{"type":"Point","coordinates":[127.49619,36.71946]}},{"type":"Feature","properties":{"k":"gate","ref":"76"},"geometry":{"type":"Point","coordinates":[127.49631,36.71933]}},{"type":"Feature","properties":{"k":"gate","ref":"75"},"geometry":{"type":"Point","coordinates":[127.49644,36.7192]}},{"type":"Feature","properties":{"k":"gate","ref":"1"},"geometry":{"type":"Point","coordinates":[127.49504,36.72068]}},{"type":"Feature","properties":{"k":"gate","ref":"2"},"geometry":{"type":"Point","coordinates":[127.49534,36.72104]}},{"type":"Feature","properties":{"k":"gate","ref":"3"},"geometry":{"type":"Point","coordinates":[127.49561,36.72122]}},{"type":"Feature","properties":{"k":"gate","ref":"4"},"geometry":{"type":"Point","coordinates":[127.49605,36.72149]}},{"type":"Feature","properties":{"k":"gate","ref":"5"},"geometry":{"type":"Point","coordinates":[127.49671,36.72169]}},{"type":"Feature","properties":{"k":"gate","ref":"6"},"geometry":{"type":"Point","coordinates":[127.4969,36.72201]}},{"type":"Feature","properties":{"k":"gate","ref":"7"},"geometry":{"type":"Point","coordinates":[127.49714,36.72217]}},{"type":"Feature","properties":{"k":"gate","ref":"3"},"geometry":{"type":"Point","coordinates":[126.81075,35.13956]}},{"type":"Feature","properties":{"k":"gate","ref":"2"},"geometry":{"type":"Point","coordinates":[126.81108,35.13996]}},{"type":"Feature","properties":{"k":"gate"},"geometry":{"type":"Point","coordinates":[126.43456,37.46468]}},{"type":"Feature","properties":{"k":"gate","ref":"369"},"geometry":{"type":"Point","coordinates":[126.43971,37.46126]}},{"type":"Feature","properties":{"k":"gate","ref":"368"},"geometry":{"type":"Point","coordinates":[126.44041,37.46162]}},{"type":"Feature","properties":{"k":"gate","ref":"33"},"geometry":{"type":"Point","coordinates":[128.94841,35.17009]}},{"type":"Feature","properties":{"k":"gate","ref":"35"},"geometry":{"type":"Point","coordinates":[128.94875,35.16997]}},{"type":"Feature","properties":{"k":"gate","ref":"2"},"geometry":{"type":"Point","coordinates":[128.94604,35.17374]}},{"type":"Feature","properties":{"k":"gate","ref":"4"},"geometry":{"type":"Point","coordinates":[128.94614,35.17326]}},{"type":"Feature","properties":{"k":"gate","ref":"6"},"geometry":{"type":"Point","coordinates":[128.94626,35.17235]}},{"type":"Feature","properties":{"k":"gate","ref":"11"},"geometry":{"type":"Point","coordinates":[128.94641,35.17112]}},{"type":"Feature","properties":{"k":"gate","ref":"10"},"geometry":{"type":"Point","coordinates":[128.94638,35.17136]}},{"type":"Feature","properties":{"k":"gate","ref":"9"},"geometry":{"type":"Point","coordinates":[128.94633,35.17163]}},{"type":"Feature","properties":{"k":"gate","ref":"8"},"geometry":{"type":"Point","coordinates":[128.94632,35.17189]}},{"type":"Feature","properties":{"k":"gate","ref":"2"},"geometry":{"type":"Point","coordinates":[126.80539,37.55673]}},{"type":"Feature","properties":{"k":"gate","ref":"4"},"geometry":{"type":"Point","coordinates":[126.80451,37.55715]}},{"type":"Feature","properties":{"k":"gate","ref":"6"},"geometry":{"type":"Point","coordinates":[126.80408,37.5575]}},{"type":"Feature","properties":{"k":"gate","ref":"8"},"geometry":{"type":"Point","coordinates":[126.80369,37.55781]}},{"type":"Feature","properties":{"k":"gate","ref":"10"},"geometry":{"type":"Point","coordinates":[126.80336,37.55806]}},{"type":"Feature","properties":{"k":"gate","ref":"11"},"geometry":{"type":"Point","coordinates":[126.80278,37.55828]}},{"type":"Feature","properties":{"k":"gate","ref":"12"},"geometry":{"type":"Point","coordinates":[126.80262,37.55839]}},{"type":"Feature","properties":{"k":"gate","ref":"13"},"geometry":{"type":"Point","coordinates":[126.80242,37.55855]}},{"type":"Feature","properties":{"k":"gate","ref":"15"},"geometry":{"type":"Point","coordinates":[126.80203,37.5594]}},{"type":"Feature","properties":{"k":"gate","ref":"19"},"geometry":{"type":"Point","coordinates":[126.80084,37.56036]}},{"type":"Feature","properties":{"k":"gate","ref":"34"},"geometry":{"type":"Point","coordinates":[126.79999,37.5661]}},{"type":"Feature","properties":{"k":"gate","ref":"R1"},"geometry":{"type":"Point","coordinates":[126.80092,37.56668]}},{"type":"Feature","properties":{"k":"gate","ref":"1A"},"geometry":{"type":"Point","coordinates":[126.49556,33.50747]}},{"type":"Feature","properties":{"k":"gate","ref":"1"},"geometry":{"type":"Point","coordinates":[126.49547,33.50753]}},{"type":"Feature","properties":{"k":"gate","ref":"2"},"geometry":{"type":"Point","coordinates":[126.49528,33.50749]}},{"type":"Feature","properties":{"k":"gate","ref":"3"},"geometry":{"type":"Point","coordinates":[126.49488,33.50749]}},{"type":"Feature","properties":{"k":"gate","ref":"4"},"geometry":{"type":"Point","coordinates":[126.49464,33.50747]}},{"type":"Feature","properties":{"k":"gate","ref":"5"},"geometry":{"type":"Point","coordinates":[126.49419,33.50746]}},{"type":"Feature","properties":{"k":"gate","ref":"6"},"geometry":{"type":"Point","coordinates":[126.49395,33.50746]}},{"type":"Feature","properties":{"k":"gate","ref":"7"},"geometry":{"type":"Point","coordinates":[126.49327,33.50744]}},{"type":"Feature","properties":{"k":"gate","ref":"8"},"geometry":{"type":"Point","coordinates":[126.49303,33.50743]}},{"type":"Feature","properties":{"k":"gate","ref":"9"},"geometry":{"type":"Point","coordinates":[126.4927,33.50741]}},{"type":"Feature","properties":{"k":"gate","ref":"10"},"geometry":{"type":"Point","coordinates":[126.4924,33.50711]}},{"type":"Feature","properties":{"k":"gate","ref":"11"},"geometry":{"type":"Point","coordinates":[126.49228,33.50692]}},{"type":"Feature","properties":{"k":"gate","ref":"12"},"geometry":{"type":"Point","coordinates":[126.49197,33.50662]}},{"type":"Feature","properties":{"k":"gate","ref":"13"},"geometry":{"type":"Point","coordinates":[126.49165,33.50667]}},{"type":"Feature","properties":{"k":"gate","ref":"3A"},"geometry":{"type":"Point","coordinates":[126.49497,33.50746]}},{"type":"Feature","properties":{"k":"gate","ref":"14"},"geometry":{"type":"Point","coordinates":[126.49133,33.50627]}},{"type":"Feature","properties":{"k":"gate","ref":"15"},"geometry":{"type":"Point","coordinates":[126.49097,33.50634]}},{"type":"Feature","properties":{"k":"gate","ref":"16"},"geometry":{"type":"Point","coordinates":[126.49067,33.50594]}},{"type":"Feature","properties":{"k":"gate","ref":"17"},"geometry":{"type":"Point","coordinates":[126.4903,33.50602]}},{"type":"Feature","properties":{"k":"gate","ref":"18"},"geometry":{"type":"Point","coordinates":[126.48975,33.50571]}},{"type":"Feature","properties":{"k":"gate","ref":"21"},"geometry":{"type":"Point","coordinates":[126.49035,33.50525]}},{"type":"Feature","properties":{"k":"gate","ref":"22"},"geometry":{"type":"Point","coordinates":[126.49012,33.50513]}},{"type":"Feature","properties":{"k":"gate","ref":"35"},"geometry":{"type":"Point","coordinates":[126.44542,37.45082]}},{"type":"Feature","properties":{"k":"gate","ref":"12A"},"geometry":{"type":"Point","coordinates":[128.94687,35.17091]}},{"type":"Feature","properties":{"k":"gate","ref":"12"},"geometry":{"type":"Point","coordinates":[128.94704,35.17085]}},{"type":"Feature","properties":{"k":"gate","ref":"13"},"geometry":{"type":"Point","coordinates":[128.94719,35.17079]}},{"type":"Feature","properties":{"k":"gate","ref":"233"},"geometry":{"type":"Point","coordinates":[126.43234,37.46367]}},{"type":"Feature","properties":{"k":"gate","ref":"232"},"geometry":{"type":"Point","coordinates":[126.43216,37.46457]}},{"type":"Feature","properties":{"k":"gate","ref":"231"},"geometry":{"type":"Point","coordinates":[126.4318,37.46547]}},{"type":"Feature","properties":{"k":"gate","ref":"230"},"geometry":{"type":"Point","coordinates":[126.43098,37.46609]}},{"type":"Feature","properties":{"k":"gate","ref":"223"},"geometry":{"type":"Point","coordinates":[126.42989,37.46712]}},{"type":"Feature","properties":{"k":"gate","ref":"224"},"geometry":{"type":"Point","coordinates":[126.4301,37.46692]}},{"type":"Feature","properties":{"k":"gate","ref":"222"},"geometry":{"type":"Point","coordinates":[126.42958,37.46741]}},{"type":"Feature","properties":{"k":"gate","ref":"220"},"geometry":{"type":"Point","coordinates":[126.42863,37.46837]}},{"type":"Feature","properties":{"k":"gate","ref":"219"},"geometry":{"type":"Point","coordinates":[126.42825,37.46873]}},{"type":"Feature","properties":{"k":"gate","ref":"221"},"geometry":{"type":"Point","coordinates":[126.4292,37.46785]}},{"type":"Feature","properties":{"k":"gate","ref":"218"},"geometry":{"type":"Point","coordinates":[126.42777,37.46921]}},{"type":"Feature","properties":{"k":"gate","ref":"217"},"geometry":{"type":"Point","coordinates":[126.42722,37.46969]}},{"type":"Feature","properties":{"k":"gate","ref":"216"},"geometry":{"type":"Point","coordinates":[126.42702,37.46994]}},{"type":"Feature","properties":{"k":"gate","ref":"215"},"geometry":{"type":"Point","coordinates":[126.42706,37.47014]}},{"type":"Feature","properties":{"k":"gate","ref":"214"},"geometry":{"type":"Point","coordinates":[126.42709,37.47027]}},{"type":"Feature","properties":{"k":"gate","ref":"213"},"geometry":{"type":"Point","coordinates":[126.42724,37.47035]}},{"type":"Feature","properties":{"k":"gate","ref":"212"},"geometry":{"type":"Point","coordinates":[126.42741,37.47043]}},{"type":"Feature","properties":{"k":"gate","ref":"211"},"geometry":{"type":"Point","coordinates":[126.42752,37.47048]}},{"type":"Feature","properties":{"k":"gate","ref":"210"},"geometry":{"type":"Point","coordinates":[126.42783,37.47056]}},{"type":"Feature","properties":{"k":"gate","ref":"209"},"geometry":{"type":"Point","coordinates":[126.42827,37.47062]}},{"type":"Feature","properties":{"k":"gate","ref":"208"},"geometry":{"type":"Point","coordinates":[126.42838,37.47058]}},{"type":"Feature","properties":{"k":"gate","ref":"274"},"geometry":{"type":"Point","coordinates":[126.43703,37.47073]}},{"type":"Feature","properties":{"k":"gate","ref":"275"},"geometry":{"type":"Point","coordinates":[126.43687,37.47095]}},{"type":"Feature","properties":{"k":"gate","ref":"276"},"geometry":{"type":"Point","coordinates":[126.43659,37.4713]}},{"type":"Feature","properties":{"k":"gate","ref":"277"},"geometry":{"type":"Point","coordinates":[126.43622,37.47174]}},{"type":"Feature","properties":{"k":"gate","ref":"278"},"geometry":{"type":"Point","coordinates":[126.43578,37.4723]}},{"type":"Feature","properties":{"k":"gate","ref":"279"},"geometry":{"type":"Point","coordinates":[126.43537,37.47279]}},{"type":"Feature","properties":{"k":"gate","ref":"280"},"geometry":{"type":"Point","coordinates":[126.43508,37.47323]}},{"type":"Feature","properties":{"k":"gate","ref":"281"},"geometry":{"type":"Point","coordinates":[126.43477,37.47365]}},{"type":"Feature","properties":{"k":"gate","ref":"282"},"geometry":{"type":"Point","coordinates":[126.43457,37.47402]}},{"type":"Feature","properties":{"k":"gate","ref":"283"},"geometry":{"type":"Point","coordinates":[126.43437,37.47417]}},{"type":"Feature","properties":{"k":"gate","ref":"284"},"geometry":{"type":"Point","coordinates":[126.4342,37.47422]}},{"type":"Feature","properties":{"k":"gate","ref":"285"},"geometry":{"type":"Point","coordinates":[126.43393,37.47424]}},{"type":"Feature","properties":{"k":"gate","ref":"286"},"geometry":{"type":"Point","coordinates":[126.43375,37.47418]}},{"type":"Feature","properties":{"k":"gate","ref":"287"},"geometry":{"type":"Point","coordinates":[126.43352,37.47394]}},{"type":"Feature","properties":{"k":"gate","ref":"288"},"geometry":{"type":"Point","coordinates":[126.4334,37.47384]}},{"type":"Feature","properties":{"k":"gate","ref":"289"},"geometry":{"type":"Point","coordinates":[126.43324,37.47369]}},{"type":"Feature","properties":{"k":"gate","ref":"290"},"geometry":{"type":"Point","coordinates":[126.43303,37.47341]}},{"type":"Feature","properties":{"k":"gate","ref":"291"},"geometry":{"type":"Point","coordinates":[126.43302,37.47323]}},{"type":"Feature","properties":{"k":"gate","ref":"270"},"geometry":{"type":"Point","coordinates":[126.43762,37.46999]}},{"type":"Feature","properties":{"k":"gate","ref":"269"},"geometry":{"type":"Point","coordinates":[126.43769,37.46987]}},{"type":"Feature","properties":{"k":"gate"},"geometry":{"type":"Point","coordinates":[128.94695,35.17048]}},{"type":"Feature","properties":{"k":"gate","ref":"8A"},"geometry":{"type":"Point","coordinates":[128.94633,35.17178]}},{"type":"Feature","properties":{"k":"gate","ref":"10A"},"geometry":{"type":"Point","coordinates":[128.9464,35.17121]}},{"type":"Feature","properties":{"k":"rwy"},"geometry":{"type":"LineString","coordinates":[[126.44019,37.48392],[126.44028,37.48383],[126.44075,37.4833],[126.444,37.47965],[126.44501,37.4785],[126.44794,37.47522],[126.44963,37.47332],[126.45104,37.47173],[126.45133,37.4714],[126.45154,37.47117],[126.45211,37.47054],[126.45245,37.47015],[126.45279,37.46976],[126.45339,37.4691],[126.4542,37.46818],[126.45498,37.46731],[126.4569,37.46515],[126.45988,37.4618],[126.46037,37.46125],[126.4608,37.46077],[126.46411,37.45705],[126.46461,37.45648],[126.4647,37.45638]]}},{"type":"Feature","properties":{"k":"rwy"},"geometry":{"type":"LineString","coordinates":[[126.43639,37.48176],[126.43647,37.48167],[126.43696,37.48112],[126.43771,37.48028],[126.44024,37.47744],[126.44123,37.47632],[126.44388,37.47332],[126.44434,37.47281],[126.44482,37.47227],[126.44611,37.47084],[126.44813,37.46857],[126.44864,37.46799],[126.44913,37.46744],[126.4513,37.465],[126.45284,37.46326],[126.4533,37.46275],[126.45376,37.46223],[126.45598,37.45973],[126.45699,37.45859],[126.45967,37.45557],[126.46024,37.45493],[126.46079,37.45432],[126.46082,37.45428]]}},{"type":"Feature","properties":{"k":"rwy"},"geometry":{"type":"LineString","coordinates":[[126.49761,33.51488],[126.49686,33.51449],[126.4959,33.514],[126.49407,33.51307],[126.49268,33.51234],[126.48757,33.5097],[126.48598,33.50888],[126.48488,33.50831],[126.48349,33.50761],[126.4826,33.50714],[126.48136,33.50651],[126.48046,33.50605],[126.47943,33.50553],[126.47762,33.50458],[126.47677,33.50416],[126.47655,33.50404],[126.47495,33.50324],[126.47427,33.5029],[126.47268,33.50205],[126.47163,33.50154],[126.47033,33.50086],[126.46921,33.50027],[126.46849,33.4999]]}},{"type":"Feature","properties":{"k":"rwy"},"geometry":{"type":"LineString","coordinates":[[128.64682,35.90149],[128.64699,35.90139],[128.64726,35.90124],[128.65083,35.89926],[128.65466,35.89714],[128.65514,35.89688],[128.65561,35.89662],[128.66338,35.89232],[128.66765,35.88996],[128.67091,35.88816],[128.67148,35.88784],[128.67174,35.8877],[128.67193,35.88759]]}},{"type":"Feature","properties":{"k":"rwy"},"geometry":{"type":"LineString","coordinates":[[129.35098,35.60247],[129.35099,35.60238],[129.35106,35.60157],[129.35109,35.60117],[129.35111,35.60098],[129.35167,35.59429],[129.35176,35.59321],[129.35184,35.5922],[129.35238,35.58581],[129.35241,35.58535],[129.35248,35.58455],[129.35249,35.58449]]}},{"type":"Feature","properties":{"k":"rwy"},"geometry":{"type":"LineString","coordinates":[[128.93742,35.19406],[128.93744,35.19393],[128.93751,35.19339],[128.93789,35.19042],[128.93795,35.18994],[128.93802,35.18943],[128.9384,35.18648],[128.93847,35.18591],[128.93853,35.1855],[128.93854,35.18535],[128.93947,35.17814],[128.93955,35.17758],[128.93961,35.17711],[128.9405,35.17018],[128.94057,35.16962],[128.94059,35.16947]]}},{"type":"Feature","properties":{"k":"rwy"},"geometry":{"type":"LineString","coordinates":[[128.08173,35.09618],[128.0813,35.09594],[128.08048,35.09548],[128.07523,35.09251],[128.07484,35.09229],[128.07448,35.09209],[128.06696,35.08785],[128.06657,35.08762],[128.06616,35.08739],[128.05837,35.08299],[128.05763,35.08258],[128.05698,35.08221]]}},{"type":"Feature","properties":{"k":"rwy"},"geometry":{"type":"LineString","coordinates":[[128.08455,35.09524],[128.08424,35.09506],[128.07663,35.09078],[128.07627,35.09058],[128.07587,35.09035],[128.06837,35.08614],[128.06798,35.08592],[128.06754,35.08567],[128.05991,35.08138],[128.05979,35.08131]]}},{"type":"Feature","properties":{"k":"rwy"},"geometry":{"type":"LineString","coordinates":[[126.61305,35.91592],[126.61327,35.91503],[126.61437,35.9104],[126.61454,35.90967],[126.6155,35.90565],[126.61566,35.90496],[126.61737,35.89777],[126.61747,35.89737],[126.61823,35.89418],[126.61846,35.89318],[126.61852,35.89294],[126.61869,35.89222],[126.61876,35.89213],[126.61881,35.89173],[126.61883,35.89163]]}},{"type":"Feature","properties":{"k":"rwy"},"geometry":{"type":"LineString","coordinates":[[126.49361,36.71522],[126.49351,36.71505],[126.49323,36.71455],[126.48954,36.7081],[126.48932,36.70771],[126.48909,36.70731],[126.48524,36.70056],[126.48505,36.70023],[126.48483,36.69985],[126.48114,36.69338],[126.48087,36.6929],[126.48077,36.69273]]}},{"type":"Feature","properties":{"k":"rwy"},"geometry":{"type":"LineString","coordinates":[[126.4786,36.69353],[126.4787,36.69371],[126.47897,36.69418],[126.48265,36.70064],[126.48314,36.70148],[126.48691,36.70809],[126.48715,36.70851],[126.4874,36.70896],[126.49105,36.71534],[126.49134,36.71585],[126.49143,36.71602]]}},{"type":"Feature","properties":{"k":"rwy"},"geometry":{"type":"LineString","coordinates":[[128.93882,35.16519],[128.93873,35.16593],[128.93858,35.16707],[128.93835,35.16888],[128.93822,35.16989],[128.93783,35.17286],[128.93744,35.17591],[128.93733,35.17672],[128.93725,35.17737],[128.93717,35.17798],[128.93674,35.18136],[128.93661,35.18235],[128.93653,35.18293],[128.93624,35.1852],[128.93617,35.1857],[128.93611,35.18619],[128.9361,35.18623],[128.93609,35.18629],[128.9352,35.19326],[128.93479,35.19642]]}},{"type":"Feature","properties":{"k":"apron"},"geometry":{"type":"Polygon","coordinates":[[[126.4635,37.46284],[126.46113,37.46549],[126.47256,37.47193],[126.47493,37.46929],[126.4635,37.46284]]]}},{"type":"Feature","properties":{"k":"apron"},"geometry":{"type":"Polygon","coordinates":[[[126.79928,37.56523],[126.79715,37.56354],[126.79618,37.56431],[126.79574,37.56395],[126.79384,37.56244],[126.79376,37.56238],[126.79312,37.56188],[126.79308,37.56191],[126.7929,37.56206],[126.79265,37.56225],[126.79188,37.56286],[126.7916,37.56309],[126.79136,37.56328],[126.79001,37.56434],[126.78977,37.56453],[126.78941,37.56482],[126.78935,37.56487],[126.78999,37.56538],[126.78992,37.56544],[126.79076,37.56611],[126.7919,37.5652],[126.79199,37.56518],[126.79208,37.56517],[126.79217,37.56519],[126.79225,37.56523],[126.79938,37.5709],[126.79972,37.57117],[126.79977,37.57112],[126.79991,37.57106],[126.79986,37.57121],[126.79985,37.57123],[126.79985,37.57125],[126.79986,37.57127],[126.79987,37.57128],[126.79992,37.57132],[126.8001,37.57147],[126.80124,37.57057],[126.8015,37.57037],[126.80362,37.56868],[126.80159,37.56707],[126.80115,37.56709],[126.79933,37.5656],[126.79928,37.56523]]]}},{"type":"Feature","properties":{"k":"apron"},"geometry":{"type":"Polygon","coordinates":[[[126.79493,37.55081],[126.79343,37.54962],[126.79269,37.55021],[126.7929,37.55037],[126.79288,37.55039],[126.79245,37.55073],[126.79232,37.55083],[126.79176,37.55128],[126.79171,37.55132],[126.79107,37.55183],[126.79075,37.55208],[126.79006,37.55263],[126.79002,37.55266],[126.78968,37.55293],[126.78964,37.55296],[126.78814,37.55415],[126.788,37.55427],[126.78759,37.55459],[126.78728,37.55484],[126.78711,37.55497],[126.78636,37.55557],[126.78629,37.55562],[126.78758,37.55664],[126.78973,37.55494],[126.79011,37.55463],[126.79055,37.55428],[126.79292,37.5524],[126.79333,37.55208],[126.79371,37.55177],[126.79493,37.55081]]]}},{"type":"Feature","properties":{"k":"apron"},"geometry":{"type":"Polygon","coordinates":[[[126.80414,37.55324],[126.80416,37.55327],[126.80489,37.55428],[126.80526,37.5548],[126.8054,37.55498],[126.80621,37.55563],[126.8063,37.55554],[126.80706,37.55495],[126.80669,37.55467],[126.80696,37.55445],[126.80649,37.5541],[126.81075,37.55074],[126.81108,37.551],[126.81271,37.54971],[126.81264,37.54966],[126.81262,37.54967],[126.81251,37.54957],[126.81248,37.5496],[126.8124,37.54954],[126.81238,37.54956],[126.81059,37.54813],[126.81002,37.54859],[126.80932,37.54914],[126.80919,37.54925],[126.80865,37.54967],[126.80598,37.55178],[126.80575,37.55196],[126.80545,37.5522],[126.80414,37.55324]]]}},{"type":"Feature","properties":{"k":"rwy"},"geometry":{"type":"LineString","coordinates":[[127.51179,36.72294],[127.51164,36.72285],[127.5113,36.72263],[127.50404,36.71813],[127.50339,36.71773],[127.49593,36.71311],[127.49516,36.71263],[127.48795,36.70816],[127.48766,36.70798],[127.48749,36.70787]]}},{"type":"Feature","properties":{"k":"apron"},"geometry":{"type":"Polygon","coordinates":[[[128.63749,35.90155],[128.63707,35.90105],[128.63752,35.9008],[128.63895,35.90003],[128.63871,35.89974],[128.64104,35.89847],[128.64165,35.89921],[128.63985,35.9002],[128.63978,35.90032],[128.63975,35.90052],[128.63985,35.90069],[128.63789,35.90177],[128.63764,35.90147],[128.63749,35.90155]]]}},{"type":"Feature","properties":{"k":"rwy"},"geometry":{"type":"LineString","coordinates":[[127.01431,37.08935],[127.01445,37.08936],[127.01791,37.08965],[127.01878,37.08972],[127.02154,37.08995],[127.02246,37.09003],[127.0238,37.09014],[127.02917,37.09059],[127.03014,37.09067],[127.03501,37.09107],[127.03692,37.09123],[127.03775,37.0913],[127.04041,37.09152],[127.04124,37.09159],[127.04454,37.09187],[127.04474,37.09188],[127.04499,37.0919]]}},{"type":"Feature","properties":{"k":"rwy"},"geometry":{"type":"LineString","coordinates":[[127.01664,37.22983],[127.01643,37.23006],[127.01049,37.23669],[127.01035,37.23684],[127.01022,37.23698],[127.00493,37.24288],[127.00464,37.2432],[127.00438,37.24349],[126.99884,37.24967],[126.99879,37.24972],[126.99869,37.24984]]}},{"type":"Feature","properties":{"k":"rwy"},"geometry":{"type":"LineString","coordinates":[[126.99732,37.24897],[126.99774,37.2485],[127.00292,37.24271],[127.00321,37.24239],[127.0035,37.24207],[127.00872,37.23624],[127.00892,37.23601],[127.00914,37.23577],[127.01496,37.22926],[127.01509,37.22913],[127.01525,37.22895]]}},{"type":"Feature","properties":{"k":"rwy"},"geometry":{"type":"LineString","coordinates":[[129.46473,36.76925],[129.46469,36.76934],[129.46375,36.77176],[129.46367,36.77197],[129.46278,36.77427],[129.46273,36.77439],[129.46267,36.77454],[129.46177,36.77689],[129.46166,36.77716],[129.46157,36.77739],[129.46111,36.77859],[129.46078,36.77945],[129.46073,36.77955],[129.46069,36.77967],[129.45996,36.78155],[129.45877,36.78462],[129.45874,36.7847]]}},{"type":"Feature","properties":{"k":"apron"},"geometry":{"type":"Polygon","coordinates":[[[128.6621,38.06036],[128.66323,38.06106],[128.66458,38.0598],[128.66586,38.05864],[128.66464,38.05787],[128.66372,38.05877],[128.66322,38.05926],[128.6621,38.06036]]]}},{"type":"Feature","properties":{"k":"rwy"},"geometry":{"type":"LineString","coordinates":[[127.61304,34.85106],[127.6131,34.85095],[127.61353,34.85006],[127.61361,34.84989],[127.61532,34.84641],[127.61537,34.8463],[127.61553,34.84597],[127.61563,34.84578],[127.61566,34.84572],[127.61944,34.83801],[127.61959,34.83769],[127.61975,34.83738],[127.62124,34.83433],[127.62146,34.83386],[127.62162,34.83352]]}},{"type":"Feature","properties":{"k":"rwy"},"geometry":{"type":"LineString","coordinates":[[126.44172,37.44345],[126.44164,37.44354],[126.44112,37.44408],[126.44053,37.44478],[126.43789,37.44776],[126.43696,37.4488],[126.43431,37.45179],[126.43253,37.45379],[126.43001,37.45663],[126.42998,37.45666],[126.42991,37.45673],[126.42904,37.45771],[126.42808,37.45878],[126.42599,37.4611],[126.42594,37.46116],[126.42551,37.46164],[126.42502,37.46222],[126.42492,37.46234],[126.42206,37.46551],[126.42154,37.4661],[126.42107,37.46662],[126.42006,37.46775],[126.4191,37.46884],[126.41677,37.47147],[126.41615,37.47215],[126.41569,37.47271],[126.41559,37.47282]]}},{"type":"Feature","properties":{"k":"rwy"},"geometry":{"type":"LineString","coordinates":[[127.11489,37.4315],[127.115,37.43432],[127.11515,37.44031],[127.11525,37.44235],[127.11571,37.45251],[127.11576,37.45357],[127.11593,37.45812],[127.11596,37.45876],[127.11606,37.46137]]}},{"type":"Feature","properties":{"k":"rwy"},"geometry":{"type":"LineString","coordinates":[[127.50286,36.56312],[127.50276,36.56331],[127.50043,36.56762],[127.49748,36.57308],[127.49742,36.57318]]}},{"type":"Feature","properties":{"k":"stand"},"geometry":{"type":"LineString","coordinates":[[126.49157,33.50752],[126.49174,33.50729],[126.49193,33.50704],[126.49202,33.50692]]}},{"type":"Feature","properties":{"k":"stand"},"geometry":{"type":"LineString","coordinates":[[126.49687,33.50858],[126.49689,33.50855],[126.4969,33.50852],[126.49691,33.5085],[126.49691,33.50846],[126.49691,33.50843],[126.4969,33.50841],[126.49689,33.50839]]}},{"type":"Feature","properties":{"k":"stand"},"geometry":{"type":"LineString","coordinates":[[126.49117,33.50801],[126.49119,33.50798],[126.49122,33.50797],[126.49124,33.50796],[126.49126,33.50795],[126.49129,33.50794],[126.49131,33.50794],[126.49135,33.50794],[126.49138,33.50794]]}},{"type":"Feature","properties":{"k":"stand"},"geometry":{"type":"LineString","coordinates":[[126.49189,33.5082],[126.49194,33.50821],[126.49199,33.50822],[126.49205,33.50822],[126.4921,33.50821],[126.49213,33.5082],[126.49218,33.50818],[126.49223,33.50815],[126.49226,33.50812],[126.49228,33.5081],[126.49229,33.50806]]}},{"type":"Feature","properties":{"k":"stand"},"geometry":{"type":"LineString","coordinates":[[126.49964,33.50602],[126.49988,33.50632],[126.49996,33.50641]]}},{"type":"Feature","properties":{"k":"stand"},"geometry":{"type":"LineString","coordinates":[[126.49482,33.50921],[126.49483,33.50924],[126.49485,33.50927],[126.49486,33.50929],[126.49488,33.50931],[126.49491,33.50934],[126.49494,33.50935],[126.49497,33.50936],[126.495,33.50937],[126.49504,33.50938]]}},{"type":"Feature","properties":{"k":"stand"},"geometry":{"type":"LineString","coordinates":[[126.49021,33.50753],[126.49021,33.50751],[126.49022,33.50749],[126.49022,33.50748],[126.49023,33.50746],[126.49023,33.50743],[126.49022,33.50741],[126.49022,33.50739],[126.4902,33.50737],[126.49018,33.50734],[126.49017,33.50731]]}},{"type":"Feature","properties":{"k":"stand"},"geometry":{"type":"LineString","coordinates":[[126.50037,33.50616],[126.50041,33.50617],[126.50044,33.50617],[126.50046,33.50618],[126.50049,33.50619],[126.50052,33.5062],[126.50054,33.50622],[126.50056,33.50624],[126.50057,33.50625],[126.50058,33.50627],[126.50059,33.50629],[126.50059,33.50631],[126.50059,33.50634]]}},{"type":"Feature","properties":{"k":"stand"},"geometry":{"type":"LineString","coordinates":[[126.49336,33.50916],[126.49291,33.50978]]}},{"type":"Feature","properties":{"k":"stand"},"geometry":{"type":"LineString","coordinates":[[126.49072,33.50863],[126.49065,33.50873],[126.49038,33.50909],[126.49037,33.50911],[126.49037,33.50914],[126.49037,33.50917],[126.49038,33.5092],[126.49039,33.50922],[126.49041,33.50925],[126.49044,33.50929]]}},{"type":"Feature","properties":{"k":"stand"},"geometry":{"type":"LineString","coordinates":[[126.49689,33.50839],[126.49672,33.50818],[126.49649,33.50793],[126.4963,33.5077]]}},{"type":"Feature","properties":{"k":"stand"},"geometry":{"type":"LineString","coordinates":[[126.49117,33.50801],[126.49072,33.50863]]}},{"type":"Feature","properties":{"k":"stand"},"geometry":{"type":"LineString","coordinates":[[126.49126,33.50787],[126.4913,33.50787],[126.49134,33.50787],[126.49138,33.50786],[126.49141,33.50785],[126.49144,33.50783],[126.49146,33.50781],[126.49149,33.50779],[126.49153,33.50775],[126.49153,33.50774],[126.49155,33.5077],[126.49157,33.50765],[126.49158,33.50761],[126.49158,33.50758],[126.49158,33.50756],[126.49157,33.50754],[126.49157,33.50752]]}},{"type":"Feature","properties":{"k":"stand"},"geometry":{"type":"LineString","coordinates":[[126.49674,33.50752],[126.49689,33.5077],[126.49711,33.50796],[126.49715,33.50801]]}},{"type":"Feature","properties":{"k":"stand"},"geometry":{"type":"LineString","coordinates":[[126.49996,33.50641],[126.49995,33.50645],[126.49994,33.50648],[126.49994,33.50651],[126.49995,33.50654],[126.49996,33.50657],[126.49998,33.5066],[126.5,33.50662],[126.50002,33.50663],[126.50004,33.50664],[126.50007,33.50665]]}},{"type":"Feature","properties":{"k":"rwy"},"geometry":{"type":"LineString","coordinates":[[126.50399,33.50555],[126.50333,33.50595],[126.49999,33.50795],[126.49972,33.50811],[126.49918,33.50844],[126.49888,33.50862],[126.49864,33.50876],[126.49734,33.50954],[126.49687,33.50982],[126.49653,33.51003],[126.49639,33.51011],[126.49625,33.5102],[126.49622,33.51021],[126.49621,33.51022],[126.49594,33.51038],[126.49539,33.51071],[126.49513,33.51086],[126.49466,33.51114],[126.49441,33.51129],[126.49402,33.51153],[126.49386,33.51163],[126.4932,33.51202],[126.49268,33.51234],[126.4875,33.51544]]}},{"type":"Feature","properties":{"k":"stand"},"geometry":{"type":"LineString","coordinates":[[126.49093,33.50713],[126.49094,33.50717],[126.49093,33.50719],[126.49094,33.50722],[126.49093,33.50725],[126.49092,33.50729],[126.49091,33.50733],[126.49089,33.50737],[126.49087,33.5074],[126.49084,33.50743],[126.49082,33.50746],[126.49079,33.50748],[126.49075,33.5075],[126.49072,33.50751],[126.49069,33.50752],[126.49065,33.50753],[126.49061,33.50754]]}},{"type":"Feature","properties":{"k":"stand"},"geometry":{"type":"LineString","coordinates":[[126.49321,33.50888],[126.49315,33.5089],[126.49313,33.5089],[126.4931,33.5089],[126.49307,33.50891],[126.49305,33.50892],[126.49303,33.50893],[126.493,33.50894],[126.49299,33.50895],[126.49297,33.50897]]}},{"type":"Feature","properties":{"k":"stand"},"geometry":{"type":"LineString","coordinates":[[126.49021,33.50753],[126.48972,33.50819]]}},{"type":"Feature","properties":{"k":"stand"},"geometry":{"type":"LineString","coordinates":[[126.50037,33.50616],[126.50036,33.5062],[126.50035,33.50623],[126.50036,33.50626],[126.50036,33.50629],[126.50037,33.50632],[126.50039,33.50634],[126.5004,33.50635],[126.50042,33.50637],[126.50043,33.50638],[126.50045,33.50639],[126.50048,33.50641]]}},{"type":"Feature","properties":{"k":"stand"},"geometry":{"type":"LineString","coordinates":[[126.49436,33.5092],[126.49435,33.50921],[126.49434,33.50922],[126.49432,33.50924],[126.4943,33.50925],[126.49427,33.50927],[126.49424,33.50928],[126.49423,33.50929],[126.49419,33.50929],[126.49416,33.5093],[126.49413,33.5093],[126.49411,33.5093],[126.49407,33.50932]]}},{"type":"Feature","properties":{"k":"stand"},"geometry":{"type":"LineString","coordinates":[[126.49046,33.50746],[126.49042,33.50746],[126.49039,33.50745],[126.49036,33.50745],[126.49033,33.50746],[126.49031,33.50747],[126.49028,33.50748],[126.49025,33.50749],[126.49023,33.50751],[126.49021,33.50753]]}},{"type":"Feature","properties":{"k":"stand"},"geometry":{"type":"LineString","coordinates":[[126.49436,33.50921],[126.49438,33.50924],[126.49441,33.50928],[126.49444,33.50931],[126.49447,33.50934],[126.4945,33.50936],[126.49455,33.50938]]}},{"type":"Feature","properties":{"k":"stand"},"geometry":{"type":"LineString","coordinates":[[126.49229,33.50806],[126.49231,33.50798],[126.49231,33.50794],[126.49235,33.50781],[126.49241,33.50752],[126.49242,33.50747]]}},{"type":"Feature","properties":{"k":"stand"},"geometry":{"type":"LineString","coordinates":[[126.49229,33.50806],[126.49228,33.50814],[126.49228,33.5082],[126.49227,33.50824],[126.49228,33.50828],[126.49228,33.50832],[126.4923,33.50835],[126.49231,33.50837],[126.49235,33.50843]]}},{"type":"Feature","properties":{"k":"stand"},"geometry":{"type":"LineString","coordinates":[[126.4939,33.50923],[126.49386,33.50918],[126.49382,33.50914],[126.4938,33.5091],[126.49378,33.50905],[126.49376,33.50902],[126.49376,33.50898],[126.49376,33.50894],[126.49375,33.50885],[126.49375,33.50873],[126.49375,33.50865],[126.49375,33.50855],[126.49374,33.50807],[126.49375,33.50773],[126.49375,33.50765]]}},{"type":"Feature","properties":{"k":"stand"},"geometry":{"type":"LineString","coordinates":[[126.49314,33.50884],[126.4931,33.50884],[126.49309,33.50882],[126.49307,33.50879],[126.49304,33.50875],[126.49303,33.50871],[126.49302,33.50869],[126.49302,33.50866],[126.49302,33.50862],[126.49302,33.50856],[126.49302,33.5085],[126.49302,33.50839],[126.49301,33.5083],[126.49302,33.50826],[126.49303,33.50798],[126.49304,33.5077],[126.49304,33.50758]]}},{"type":"Feature","properties":{"k":"stand"},"geometry":{"type":"LineString","coordinates":[[126.49297,33.50897],[126.49253,33.50958]]}},{"type":"Feature","properties":{"k":"stand"},"geometry":{"type":"LineString","coordinates":[[126.48958,33.50884],[126.48963,33.50885],[126.48965,33.50885],[126.48968,33.50885],[126.48971,33.50885],[126.48974,33.50884],[126.48976,33.50882],[126.48979,33.50881],[126.48989,33.50865],[126.49003,33.50846],[126.49006,33.50842]]}},{"type":"Feature","properties":{"k":"stand"},"geometry":{"type":"LineString","coordinates":[[126.49026,33.50682],[126.49027,33.50687],[126.49027,33.50689],[126.49027,33.50692],[126.49026,33.50695],[126.49025,33.50698],[126.49024,33.50701],[126.49022,33.50705],[126.4902,33.50707],[126.49018,33.50709],[126.49015,33.50712],[126.49012,33.50714],[126.49008,33.50716],[126.49002,33.50718],[126.48997,33.50719],[126.48995,33.5072]]}},{"type":"Feature","properties":{"k":"stand"},"geometry":{"type":"LineString","coordinates":[[126.49115,33.50781],[126.49116,33.50785],[126.49117,33.50787],[126.49118,33.50788],[126.49119,33.50791],[126.49119,33.50793],[126.49118,33.50796],[126.49118,33.50798],[126.49117,33.50801]]}},{"type":"Feature","properties":{"k":"stand"},"geometry":{"type":"LineString","coordinates":[[126.4923,33.5086],[126.49233,33.50858],[126.49234,33.50857],[126.49237,33.50855],[126.49239,33.50854],[126.49242,33.50853],[126.49245,33.50852],[126.49249,33.50852],[126.49254,33.50853]]}},{"type":"Feature","properties":{"k":"stand"},"geometry":{"type":"LineString","coordinates":[[126.49157,33.50752],[126.49155,33.50753],[126.49153,33.50753],[126.4915,33.50754],[126.49147,33.50755],[126.49143,33.50758],[126.49139,33.5076],[126.49136,33.50763],[126.49133,33.50765],[126.49132,33.50768],[126.4913,33.50773],[126.49129,33.50777],[126.49129,33.5078],[126.49129,33.50783],[126.49129,33.50785],[126.4913,33.50787],[126.4913,33.50788],[126.49131,33.5079]]}},{"type":"Feature","properties":{"k":"stand"},"geometry":{"type":"LineString","coordinates":[[126.49375,33.50865],[126.49374,33.50867],[126.49373,33.50869],[126.49371,33.50873],[126.49369,33.50877],[126.49365,33.5088],[126.49362,33.50884],[126.49357,33.50887],[126.49353,33.50889],[126.49348,33.50891],[126.49344,33.50892],[126.4934,33.50893],[126.49336,33.50893],[126.49331,33.50893],[126.49327,33.50892],[126.49323,33.50889]]}},{"type":"Feature","properties":{"k":"stand"},"geometry":{"type":"LineString","coordinates":[[126.49711,33.50843],[126.49709,33.50844],[126.49707,33.50844],[126.49705,33.50844],[126.49702,33.50844],[126.49699,33.50843],[126.49697,33.50843],[126.49696,33.50842],[126.49693,33.50841],[126.49691,33.5084],[126.49689,33.50839]]}},{"type":"Feature","properties":{"k":"stand"},"geometry":{"type":"LineString","coordinates":[[126.49302,33.50826],[126.49306,33.5083],[126.49308,33.50833],[126.49311,33.50836],[126.49312,33.5084],[126.49313,33.50844],[126.49313,33.50848],[126.49313,33.50851],[126.49313,33.50853],[126.49312,33.50856],[126.49311,33.50858],[126.4931,33.5086],[126.49308,33.50863],[126.49306,33.50866],[126.49302,33.50869],[126.49301,33.5087],[126.49299,33.50871],[126.49297,33.50872],[126.49294,33.50873],[126.49292,33.50873],[126.49288,33.50871]]}},{"type":"Feature","properties":{"k":"stand"},"geometry":{"type":"LineString","coordinates":[[126.49228,33.5084],[126.49229,33.50842],[126.49231,33.50844],[126.49232,33.50846],[126.49232,33.50848],[126.49233,33.5085],[126.49233,33.50852],[126.49233,33.50853],[126.49232,33.50855],[126.49232,33.50856],[126.49232,33.50858],[126.49231,33.50859],[126.4923,33.5086]]}},{"type":"Feature","properties":{"k":"stand"},"geometry":{"type":"LineString","coordinates":[[126.49482,33.50925],[126.49482,33.50931],[126.49481,33.50939],[126.49481,33.50949],[126.49481,33.50955],[126.49481,33.5096],[126.49482,33.50964],[126.49484,33.50968],[126.49486,33.50973]]}},{"type":"Feature","properties":{"k":"stand"},"geometry":{"type":"LineString","coordinates":[[126.49026,33.50682],[126.49066,33.50628],[126.49071,33.50621]]}},{"type":"Feature","properties":{"k":"stand"},"geometry":{"type":"LineString","coordinates":[[126.49093,33.50713],[126.49107,33.50697],[126.49129,33.50666],[126.49137,33.50656]]}},{"type":"Feature","properties":{"k":"stand"},"geometry":{"type":"LineString","coordinates":[[126.4923,33.5086],[126.49185,33.50922]]}},{"type":"Feature","properties":{"k":"stand"},"geometry":{"type":"LineString","coordinates":[[126.49336,33.50916],[126.49337,33.50913],[126.49337,33.5091],[126.49337,33.50908],[126.49337,33.50906],[126.49336,33.50904],[126.49336,33.50902],[126.49334,33.509],[126.49333,33.50899],[126.49333,33.50894]]}},{"type":"Feature","properties":{"k":"stand"},"geometry":{"type":"LineString","coordinates":[[126.49361,33.50909],[126.49357,33.5091],[126.49354,33.50909],[126.49351,33.5091],[126.49349,33.5091],[126.49347,33.5091],[126.49345,33.50911],[126.49343,33.50911],[126.49342,33.50912],[126.4934,33.50913],[126.49338,33.50915],[126.49336,33.50916]]}},{"type":"Feature","properties":{"k":"stand"},"geometry":{"type":"LineString","coordinates":[[126.49955,33.50665],[126.49955,33.50669],[126.49954,33.50673],[126.49954,33.50675],[126.49955,33.50678],[126.49957,33.50682],[126.49959,33.50684],[126.49961,33.50686],[126.49964,33.50688],[126.49967,33.50689]]}},{"type":"Feature","properties":{"k":"stand"},"geometry":{"type":"LineString","coordinates":[[126.49996,33.50641],[126.5,33.50642],[126.50004,33.50642],[126.50006,33.50643],[126.50009,33.50644],[126.50012,33.50646],[126.50014,33.50648],[126.50016,33.5065],[126.50017,33.50652],[126.50018,33.50654],[126.50018,33.50656],[126.50018,33.50658]]}},{"type":"Feature","properties":{"k":"stand"},"geometry":{"type":"LineString","coordinates":[[126.49924,33.50626],[126.49949,33.50657],[126.49955,33.50665]]}},{"type":"Feature","properties":{"k":"stand"},"geometry":{"type":"LineString","coordinates":[[126.50005,33.50577],[126.5003,33.50608],[126.50037,33.50616]]}},{"type":"Feature","properties":{"k":"stand"},"geometry":{"type":"LineString","coordinates":[[126.49438,33.5079],[126.49436,33.50855],[126.49436,33.5092],[126.49436,33.50921],[126.49436,33.50935],[126.49436,33.50937],[126.49437,33.5094],[126.49438,33.50943],[126.4944,33.50946],[126.49442,33.50951]]}},{"type":"Feature","properties":{"k":"stand"},"geometry":{"type":"LineString","coordinates":[[126.49955,33.50665],[126.4996,33.50666],[126.49964,33.50666],[126.49967,33.50668],[126.49971,33.5067],[126.49974,33.50672],[126.49976,33.50674],[126.49977,33.50676],[126.49978,33.50678],[126.49978,33.5068],[126.49979,33.50682]]}},{"type":"Feature","properties":{"k":"stand"},"geometry":{"type":"LineString","coordinates":[[126.48998,33.50721],[126.48997,33.50719],[126.48997,33.50716],[126.48996,33.50712],[126.48996,33.50709],[126.48997,33.50706],[126.48998,33.50702],[126.49001,33.50697],[126.49003,33.50694],[126.49005,33.50692],[126.49008,33.5069],[126.49011,33.50687],[126.49016,33.50685],[126.4902,33.50684],[126.49026,33.50682]]}},{"type":"Feature","properties":{"k":"stand"},"geometry":{"type":"LineString","coordinates":[[126.49297,33.50897],[126.49298,33.50895],[126.49298,33.50894],[126.49298,33.50893],[126.49298,33.50891],[126.49298,33.50889],[126.49298,33.50887],[126.49298,33.50884],[126.49297,33.50882],[126.49296,33.5088],[126.49294,33.50879],[126.49294,33.50874]]}},{"type":"Feature","properties":{"k":"stand"},"geometry":{"type":"LineString","coordinates":[[126.49715,33.50801],[126.49719,33.50805],[126.49724,33.50808],[126.49729,33.5081],[126.49735,33.50813],[126.49742,33.50814],[126.49748,33.50814],[126.49753,33.50814],[126.49759,33.50812],[126.49763,33.50811],[126.49766,33.5081]]}},{"type":"Feature","properties":{"k":"stand"},"geometry":{"type":"LineString","coordinates":[[126.49715,33.50801],[126.49717,33.50806],[126.49719,33.50811],[126.4972,33.50816],[126.49721,33.50822],[126.4972,33.50827],[126.49719,33.50831],[126.49716,33.50835],[126.49714,33.50839],[126.49711,33.50842],[126.49709,33.50844],[126.49705,33.50846]]}},{"type":"Feature","properties":{"k":"apron"},"geometry":{"type":"Polygon","coordinates":[[[127.49466,36.72049],[127.49698,36.72193],[127.50155,36.72479],[127.5025,36.7238],[127.49656,36.72013],[127.49715,36.71953],[127.49619,36.71895],[127.49466,36.72049]]]}},{"type":"Feature","properties":{"k":"apron"},"geometry":{"type":"Polygon","coordinates":[[[127.95753,37.42979],[127.95842,37.42944],[127.96279,37.43646],[127.96191,37.43681],[127.95753,37.42979]]]}},{"type":"Feature","properties":{"k":"apron"},"geometry":{"type":"Polygon","coordinates":[[[129.3544,35.59446],[129.35517,35.5945],[129.35526,35.59337],[129.35537,35.59304],[129.35544,35.59226],[129.35459,35.59221],[129.3544,35.59446]]]}},{"type":"Feature","properties":{"k":"rwy"},"geometry":{"type":"LineString","coordinates":[[128.60397,38.14799],[128.60118,38.14519],[128.60109,38.14509],[128.60024,38.14422],[128.59998,38.14395],[128.5927,38.13644]]}},{"type":"Feature","properties":{"k":"apron"},"geometry":{"type":"Polygon","coordinates":[[[128.9556,37.75986],[128.95628,37.76007],[128.95723,37.76028],[128.95723,37.76059],[128.95725,37.7607],[128.95718,37.76085],[128.95728,37.76088],[128.95703,37.76144],[128.95512,37.76083],[128.9556,37.75986]]]}},{"type":"Feature","properties":{"k":"rwy"},"geometry":{"type":"LineString","coordinates":[[126.80711,37.54775],[126.80651,37.54823],[126.80567,37.5489],[126.80485,37.54955],[126.80379,37.55039],[126.80338,37.55072],[126.80326,37.55082],[126.80244,37.55147],[126.80166,37.5521],[126.80081,37.55277],[126.79955,37.55378],[126.79842,37.55468],[126.798,37.55501],[126.79792,37.55508],[126.79739,37.5555],[126.79718,37.55567],[126.79699,37.55582],[126.79619,37.55645],[126.79539,37.55709],[126.79458,37.55773],[126.79322,37.55882],[126.79241,37.55946],[126.79145,37.56023],[126.79139,37.56028],[126.79128,37.56037],[126.79098,37.5606],[126.7907,37.56082],[126.79042,37.56104],[126.78965,37.56166],[126.78845,37.56262],[126.78683,37.56391],[126.78562,37.56487],[126.785,37.56536],[126.78457,37.5657],[126.78442,37.56582],[126.78323,37.56678],[126.78202,37.56774],[126.78143,37.56821],[126.78125,37.56835],[126.78059,37.56888],[126.77951,37.56973],[126.77883,37.57028],[126.77844,37.5706],[126.77831,37.5707]]}},{"type":"Feature","properties":{"k":"rwy"},"geometry":{"type":"LineString","coordinates":[[126.80101,37.548],[126.80048,37.54846],[126.79962,37.54914],[126.79865,37.54991],[126.79721,37.55106],[126.79529,37.55258],[126.79493,37.55286],[126.79462,37.55311],[126.79432,37.55335],[126.79326,37.5542],[126.79172,37.55542],[126.79159,37.55553],[126.79145,37.55564],[126.79115,37.55587],[126.79111,37.55592],[126.79056,37.55634],[126.78953,37.55717],[126.78856,37.55794],[126.78832,37.55813],[126.78764,37.55867],[126.78665,37.55946],[126.78569,37.56023],[126.78512,37.56067],[126.78478,37.56095],[126.78383,37.56171],[126.78238,37.56286],[126.78047,37.56438],[126.77903,37.56553],[126.77735,37.56687],[126.77611,37.56787],[126.77548,37.56836],[126.77542,37.5684]]}},{"type":"Feature","properties":{"k":"rwy"},"geometry":{"type":"LineString","coordinates":[[127.04026,36.95588],[127.03328,36.9608],[127.03254,36.96133],[127.02684,36.96539],[127.02615,36.96588],[127.02488,36.9668]]}},{"type":"Feature","properties":{"k":"rwy"},"geometry":{"type":"LineString","coordinates":[[126.37341,34.75416],[126.38,34.75868],[126.38096,34.75931],[126.38105,34.75938],[126.38176,34.75987],[126.38178,34.75988],[126.38685,34.76334]]}},{"type":"Feature","properties":{"k":"rwy"},"geometry":{"type":"LineString","coordinates":[[126.38292,34.97879],[126.38291,34.97927],[126.3829,34.98101],[126.3829,34.98244],[126.38282,34.99222],[126.38278,34.99665],[126.38277,34.99773],[126.38276,35.00031],[126.38274,35.00336],[126.38273,35.00402]]}},{"type":"Feature","properties":{"k":"rwy"},"geometry":{"type":"LineString","coordinates":[[126.71149,33.40535],[126.7115,33.40323],[126.71151,33.4014],[126.71151,33.40064],[126.71152,33.39945],[126.71154,33.39628],[126.71154,33.39554],[126.71156,33.39181],[126.71157,33.39107],[126.71159,33.38703],[126.71159,33.38646],[126.7116,33.3841],[126.71161,33.38346],[126.71161,33.38302],[126.71161,33.38282]]}},{"type":"Feature","properties":{"k":"rwy"},"geometry":{"type":"LineString","coordinates":[[126.70754,33.40376],[126.70769,33.40359],[126.70808,33.40318],[126.71152,33.39945],[126.71324,33.39759],[126.71347,33.39734],[126.7135,33.39731],[126.71373,33.39705],[126.71712,33.39337],[126.71736,33.39312],[126.71764,33.39281]]}},{"type":"Feature","properties":{"k":"rwy"},"geometry":{"type":"LineString","coordinates":[[128.64591,35.9006],[128.6462,35.90043],[128.65381,35.89623],[128.65434,35.89593],[128.65481,35.89567],[128.66211,35.89163],[128.66258,35.89137],[128.66305,35.89111],[128.67064,35.88692],[128.67094,35.88674],[128.67112,35.88665]]}},{"type":"Feature","properties":{"k":"rwy"},"geometry":{"type":"LineString","coordinates":[[127.11576,37.46134],[127.11527,37.4586],[127.11435,37.45344],[127.1143,37.45316],[127.11425,37.45288],[127.11325,37.44732],[127.11319,37.44696],[127.11312,37.44659],[127.11214,37.44107],[127.11211,37.4409],[127.11207,37.44065],[127.11201,37.44035],[127.112,37.44027],[127.11102,37.43489],[127.11099,37.43471],[127.11094,37.43444],[127.1109,37.43418],[127.11087,37.434],[127.11067,37.43293],[127.11012,37.42982]]}},{"type":"Feature","properties":{"k":"stand"},"geometry":{"type":"LineString","coordinates":[[126.48979,33.50881],[126.48979,33.50885],[126.48979,33.50886],[126.48979,33.50888],[126.4898,33.5089],[126.48981,33.50892],[126.48982,33.50895],[126.48984,33.50897],[126.48986,33.50898]]}},{"type":"Feature","properties":{"k":"stand"},"geometry":{"type":"LineString","coordinates":[[126.49067,33.50757],[126.49065,33.50753],[126.49063,33.50749],[126.49063,33.50746],[126.49063,33.50742],[126.49064,33.50738],[126.49066,33.50734],[126.49068,33.5073],[126.49071,33.50727],[126.49074,33.50723],[126.49078,33.50721],[126.49081,33.50719],[126.49084,33.50717],[126.49088,33.50715],[126.49093,33.50713]]}},{"type":"Feature","properties":{"k":"apron"},"geometry":{"type":"Polygon","coordinates":[[[126.81271,37.54971],[126.81274,37.54969],[126.81295,37.54985],[126.81308,37.54976],[126.81331,37.54957],[126.81476,37.54843],[126.81485,37.54836],[126.81379,37.54725],[126.8126,37.54655],[126.81059,37.54813],[126.81238,37.54956],[126.8124,37.54954],[126.81248,37.5496],[126.81251,37.54957],[126.81262,37.54967],[126.81264,37.54966],[126.81271,37.54971]]]}},{"type":"Feature","properties":{"k":"apron"},"geometry":{"type":"Polygon","coordinates":[[[126.80621,37.55563],[126.8054,37.55498],[126.80526,37.5548],[126.80489,37.55428],[126.80416,37.55327],[126.80414,37.55324],[126.80346,37.55378],[126.8024,37.55462],[126.80221,37.55476],[126.80183,37.55506],[126.80161,37.55523],[126.79432,37.561],[126.79423,37.56107],[126.79567,37.56103],[126.79784,37.56023],[126.80032,37.56025],[126.80045,37.56021],[126.80056,37.56017],[126.80074,37.56004],[126.80182,37.55917],[126.80193,37.55908],[126.802,37.55898],[126.80202,37.55885],[126.80202,37.55871],[126.80205,37.55859],[126.80224,37.55844],[126.80252,37.55821],[126.80273,37.55811],[126.80324,37.55798],[126.80621,37.55563]]]}},{"type":"Feature","properties":{"k":"stand"},"geometry":{"type":"LineString","coordinates":[[126.4433,37.45021],[126.4434,37.4502],[126.44387,37.45017],[126.44403,37.45016],[126.44502,37.4501]]}},{"type":"Feature","properties":{"k":"apron"},"geometry":{"type":"Polygon","coordinates":[[[126.43053,37.4778],[126.43128,37.47823],[126.43252,37.47684],[126.43177,37.47642],[126.4317,37.47649],[126.43053,37.4778]]]}},{"type":"Feature","properties":{"k":"apron"},"geometry":{"type":"Polygon","coordinates":[[[126.4441,37.48412],[126.44424,37.4842],[126.4449,37.48457],[126.4451,37.48468],[126.4461,37.48525],[126.44537,37.48606],[126.44438,37.4855],[126.44418,37.48539],[126.44351,37.48501],[126.44337,37.48493],[126.4441,37.48412]]]}},{"type":"Feature","properties":{"k":"apron"},"geometry":{"type":"Polygon","coordinates":[[[126.4276,37.48508],[126.42758,37.48511],[126.42771,37.48518],[126.42647,37.48656],[126.42471,37.48557],[126.42598,37.48416],[126.42652,37.48356],[126.4266,37.48347],[126.42735,37.48262],[126.42672,37.48227],[126.42792,37.48091],[126.42855,37.48129],[126.43128,37.47823],[126.43252,37.47684],[126.43268,37.47666],[126.43431,37.47758],[126.42792,37.48473],[126.4276,37.48508]]]}},{"type":"Feature","properties":{"k":"apron"},"geometry":{"type":"Polygon","coordinates":[[[126.45696,37.47005],[126.4549,37.47255],[126.4542,37.47332],[126.46617,37.48006],[126.46693,37.47922],[126.46852,37.47742],[126.46844,37.47702],[126.46879,37.47664],[126.46598,37.47513],[126.46141,37.47259],[126.45914,37.47129],[126.45696,37.47005]]]}},{"type":"Feature","properties":{"k":"stand"},"geometry":{"type":"LineString","coordinates":[[128.9424,35.18267],[128.94245,35.18268],[128.94249,35.18268],[128.94253,35.18268],[128.94257,35.18267],[128.94262,35.18267],[128.94267,35.18266],[128.94272,35.18264],[128.94294,35.18252],[128.943,35.18249],[128.94304,35.18248],[128.94307,35.18246],[128.94311,35.18245],[128.94315,35.18245],[128.94321,35.18244],[128.94416,35.18253]]}},{"type":"Feature","properties":{"k":"apron"},"geometry":{"type":"Polygon","coordinates":[[[128.94731,35.17043],[128.94754,35.17038],[128.94776,35.17031],[128.94794,35.17011],[128.94932,35.16961],[128.94953,35.16963],[128.95001,35.16945],[128.95016,35.16931],[128.95027,35.16926],[128.95133,35.16887],[128.95111,35.16846],[128.95041,35.16715],[128.95027,35.16716],[128.94937,35.1675],[128.94913,35.16756],[128.94632,35.16857],[128.94621,35.16867],[128.94619,35.16875],[128.94688,35.17],[128.94716,35.17051],[128.94731,35.17043]]]}},{"type":"Feature","properties":{"k":"apron"},"geometry":{"type":"Polygon","coordinates":[[[128.94688,35.17],[128.94609,35.17028],[128.94576,35.17025],[128.94558,35.1703],[128.94451,35.17045],[128.94364,35.17037],[128.94306,35.17495],[128.94488,35.1751],[128.9449,35.17497],[128.94496,35.17487],[128.94566,35.17425],[128.94593,35.17395],[128.94631,35.17099],[128.94675,35.17071],[128.94716,35.17051],[128.94688,35.17]]]}},{"type":"Feature","properties":{"k":"apron"},"geometry":{"type":"Polygon","coordinates":[[[128.94457,35.17809],[128.94512,35.17824],[128.9453,35.17831],[128.94715,35.17926],[128.94722,35.17927],[128.94725,35.17927],[128.94728,35.17925],[128.94731,35.17922],[128.94814,35.17814],[128.94837,35.17793],[128.94864,35.17758],[128.94869,35.17747],[128.94868,35.17739],[128.94861,35.17733],[128.94543,35.17569],[128.94532,35.17564],[128.94521,35.17561],[128.94507,35.17561],[128.94498,35.1756],[128.94492,35.17564],[128.94489,35.17568],[128.94468,35.17723],[128.94467,35.17729],[128.94464,35.17733],[128.94454,35.17747],[128.94455,35.17751],[128.94449,35.178],[128.9445,35.17805],[128.94457,35.17809]]]}},{"type":"Feature","properties":{"k":"rwy"},"geometry":{"type":"LineString","coordinates":[[128.69488,35.14611],[128.6961,35.14098],[128.69614,35.14081],[128.69629,35.1402],[128.69633,35.14002],[128.69648,35.13939],[128.69652,35.13921],[128.69715,35.13656],[128.6973,35.13595]]}},{"type":"Feature","properties":{"k":"rwy"},"geometry":{"type":"LineString","coordinates":[[127.96714,37.44882],[127.96682,37.44829],[127.96489,37.4452],[127.96461,37.44476],[127.96273,37.44173],[127.96236,37.44113],[127.95826,37.43454],[127.9578,37.4338],[127.95589,37.43072],[127.95395,37.42754],[127.95339,37.42668]]}},{"type":"Feature","properties":{"k":"rwy"},"geometry":{"type":"LineString","coordinates":[[127.46422,37.20014],[127.46498,37.20014],[127.46716,37.20015],[127.46933,37.20015],[127.47138,37.20016],[127.47628,37.20016],[127.47825,37.20017],[127.48028,37.20017],[127.48189,37.20017]]}},{"type":"Feature","properties":{"k":"rwy"},"geometry":{"type":"LineString","coordinates":[[128.33948,36.6316],[128.34003,36.6316],[128.34925,36.63176],[128.34981,36.63177],[128.35026,36.63178],[128.35942,36.63193],[128.36042,36.63195],[128.36952,36.6321],[128.36998,36.63211],[128.37011,36.63211]]}},{"type":"Feature","properties":{"k":"apron"},"geometry":{"type":"Polygon","coordinates":[[[128.94265,35.17918],[128.94497,35.17939],[128.94406,35.18626],[128.94177,35.18608],[128.9426,35.17959],[128.94265,35.17918]]]}},{"type":"Feature","properties":{"k":"apron"},"geometry":{"type":"Polygon","coordinates":[[[126.45877,37.45272],[126.4589,37.45257],[126.45939,37.45203],[126.45958,37.45182],[126.46006,37.45128],[126.46013,37.4512],[126.46054,37.45073],[126.46061,37.45064],[126.45968,37.4501],[126.4596,37.45019],[126.4592,37.45063],[126.45907,37.45078],[126.45863,37.45127],[126.45843,37.4515],[126.45797,37.45202],[126.45783,37.45218],[126.45791,37.45223],[126.45877,37.45272]]]}},{"type":"Feature","properties":{"k":"apron"},"geometry":{"type":"Polygon","coordinates":[[[126.47084,37.45742],[126.47159,37.45658],[126.47153,37.45655],[126.47058,37.45601],[126.4704,37.45591],[126.46972,37.45552],[126.46959,37.45545],[126.46886,37.45629],[126.46898,37.45636],[126.46967,37.45675],[126.46984,37.45685],[126.47079,37.45739],[126.47084,37.45742]]]}},{"type":"Feature","properties":{"k":"apron"},"geometry":{"type":"Polygon","coordinates":[[[126.48729,36.69753],[126.48866,36.69703],[126.49146,36.70202],[126.49009,36.70252],[126.48729,36.69753]]]}},{"type":"Feature","properties":{"k":"apron"},"geometry":{"type":"Polygon","coordinates":[[[126.48086,36.70717],[126.48231,36.70664],[126.48063,36.70368],[126.47918,36.70421],[126.48086,36.70717]]]}},{"type":"Feature","properties":{"k":"apron"},"geometry":{"type":"Polygon","coordinates":[[[126.48204,36.69255],[126.48173,36.692],[126.48302,36.69153],[126.48333,36.69207],[126.48204,36.69255]]]}},{"type":"Feature","properties":{"k":"apron"},"geometry":{"type":"Polygon","coordinates":[[[126.4768,36.69451],[126.4778,36.69413],[126.47749,36.6936],[126.47649,36.69398],[126.4768,36.69451]]]}},{"type":"Feature","properties":{"k":"apron"},"geometry":{"type":"Polygon","coordinates":[[[126.48039,36.65997],[126.48052,36.65948],[126.48078,36.65953],[126.48065,36.66001],[126.48039,36.65997]]]}},{"type":"Feature","properties":{"k":"apron"},"geometry":{"type":"Polygon","coordinates":[[[126.48971,36.71701],[126.48942,36.71651],[126.4903,36.71619],[126.49059,36.71669],[126.48971,36.71701]]]}},{"type":"Feature","properties":{"k":"rwy"},"geometry":{"type":"LineString","coordinates":[[126.48039,36.65933],[126.48045,36.65907],[126.48065,36.65822],[126.48095,36.65691],[126.48126,36.65557],[126.48156,36.65423],[126.4818,36.65321],[126.48186,36.65295]]}},{"type":"Feature","properties":{"k":"apron"},"geometry":{"type":"Polygon","coordinates":[[[126.38536,34.99747],[126.38541,34.99688],[126.38549,34.99619],[126.38553,34.99447],[126.38553,34.9935],[126.38545,34.99278],[126.38544,34.99204],[126.3855,34.991],[126.38716,34.99101],[126.38717,34.99205],[126.38711,34.99232],[126.38706,34.99444],[126.38705,34.9975],[126.38536,34.99747]]]}},{"type":"Feature","properties":{"k":"rwy"},"geometry":{"type":"LineString","coordinates":[[127.48682,36.71006],[127.48723,36.71031],[127.48778,36.71065],[127.48795,36.71076],[127.48826,36.71095],[127.48881,36.71129],[127.49368,36.71431],[127.49446,36.71479],[127.49871,36.71742],[127.49955,36.71795],[127.50188,36.71939],[127.5023,36.71965],[127.50421,36.72083],[127.50494,36.72128],[127.50916,36.7239],[127.5102,36.72454],[127.51098,36.72503],[127.51105,36.72507],[127.51112,36.72512]]}},{"type":"Feature","properties":{"k":"apron"},"geometry":{"type":"Polygon","coordinates":[[[127.48422,36.71282],[127.48517,36.71175],[127.49288,36.71651],[127.49209,36.71741],[127.49165,36.71713],[127.49148,36.7173],[127.48422,36.71282]]]}},{"type":"Feature","properties":{"k":"apron"},"geometry":{"type":"Polygon","coordinates":[[[126.45585,37.45461],[126.45661,37.45376],[126.45521,37.45301],[126.45446,37.45384],[126.45535,37.45433],[126.45553,37.45443],[126.45567,37.45451],[126.45585,37.45461]]]}},{"type":"Feature","properties":{"k":"apron"},"geometry":{"type":"Polygon","coordinates":[[[126.4443,37.4444],[126.44432,37.44439],[126.44715,37.44122],[126.44796,37.44167],[126.44798,37.44172],[126.44799,37.44177],[126.44798,37.44182],[126.44796,37.44186],[126.44793,37.4419],[126.44523,37.44493],[126.4443,37.4444]]]}},{"type":"Feature","properties":{"k":"apron"},"geometry":{"type":"Polygon","coordinates":[[[127.96877,37.44828],[127.96828,37.44754],[127.9691,37.44725],[127.96933,37.44765],[127.9693,37.44789],[127.9691,37.44806],[127.96877,37.44828]]]}},{"type":"Feature","properties":{"k":"rwy"},"geometry":{"type":"LineString","coordinates":[[127.014,37.09132],[127.01436,37.09135],[127.01767,37.09162],[127.01852,37.09169],[127.02902,37.09254],[127.02967,37.0926],[127.04013,37.09345],[127.04094,37.09351],[127.04419,37.09378],[127.04467,37.09382]]}},{"type":"Feature","properties":{"k":"apron"},"geometry":{"type":"Polygon","coordinates":[[[128.37225,36.62778],[128.37281,36.62716],[128.3739,36.6278],[128.37335,36.62841],[128.37225,36.62778]]]}},{"type":"Feature","properties":{"k":"apron"},"geometry":{"type":"Polygon","coordinates":[[[128.35815,36.62992],[128.35817,36.62922],[128.34983,36.62908],[128.34983,36.62889],[128.34277,36.62877],[128.34276,36.62925],[128.34003,36.6292],[128.34002,36.62995],[128.34297,36.63],[128.34297,36.62966],[128.35815,36.62992]]]}},{"type":"Feature","properties":{"k":"rwy"},"geometry":{"type":"LineString","coordinates":[[127.10518,36.26787],[127.10749,36.26741],[127.11061,36.26679],[127.11153,36.26661]]}},{"type":"Feature","properties":{"k":"rwy"},"geometry":{"type":"LineString","coordinates":[[127.11918,36.26629],[127.11559,36.26702],[127.11253,36.26762],[127.11095,36.26794],[127.10938,36.26825],[127.10783,36.26856],[127.10737,36.26866],[127.10627,36.26888]]}},{"type":"Feature","properties":{"k":"rwy"},"geometry":{"type":"LineString","coordinates":[[127.09939,36.26456],[127.10508,36.26727]]}},{"type":"Feature","properties":{"k":"apron"},"geometry":{"type":"Polygon","coordinates":[[[126.38425,34.76319],[126.38473,34.76271],[126.38584,34.76347],[126.38668,34.76404],[126.38619,34.76451],[126.38425,34.76319]]]}},{"type":"Feature","properties":{"k":"apron"},"geometry":{"type":"Polygon","coordinates":[[[126.38088,34.75851],[126.38128,34.75807],[126.3827,34.75902],[126.38269,34.75914],[126.38237,34.75949],[126.38149,34.75891],[126.38088,34.75851]]]}},{"type":"Feature","properties":{"k":"apron"},"geometry":{"type":"Polygon","coordinates":[[[127.02487,37.08789],[127.02492,37.08748],[127.02731,37.08768],[127.02726,37.08809],[127.02487,37.08789]]]}},{"type":"Feature","properties":{"k":"apron"},"geometry":{"type":"Polygon","coordinates":[[[127.0311,37.08434],[127.03083,37.08408],[127.03058,37.08424],[127.03086,37.0845],[127.0311,37.08434]]]}},{"type":"Feature","properties":{"k":"apron"},"geometry":{"type":"Polygon","coordinates":[[[127.03153,37.08512],[127.03176,37.08497],[127.03203,37.08524],[127.0318,37.08539],[127.03153,37.08512]]]}},{"type":"Feature","properties":{"k":"apron"},"geometry":{"type":"Polygon","coordinates":[[[127.03243,37.08603],[127.03266,37.08589],[127.03293,37.08615],[127.0327,37.0863],[127.03243,37.08603]]]}},{"type":"Feature","properties":{"k":"apron"},"geometry":{"type":"Polygon","coordinates":[[[127.0326,37.08813],[127.03498,37.08832],[127.03493,37.08872],[127.03254,37.08853],[127.0326,37.08813]]]}},{"type":"Feature","properties":{"k":"apron"},"geometry":{"type":"Polygon","coordinates":[[[127.03082,37.08729],[127.03108,37.08711],[127.03127,37.08729],[127.03101,37.08747],[127.03082,37.08729]]]}},{"type":"Feature","properties":{"k":"apron"},"geometry":{"type":"Polygon","coordinates":[[[127.02862,37.08586],[127.02892,37.08567],[127.02873,37.08549],[127.02844,37.08567],[127.02862,37.08586]]]}},{"type":"Feature","properties":{"k":"apron"},"geometry":{"type":"Polygon","coordinates":[[[127.02863,37.08688],[127.02892,37.08669],[127.02925,37.08701],[127.02895,37.0872],[127.02863,37.08688]]]}},{"type":"Feature","properties":{"k":"apron"},"geometry":{"type":"Polygon","coordinates":[[[127.02774,37.08812],[127.02814,37.08816],[127.02815,37.08808],[127.0287,37.08813],[127.02873,37.08786],[127.02788,37.08779],[127.02787,37.08786],[127.02777,37.08785],[127.02774,37.08812]]]}},{"type":"Feature","properties":{"k":"apron"},"geometry":{"type":"Polygon","coordinates":[[[127.01689,37.08736],[127.01697,37.08681],[127.02116,37.08716],[127.02109,37.08771],[127.01689,37.08736]]]}},{"type":"Feature","properties":{"k":"apron"},"geometry":{"type":"Polygon","coordinates":[[[127.01127,37.08773],[127.01133,37.08724],[127.01301,37.08738],[127.013,37.08747],[127.01294,37.08787],[127.01127,37.08773]]]}},{"type":"Feature","properties":{"k":"apron"},"geometry":{"type":"Polygon","coordinates":[[[127.00863,37.08464],[127.00873,37.0838],[127.00963,37.08387],[127.00946,37.08522],[127.00921,37.0852],[127.00889,37.08489],[127.00868,37.08503],[127.00852,37.08488],[127.00873,37.08473],[127.00863,37.08464]]]}},{"type":"Feature","properties":{"k":"apron"},"geometry":{"type":"Polygon","coordinates":[[[127.03178,36.95941],[127.03382,36.95798],[127.03326,36.95746],[127.03121,36.9589],[127.03178,36.95941]]]}},{"type":"Feature","properties":{"k":"apron"},"geometry":{"type":"Polygon","coordinates":[[[127.03262,36.95748],[127.03262,36.95748],[127.03248,36.95737],[127.03247,36.95735],[127.03247,36.95733],[127.03248,36.95731],[127.0325,36.95729],[127.03274,36.95712],[127.03268,36.95706],[127.03203,36.9565],[127.03202,36.95649],[127.03158,36.95679],[127.03179,36.95695],[127.032,36.9568],[127.03205,36.95685],[127.03,36.95827],[127.03047,36.95869],[127.03058,36.95861],[127.03076,36.95877],[127.03262,36.95748]]]}},{"type":"Feature","properties":{"k":"apron"},"geometry":{"type":"Polygon","coordinates":[[[127.02875,36.96156],[127.02824,36.96112],[127.02821,36.96113],[127.02819,36.96115],[127.02816,36.96118],[127.02815,36.9612],[127.02814,36.96124],[127.02813,36.96128],[127.02814,36.96131],[127.02814,36.96134],[127.02815,36.96137],[127.02817,36.96139],[127.02896,36.96211],[127.02561,36.96451],[127.02559,36.96454],[127.02559,36.96457],[127.02559,36.9646],[127.02559,36.96463],[127.02559,36.96466],[127.0256,36.96469],[127.02565,36.96474],[127.02558,36.96478],[127.02459,36.96388],[127.02458,36.96361],[127.03039,36.95947],[127.03097,36.95999],[127.02875,36.96156]]]}},{"type":"Feature","properties":{"k":"apron"},"geometry":{"type":"Polygon","coordinates":[[[127.02539,36.96183],[127.02589,36.96148],[127.02586,36.96145],[127.02611,36.96127],[127.02677,36.96188],[127.02601,36.96241],[127.02539,36.96183]]]}},{"type":"Feature","properties":{"k":"apron"},"geometry":{"type":"Polygon","coordinates":[[[126.62432,35.90935],[126.62488,35.90866],[126.62778,35.91025],[126.62723,35.91092],[126.62432,35.90935]]]}},{"type":"Feature","properties":{"k":"stand","ref":"825"},"geometry":{"type":"LineString","coordinates":[[126.45496,37.45417],[126.45586,37.45316]]}},{"type":"Feature","properties":{"k":"gate","ref":"825"},"geometry":{"type":"Point","coordinates":[126.45586,37.45316]}},{"type":"Feature","properties":{"k":"stand"},"geometry":{"type":"LineString","coordinates":[[126.49059,33.50771],[126.49062,33.50769],[126.49064,33.50767],[126.49066,33.50766],[126.49069,33.50765],[126.49072,33.50764],[126.49075,33.50764],[126.49078,33.50764],[126.49082,33.50765]]}},{"type":"Feature","properties":{"k":"stand"},"geometry":{"type":"LineString","coordinates":[[126.49006,33.50842],[126.49059,33.50771],[126.4906,33.50768],[126.49061,33.50766],[126.49062,33.50764],[126.49062,33.50761],[126.49061,33.50758],[126.4906,33.50756],[126.49058,33.50753],[126.49056,33.50751]]}},{"type":"Feature","properties":{"k":"stand"},"geometry":{"type":"LineString","coordinates":[[128.94532,35.17703],[128.94539,35.1771],[128.94541,35.17713],[128.94542,35.17716],[128.94543,35.17719],[128.94542,35.17721],[128.94541,35.17723],[128.94523,35.17748],[128.94514,35.1776],[128.9451,35.17765],[128.94497,35.17782],[128.94495,35.17783],[128.94491,35.17784],[128.94488,35.17784],[128.94485,35.17783],[128.94482,35.17782],[128.94462,35.17771],[128.9446,35.17769],[128.94459,35.17768],[128.94459,35.17766],[128.94458,35.17764],[128.94459,35.17762],[128.9446,35.1776],[128.94463,35.17757],[128.94471,35.17745],[128.94476,35.17739],[128.94485,35.17728],[128.94493,35.17717],[128.94496,35.17713],[128.94499,35.17709],[128.94501,35.17706],[128.94502,35.17703],[128.94502,35.177],[128.945,35.17697],[128.94499,35.17696],[128.94496,35.17694],[128.94493,35.17692]]}},{"type":"Feature","properties":{"k":"stand"},"geometry":{"type":"LineString","coordinates":[[128.94287,35.18191],[128.94296,35.18183],[128.94301,35.18179],[128.94307,35.18176],[128.94311,35.18174],[128.94316,35.18172],[128.94321,35.18171],[128.94328,35.1817],[128.94431,35.18179]]}},{"type":"Feature","properties":{"k":"stand"},"geometry":{"type":"LineString","coordinates":[[128.94294,35.18139],[128.94296,35.18145],[128.94297,35.1815],[128.94299,35.18153],[128.94301,35.18156],[128.94304,35.18159],[128.94308,35.18162],[128.94312,35.18164],[128.94316,35.18167],[128.94321,35.18169],[128.94328,35.1817]]}},{"type":"Feature","properties":{"k":"stand"},"geometry":{"type":"LineString","coordinates":[[128.94303,35.18064],[128.94308,35.18074],[128.94311,35.18078],[128.94315,35.18083],[128.9432,35.18087],[128.94326,35.18091],[128.94331,35.18094],[128.94339,35.18097]]}},{"type":"Feature","properties":{"k":"stand"},"geometry":{"type":"LineString","coordinates":[[128.94339,35.18097],[128.94447,35.18106]]}},{"type":"Feature","properties":{"k":"stand"},"geometry":{"type":"LineString","coordinates":[[128.94313,35.17986],[128.94317,35.17997],[128.94319,35.18003],[128.94324,35.1801],[128.94328,35.18014],[128.94333,35.18018],[128.9434,35.18021],[128.94347,35.18023]]}},{"type":"Feature","properties":{"k":"stand"},"geometry":{"type":"LineString","coordinates":[[128.94347,35.18023],[128.94401,35.18028],[128.94456,35.18033]]}},{"type":"Feature","properties":{"k":"apron"},"geometry":{"type":"Polygon","coordinates":[[[127.04047,36.95609],[127.04002,36.95567],[127.04039,36.95541],[127.04042,36.95536],[127.04045,36.9553],[127.04046,36.95525],[127.04046,36.95518],[127.04045,36.95512],[127.04044,36.95507],[127.04041,36.95501],[127.04037,36.95496],[127.04024,36.95485],[127.04086,36.95439],[127.04093,36.95445],[127.04098,36.95447],[127.04105,36.9545],[127.04112,36.9545],[127.04118,36.95449],[127.04124,36.95446],[127.04147,36.9543],[127.04239,36.95511],[127.04215,36.95528],[127.04212,36.95533],[127.0421,36.95537],[127.0421,36.95542],[127.0421,36.95547],[127.04211,36.95551],[127.04215,36.95555],[127.04286,36.95618],[127.04232,36.95652],[127.04158,36.95586],[127.04151,36.9558],[127.04144,36.95575],[127.04137,36.95572],[127.0413,36.95571],[127.04122,36.9557],[127.04114,36.95571],[127.04107,36.95572],[127.041,36.95574],[127.04093,36.95577],[127.04087,36.9558],[127.04047,36.95609]]]}},{"type":"Feature","properties":{"k":"apron"},"geometry":{"type":"Polygon","coordinates":[[[127.02876,36.95947],[127.02922,36.95945],[127.02924,36.95969],[127.02882,36.95971],[127.02882,36.95974],[127.02741,36.95982],[127.02743,36.96009],[127.02635,36.96015],[127.02627,36.95923],[127.02639,36.95922],[127.02638,36.95906],[127.02645,36.95905],[127.02654,36.95905],[127.02654,36.9591],[127.02882,36.95898],[127.02883,36.95912],[127.02905,36.9591],[127.02929,36.95909],[127.02931,36.95935],[127.02885,36.95937],[127.02882,36.95938],[127.0288,36.95939],[127.02878,36.95941],[127.02877,36.95942],[127.02876,36.95945],[127.02876,36.95947]]]}},{"type":"Feature","properties":{"k":"apron"},"geometry":{"type":"Polygon","coordinates":[[[127.03527,36.9548],[127.03535,36.95487],[127.03548,36.95498],[127.03552,36.95502],[127.03551,36.95503],[127.03551,36.95503],[127.0355,36.95505],[127.0355,36.95506],[127.0355,36.95509],[127.0355,36.95511],[127.03551,36.95514],[127.03553,36.95516],[127.03555,36.95518],[127.03559,36.95521],[127.03549,36.95529],[127.03544,36.95525],[127.03543,36.95524],[127.03541,36.95524],[127.03539,36.95524],[127.03538,36.95524],[127.03537,36.95524],[127.03535,36.95524],[127.03534,36.95525],[127.03533,36.95525],[127.0352,36.95535],[127.03487,36.95506],[127.03494,36.95504],[127.03527,36.9548]]]}},{"type":"Feature","properties":{"k":"apron"},"geometry":{"type":"Polygon","coordinates":[[[127.03345,36.95659],[127.0331,36.95627],[127.03318,36.95622],[127.0332,36.95608],[127.03295,36.95585],[127.03319,36.95568],[127.03313,36.95562],[127.03352,36.95534],[127.03359,36.9554],[127.03375,36.95528],[127.03417,36.95565],[127.03457,36.95536],[127.03417,36.955],[127.0341,36.95494],[127.03432,36.95477],[127.03505,36.95547],[127.03464,36.95577],[127.03345,36.95659]]]}},{"type":"Feature","properties":{"k":"stand","ref":"365"},"geometry":{"type":"LineString","coordinates":[[126.44157,37.46357],[126.44162,37.46356],[126.44168,37.46354],[126.44174,37.4635],[126.44178,37.46346],[126.44183,37.46341],[126.44186,37.46335],[126.44187,37.46329],[126.44188,37.46323],[126.44187,37.46316]]}},{"type":"Feature","properties":{"k":"gate","ref":"365"},"geometry":{"type":"Point","coordinates":[126.44187,37.46316]}},{"type":"Feature","properties":{"k":"apron"},"geometry":{"type":"Polygon","coordinates":[[[127.10994,37.45347],[127.11105,37.45335],[127.11138,37.45514],[127.11094,37.45519],[127.11112,37.4561],[127.11032,37.45619],[127.11011,37.45483],[127.11017,37.45482],[127.10994,37.45347]]]}},{"type":"Feature","properties":{"k":"apron"},"geometry":{"type":"Polygon","coordinates":[[[127.10946,37.45332],[127.1103,37.45324],[127.11028,37.45313],[127.1102,37.45266],[127.11015,37.45236],[127.11011,37.45213],[127.11009,37.45202],[127.10927,37.45212],[127.10946,37.45332]]]}},{"type":"Feature","properties":{"k":"apron"},"geometry":{"type":"Polygon","coordinates":[[[127.11067,37.45288],[127.11065,37.45277],[127.11061,37.45254],[127.11057,37.45232],[127.11053,37.45209],[127.11052,37.45199],[127.11084,37.45194],[127.111,37.45284],[127.11067,37.45288]]]}},{"type":"Feature","properties":{"k":"apron"},"geometry":{"type":"Polygon","coordinates":[[[127.10927,37.45175],[127.1095,37.45173],[127.11002,37.45167],[127.11,37.45155],[127.10996,37.45133],[127.10991,37.45101],[127.10959,37.45104],[127.1096,37.45111],[127.10917,37.45115],[127.10927,37.45175]]]}},{"type":"Feature","properties":{"k":"apron"},"geometry":{"type":"Polygon","coordinates":[[[127.11044,37.45162],[127.11042,37.45151],[127.11039,37.45129],[127.11033,37.45095],[127.11068,37.45091],[127.11079,37.45158],[127.11044,37.45162]]]}},{"type":"Feature","properties":{"k":"apron"},"geometry":{"type":"Polygon","coordinates":[[[126.42515,37.46779],[126.42613,37.46834],[126.42757,37.46704],[126.42881,37.46573],[126.42942,37.46501],[126.42831,37.46437],[126.42823,37.46438],[126.42643,37.46638],[126.42515,37.46779]]]}},{"type":"Feature","properties":{"k":"apron"},"geometry":{"type":"Polygon","coordinates":[[[126.4374,37.47475],[126.43643,37.4742],[126.4375,37.4727],[126.43866,37.47133],[126.43932,37.47064],[126.44044,37.47127],[126.44046,37.47133],[126.43867,37.47333],[126.4374,37.47475]]]}},{"type":"Feature","properties":{"k":"rwy"},"geometry":{"type":"LineString","coordinates":[[127.04167,36.95485],[127.04079,36.95551],[127.04026,36.95588]]}},{"type":"Feature","properties":{"k":"rwy"},"geometry":{"type":"LineString","coordinates":[[127.02088,36.96964],[127.02175,36.96903],[127.02284,36.96824],[127.02488,36.9668]]}},{"type":"Feature","properties":{"k":"rwy"},"geometry":{"type":"LineString","coordinates":[[127.01341,37.22813],[127.01319,37.22838],[127.00721,37.23505],[127.00175,37.24113],[127.0015,37.2414],[127.00129,37.24164],[127.00127,37.24167],[126.99593,37.24762],[126.99569,37.24788]]}},{"type":"Feature","properties":{"k":"apron"},"geometry":{"type":"Polygon","coordinates":[[[127.00626,37.2321],[127.0079,37.23304],[127.00819,37.23313],[127.00804,37.23331],[127.00768,37.2337],[127.00698,37.23449],[127.00692,37.23456],[127.00684,37.23464],[127.00676,37.23464],[127.00669,37.23464],[127.00659,37.23464],[127.0065,37.23462],[127.00484,37.2337],[127.00466,37.23359],[127.00532,37.23288],[127.00547,37.23296],[127.00626,37.2321]]]}},{"type":"Feature","properties":{"k":"apron"},"geometry":{"type":"Polygon","coordinates":[[[127.10823,36.27058],[127.11934,36.26833],[127.11897,36.26719],[127.10982,36.269],[127.1093,36.26885],[127.10781,36.26917],[127.10823,36.27058]]]}},{"type":"Feature","properties":{"k":"apron"},"geometry":{"type":"Polygon","coordinates":[[[127.10373,36.26624],[127.10057,36.2647],[127.10145,36.26361],[127.10197,36.26385],[127.1021,36.26365],[127.10355,36.26434],[127.10456,36.26485],[127.10454,36.2649],[127.10453,36.26511],[127.10373,36.26624]]]}},{"type":"Feature","properties":{"k":"stand"},"geometry":{"type":"LineString","coordinates":[[126.49485,33.50794],[126.49483,33.50857],[126.49482,33.50921]]}},{"type":"Feature","properties":{"k":"stand"},"geometry":{"type":"LineString","coordinates":[[126.49569,33.50872],[126.49576,33.50879],[126.4958,33.50883],[126.49585,33.50888],[126.4959,33.50891],[126.49594,33.50894],[126.49599,33.50896],[126.49602,33.50896],[126.49606,33.50897],[126.4961,33.50897],[126.49614,33.50897],[126.49619,33.50897],[126.49623,33.50896]]}},{"type":"Feature","properties":{"k":"stand"},"geometry":{"type":"LineString","coordinates":[[126.49575,33.50885],[126.49589,33.509],[126.49596,33.50907],[126.49599,33.50909],[126.49602,33.50912],[126.49605,33.50914],[126.49608,33.50915]]}},{"type":"Feature","properties":{"k":"stand"},"geometry":{"type":"LineString","coordinates":[[126.49534,33.50784],[126.49551,33.50829],[126.49564,33.50858],[126.49569,33.50872],[126.49575,33.50885],[126.49577,33.50892],[126.49578,33.50896],[126.49578,33.50901],[126.49578,33.50905],[126.49578,33.5091],[126.49576,33.50916],[126.49574,33.5092],[126.49572,33.50923]]}},{"type":"Feature","properties":{"k":"stand"},"geometry":{"type":"LineString","coordinates":[[126.49866,33.50741],[126.49866,33.50742],[126.49866,33.50744],[126.49865,33.50746],[126.49865,33.50748],[126.49865,33.50749],[126.49864,33.50751]]}},{"type":"Feature","properties":{"k":"stand"},"geometry":{"type":"LineString","coordinates":[[126.49835,33.50707],[126.49866,33.50741],[126.49867,33.50741],[126.49869,33.50742],[126.49872,33.50742],[126.49874,33.50743],[126.49876,33.50743],[126.49878,33.50743]]}},{"type":"Feature","properties":{"k":"stand"},"geometry":{"type":"LineString","coordinates":[[126.49883,33.5073],[126.49883,33.50731],[126.49883,33.50733],[126.49883,33.50734],[126.49883,33.50736],[126.49883,33.50738],[126.49882,33.5074]]}},{"type":"Feature","properties":{"k":"stand"},"geometry":{"type":"LineString","coordinates":[[126.49853,33.50696],[126.49883,33.5073],[126.49884,33.5073],[126.49886,33.50731],[126.49888,33.50731],[126.49891,33.50731],[126.49892,33.50732],[126.49894,33.50732],[126.49896,33.50731]]}},{"type":"Feature","properties":{"k":"stand"},"geometry":{"type":"LineString","coordinates":[[126.49901,33.50719],[126.49904,33.5072],[126.49907,33.5072],[126.49909,33.50721],[126.49912,33.50721],[126.49914,33.50721]]}},{"type":"Feature","properties":{"k":"stand"},"geometry":{"type":"LineString","coordinates":[[126.49871,33.50685],[126.49901,33.50719],[126.49901,33.50721],[126.49901,33.50723],[126.49901,33.50726],[126.499,33.50727],[126.499,33.50729]]}},{"type":"Feature","properties":{"k":"stand"},"geometry":{"type":"LineString","coordinates":[[126.4992,33.50687],[126.49919,33.5069],[126.49919,33.50692],[126.49919,33.50695],[126.49919,33.50698],[126.49919,33.507],[126.49921,33.50702],[126.49923,33.50705],[126.49925,33.50707],[126.49927,33.50708],[126.4993,33.50708],[126.49932,33.50708],[126.49934,33.50709]]}},{"type":"Feature","properties":{"k":"stand"},"geometry":{"type":"LineString","coordinates":[[126.49887,33.50646],[126.4992,33.50687],[126.49923,33.50686],[126.49927,33.50687],[126.49931,33.50688],[126.49934,33.5069],[126.49937,33.50693],[126.49939,33.50695],[126.49941,33.50697],[126.49942,33.507],[126.49942,33.50702],[126.49943,33.50704]]}},{"type":"Feature","properties":{"k":"stand"},"geometry":{"type":"LineString","coordinates":[[126.4909,33.50952],[126.49094,33.50952],[126.49099,33.50952],[126.49102,33.50952],[126.49105,33.50951],[126.49108,33.5095],[126.49111,33.50949],[126.49113,33.50947],[126.49117,33.50944]]}},{"type":"Feature","properties":{"k":"stand"},"geometry":{"type":"LineString","coordinates":[[126.49192,33.5084],[126.49193,33.50836],[126.49194,33.50834],[126.49194,33.50832],[126.49194,33.50829],[126.49193,33.50826],[126.49192,33.50824],[126.49191,33.50822],[126.49189,33.5082]]}},{"type":"Feature","properties":{"k":"stand"},"geometry":{"type":"LineString","coordinates":[[126.49123,33.50968],[126.4912,33.50964],[126.49118,33.50961],[126.49116,33.50958],[126.49116,33.50956],[126.49116,33.50952],[126.49116,33.50948],[126.49116,33.50946],[126.49117,33.50944],[126.49141,33.50912],[126.49192,33.5084],[126.49194,33.50839],[126.49196,33.50837],[126.49198,33.50836],[126.49202,33.50835],[126.49204,33.50834],[126.49206,33.50833],[126.49209,33.50833],[126.49214,33.50833]]}},{"type":"Feature","properties":{"k":"stand"},"geometry":{"type":"LineString","coordinates":[[126.4913,33.50972],[126.49135,33.50971],[126.49138,33.50971],[126.49142,33.50971],[126.49146,33.5097],[126.49149,33.50968],[126.49152,33.50966],[126.49154,33.50964]]}},{"type":"Feature","properties":{"k":"stand"},"geometry":{"type":"LineString","coordinates":[[126.49158,33.50986],[126.49154,33.50981],[126.49153,33.50979],[126.49152,33.50977],[126.49152,33.50974],[126.49152,33.50971],[126.49153,33.50969],[126.49154,33.50964],[126.49179,33.50932],[126.49185,33.50922]]}},{"type":"Feature","properties":{"k":"stand"},"geometry":{"type":"LineString","coordinates":[[126.49221,33.51001],[126.4922,33.51004],[126.49219,33.51007],[126.49219,33.51009],[126.4922,33.51012],[126.49221,33.51015],[126.49222,33.51017],[126.49224,33.51019],[126.49226,33.51021]]}},{"type":"Feature","properties":{"k":"stand"},"geometry":{"type":"LineString","coordinates":[[126.49199,33.51007],[126.49203,33.51008],[126.49206,33.51007],[126.4921,33.51007],[126.49213,33.51006],[126.49215,33.51005],[126.49218,33.51003],[126.49221,33.51001],[126.49246,33.50966],[126.49253,33.50958]]}},{"type":"Feature","properties":{"k":"stand"},"geometry":{"type":"LineString","coordinates":[[126.49236,33.51026],[126.4924,33.51027],[126.49243,33.51027],[126.49247,33.51026],[126.4925,33.51026],[126.49254,33.51024],[126.49256,33.51023],[126.4926,33.51021]]}},{"type":"Feature","properties":{"k":"stand"},"geometry":{"type":"LineString","coordinates":[[126.49267,33.51041],[126.49262,33.51038],[126.4926,33.51036],[126.49259,33.51033],[126.49258,33.5103],[126.49258,33.51027],[126.49259,33.51024],[126.4926,33.51021],[126.49284,33.50986],[126.49291,33.50978]]}},{"type":"Feature","properties":{"k":"stand"},"geometry":{"type":"LineString","coordinates":[[126.48651,33.50588],[126.4865,33.50584],[126.4865,33.50582],[126.4865,33.5058],[126.4865,33.50577],[126.48651,33.50574],[126.48653,33.5057],[126.48654,33.50568],[126.48656,33.50566],[126.48658,33.50563],[126.4866,33.50561],[126.48663,33.50559],[126.48667,33.50558],[126.4867,33.50556],[126.48673,33.50555],[126.48676,33.50555]]}},{"type":"Feature","properties":{"k":"stand"},"geometry":{"type":"LineString","coordinates":[[126.48676,33.50555],[126.48676,33.5056],[126.48676,33.50564],[126.48674,33.50569],[126.48673,33.50573],[126.4867,33.50577],[126.48666,33.50581],[126.48662,33.50584],[126.48658,33.50586],[126.48651,33.50588],[126.48617,33.50634]]}},{"type":"Feature","properties":{"k":"stand"},"geometry":{"type":"LineString","coordinates":[[126.48665,33.50498],[126.48665,33.505],[126.48666,33.50501],[126.48666,33.50504],[126.48667,33.50509],[126.48667,33.50514],[126.48666,33.50518],[126.48664,33.50522],[126.4866,33.50528],[126.48656,33.50531],[126.48652,33.50534],[126.48646,33.50537],[126.48643,33.50538]]}},{"type":"Feature","properties":{"k":"stand"},"geometry":{"type":"LineString","coordinates":[[126.48633,33.50532],[126.48633,33.50526],[126.48634,33.50521],[126.48636,33.50516],[126.4864,33.50511],[126.48645,33.50506],[126.48649,33.50504],[126.48654,33.50501],[126.4866,33.50499],[126.48662,33.50499],[126.48665,33.50498],[126.48713,33.50433]]}},{"type":"Feature","properties":{"k":"stand"},"geometry":{"type":"LineString","coordinates":[[126.48731,33.50533],[126.48732,33.50537],[126.48733,33.50542],[126.48733,33.50545],[126.48733,33.50549],[126.48732,33.50552],[126.48731,33.50555],[126.48729,33.50558],[126.48727,33.50561],[126.48724,33.50564],[126.48721,33.50567],[126.48717,33.50569],[126.48713,33.50571],[126.4871,33.50572]]}},{"type":"Feature","properties":{"k":"stand"},"geometry":{"type":"LineString","coordinates":[[126.487,33.50567],[126.487,33.50564],[126.48699,33.50561],[126.487,33.50557],[126.487,33.50555],[126.48702,33.50552],[126.48704,33.50549],[126.48706,33.50546],[126.48708,33.50544],[126.48711,33.50541],[126.48715,33.50539],[126.48718,33.50537],[126.48722,33.50535],[126.48726,33.50534],[126.48729,33.50534],[126.48731,33.50533],[126.4878,33.50465]]}},{"type":"Feature","properties":{"k":"stand"},"geometry":{"type":"LineString","coordinates":[[126.48797,33.50568],[126.48798,33.50571],[126.48799,33.50575],[126.48799,33.50579],[126.48799,33.50584],[126.48798,33.50587],[126.48797,33.50591],[126.48795,33.50594],[126.48792,33.50597],[126.48789,33.506],[126.48786,33.50602],[126.48782,33.50605],[126.48778,33.50606],[126.48777,33.50607]]}},{"type":"Feature","properties":{"k":"stand"},"geometry":{"type":"LineString","coordinates":[[126.48767,33.50602],[126.48766,33.50598],[126.48766,33.50596],[126.48766,33.50593],[126.48767,33.5059],[126.48768,33.50587],[126.48769,33.50584],[126.48771,33.50581],[126.48773,33.50579],[126.48776,33.50576],[126.4878,33.50574],[126.48782,33.50572],[126.48785,33.50571],[126.48789,33.5057],[126.48792,33.50569],[126.48797,33.50568],[126.48827,33.50528],[126.48845,33.50502]]}},{"type":"Feature","properties":{"k":"stand"},"geometry":{"type":"LineString","coordinates":[[126.48881,33.50611],[126.48882,33.50613],[126.48883,33.50616],[126.48883,33.50619],[126.48883,33.50622],[126.48883,33.50625],[126.48882,33.50629],[126.48881,33.50632],[126.4888,33.50634],[126.48878,33.50637],[126.48876,33.50639],[126.48874,33.50641],[126.48871,33.50643],[126.48868,33.50645],[126.48864,33.50647],[126.48859,33.50649],[126.48856,33.5065]]}},{"type":"Feature","properties":{"k":"stand"},"geometry":{"type":"LineString","coordinates":[[126.4885,33.50649],[126.48849,33.50644],[126.48849,33.50638],[126.48849,33.50634],[126.4885,33.50631],[126.48852,33.50628],[126.48854,33.50625],[126.48856,33.50622],[126.48859,33.5062],[126.48862,33.50618],[126.48865,33.50615],[126.48868,33.50614],[126.48871,33.50612],[126.48874,33.50612],[126.48878,33.50611],[126.48881,33.50611],[126.48902,33.50582],[126.48926,33.5055]]}},{"type":"Feature","properties":{"k":"stand"},"geometry":{"type":"LineString","coordinates":[[126.48933,33.50638],[126.48934,33.50643],[126.48935,33.50649],[126.48935,33.50652],[126.48935,33.50657],[126.48933,33.5066],[126.48931,33.50664],[126.48927,33.50668],[126.48925,33.5067],[126.48923,33.50671],[126.48921,33.50673],[126.48918,33.50674],[126.48915,33.50675],[126.48913,33.50675],[126.4891,33.50676]]}},{"type":"Feature","properties":{"k":"stand"},"geometry":{"type":"LineString","coordinates":[[126.48903,33.50672],[126.48901,33.50667],[126.48902,33.50662],[126.48904,33.50658],[126.48906,33.50654],[126.48911,33.50648],[126.48915,33.50645],[126.4892,33.50642],[126.48924,33.50641],[126.48933,33.50638],[126.48964,33.50598]]}},{"type":"Feature","properties":{"k":"stand"},"geometry":{"type":"LineString","coordinates":[[126.48971,33.50658],[126.48966,33.50657],[126.48963,33.50658],[126.48959,33.50659],[126.48955,33.50661],[126.48951,33.50663],[126.48948,33.50666],[126.48945,33.5067],[126.48942,33.50674],[126.48941,33.50677],[126.48939,33.50681],[126.48939,33.50685],[126.48939,33.50689],[126.48939,33.50691],[126.48941,33.50699],[126.48941,33.50701]]}},{"type":"Feature","properties":{"k":"stand"},"geometry":{"type":"LineString","coordinates":[[126.48933,33.50702],[126.48941,33.50699],[126.48943,33.50698],[126.48946,33.50697],[126.48949,33.50696],[126.48953,33.50695],[126.48957,33.50693],[126.48961,33.5069],[126.48965,33.50687],[126.48967,33.50684],[126.4897,33.5068],[126.48972,33.50676],[126.48973,33.50672],[126.48974,33.50669],[126.48974,33.50665],[126.48973,33.50661],[126.48971,33.50658],[126.49003,33.50614]]}},{"type":"Feature","properties":{"k":"stand"},"geometry":{"type":"LineString","coordinates":[[126.48652,33.50693],[126.48649,33.50695],[126.48645,33.50697],[126.48639,33.507],[126.48636,33.50701],[126.48632,33.50703],[126.48628,33.50703],[126.48624,33.50704],[126.48621,33.50704],[126.48616,33.50704],[126.48611,33.50704]]}},{"type":"Feature","properties":{"k":"stand"},"geometry":{"type":"LineString","coordinates":[[126.48717,33.50604],[126.48719,33.50599],[126.48721,33.50594],[126.48721,33.50591],[126.4872,33.50586],[126.48719,33.50582],[126.48716,33.50577],[126.48712,33.50573]]}},{"type":"Feature","properties":{"k":"stand"},"geometry":{"type":"LineString","coordinates":[[126.48658,33.50729],[126.48654,33.50721],[126.48652,33.50715],[126.48651,33.5071],[126.48651,33.50706],[126.48651,33.507],[126.48652,33.50693],[126.48667,33.50673],[126.48681,33.50653],[126.48717,33.50604],[126.48721,33.50601],[126.48724,33.50598],[126.48728,33.50596],[126.48733,33.50594],[126.48738,33.50593],[126.48742,33.50593],[126.48747,33.50593],[126.48752,33.50595],[126.48757,33.50597]]}},{"type":"Feature","properties":{"k":"stand"},"geometry":{"type":"LineString","coordinates":[[126.48707,33.50722],[126.48706,33.50727],[126.48705,33.50731],[126.48705,33.50736],[126.48705,33.50742],[126.48706,33.50747],[126.48709,33.50753],[126.48714,33.50758]]}},{"type":"Feature","properties":{"k":"stand"},"geometry":{"type":"LineString","coordinates":[[126.48773,33.50632],[126.48776,33.50626],[126.48777,33.50622],[126.48777,33.50618],[126.48776,33.50614],[126.48774,33.5061],[126.4877,33.50606],[126.48765,33.50601]]}},{"type":"Feature","properties":{"k":"stand"},"geometry":{"type":"LineString","coordinates":[[126.48668,33.50734],[126.4868,33.50733],[126.48686,33.50732],[126.48689,33.50731],[126.48693,33.5073],[126.48698,33.50728],[126.48703,33.50725],[126.48707,33.50722],[126.48722,33.50702],[126.48736,33.50682],[126.48773,33.50632],[126.48776,33.50629],[126.4878,33.50626],[126.48785,33.50624],[126.48789,33.50622],[126.48793,33.50622],[126.48799,33.50623],[126.48803,33.50623],[126.4881,33.50624]]}},{"type":"Feature","properties":{"k":"stand"},"geometry":{"type":"LineString","coordinates":[[126.48717,33.50759],[126.48725,33.50762],[126.48729,33.50763],[126.48732,33.50763],[126.48735,33.50763],[126.4874,33.50762],[126.48744,33.5076],[126.48748,33.50759],[126.48751,33.50757],[126.48754,33.50755],[126.48758,33.50752]]}},{"type":"Feature","properties":{"k":"stand"},"geometry":{"type":"LineString","coordinates":[[126.48826,33.50659],[126.48827,33.50656],[126.48828,33.50652],[126.48828,33.50648],[126.48828,33.50644],[126.48826,33.5064],[126.48825,33.50637],[126.48821,33.50632],[126.48818,33.50628]]}},{"type":"Feature","properties":{"k":"stand"},"geometry":{"type":"LineString","coordinates":[[126.48766,33.50785],[126.48762,33.5078],[126.48759,33.50776],[126.48757,33.50773],[126.48756,33.50769],[126.48755,33.50765],[126.48755,33.50761],[126.48756,33.50757],[126.48758,33.50752],[126.48775,33.50729],[126.48781,33.5072],[126.48824,33.50662],[126.48826,33.50659],[126.48828,33.50658],[126.48831,33.50655],[126.48834,33.50654],[126.48838,33.50652],[126.48842,33.50651],[126.48847,33.5065],[126.4885,33.50649],[126.48853,33.5065],[126.48856,33.5065],[126.48863,33.50651]]}},{"type":"Feature","properties":{"k":"stand"},"geometry":{"type":"LineString","coordinates":[[126.48881,33.50844],[126.48884,33.50845],[126.48888,33.50846],[126.48891,33.50845],[126.48894,33.50845],[126.48897,33.50844],[126.48899,33.50843],[126.48902,33.50842],[126.48904,33.5084],[126.48906,33.50839]]}},{"type":"Feature","properties":{"k":"stand"},"geometry":{"type":"LineString","coordinates":[[126.48983,33.50732],[126.48984,33.50729],[126.48984,33.50727],[126.48984,33.50725],[126.48984,33.50721],[126.48984,33.50718],[126.48982,33.50716],[126.48981,33.50714],[126.48979,33.50712],[126.48975,33.50709]]}},{"type":"Feature","properties":{"k":"stand"},"geometry":{"type":"LineString","coordinates":[[126.48913,33.5086],[126.48909,33.50856],[126.48907,33.50854],[126.48906,33.50851],[126.48905,33.50848],[126.48904,33.50845],[126.48905,33.50842],[126.48906,33.50839],[126.48929,33.50808],[126.48938,33.50795],[126.48983,33.50732],[126.48985,33.5073],[126.48987,33.50728],[126.4899,33.50727],[126.48994,33.50726],[126.48997,33.50725],[126.49002,33.50725],[126.49005,33.50725],[126.49007,33.50726]]}},{"type":"Feature","properties":{"k":"stand"},"geometry":{"type":"LineString","coordinates":[[126.48918,33.50863],[126.48924,33.50865],[126.48927,33.50865],[126.48931,33.50865],[126.48934,33.50864],[126.48938,33.50862],[126.48941,33.50861],[126.48943,33.50859]]}},{"type":"Feature","properties":{"k":"stand"},"geometry":{"type":"LineString","coordinates":[[126.48948,33.50879],[126.48945,33.50876],[126.48943,33.50873],[126.48942,33.5087],[126.48941,33.50867],[126.48941,33.50864],[126.48942,33.50862],[126.48943,33.50859],[126.48966,33.50827],[126.48972,33.50819]]}},{"type":"Feature","properties":{"k":"stand"},"geometry":{"type":"LineString","coordinates":[[126.49014,33.50913],[126.49017,33.50914],[126.4902,33.50915],[126.49022,33.50915],[126.49024,33.50915],[126.49027,33.50914],[126.49029,33.50914],[126.49031,33.50913],[126.49034,33.50912],[126.49036,33.5091],[126.49038,33.50909]]}},{"type":"Feature","properties":{"k":"stand"},"geometry":{"type":"LineString","coordinates":[[126.48406,33.50598],[126.4841,33.50598],[126.48413,33.50598],[126.48416,33.50599],[126.48419,33.50598],[126.48423,33.50597],[126.48425,33.50596],[126.48428,33.50595],[126.4843,33.50593]]}},{"type":"Feature","properties":{"k":"stand"},"geometry":{"type":"LineString","coordinates":[[126.48369,33.50579],[126.48374,33.50579],[126.48377,33.50579],[126.4838,33.50579],[126.48383,33.50578],[126.48386,33.50577],[126.48388,33.50576],[126.48392,33.50574]]}},{"type":"Feature","properties":{"k":"stand"},"geometry":{"type":"LineString","coordinates":[[126.48412,33.50413],[126.48413,33.50418],[126.48413,33.50424],[126.48413,33.50428],[126.48412,33.50431],[126.48411,33.50434],[126.48408,33.50439],[126.48404,33.50445]]}},{"type":"Feature","properties":{"k":"stand"},"geometry":{"type":"LineString","coordinates":[[126.48451,33.50422],[126.4845,33.50425],[126.4845,33.50427],[126.4845,33.5043],[126.48451,33.50434],[126.48452,33.50436],[126.48454,33.50439],[126.48455,33.50441]]}},{"type":"Feature","properties":{"k":"stand"},"geometry":{"type":"LineString","coordinates":[[126.48435,33.5043],[126.48451,33.50422],[126.48492,33.50366]]}},{"type":"Feature","properties":{"k":"stand"},"geometry":{"type":"LineString","coordinates":[[126.48489,33.50442],[126.48485,33.50445],[126.48483,33.50446],[126.4848,33.50447],[126.48476,33.50447],[126.48473,33.50447],[126.48469,33.50447],[126.48464,33.50445]]}},{"type":"Feature","properties":{"k":"stand"},"geometry":{"type":"LineString","coordinates":[[126.4853,33.50385],[126.48489,33.50442],[126.48487,33.50445],[126.48487,33.50447],[126.48487,33.5045],[126.48488,33.50452],[126.4849,33.50456],[126.48492,33.50459],[126.48495,33.50461]]}},{"type":"Feature","properties":{"k":"stand"},"geometry":{"type":"LineString","coordinates":[[126.4847,33.50467],[126.48474,33.50464],[126.48477,33.50463],[126.48481,33.50461],[126.48486,33.50461],[126.48491,33.50461],[126.48495,33.50461]]}},{"type":"Feature","properties":{"k":"stand"},"geometry":{"type":"LineString","coordinates":[[126.48464,33.50445],[126.48468,33.5045],[126.4847,33.50453],[126.48471,33.50456],[126.48472,33.5046],[126.48471,33.50463],[126.4847,33.50467],[126.48427,33.50526],[126.48416,33.50541],[126.48392,33.50574],[126.48391,33.50576],[126.48391,33.5058],[126.48392,33.50583],[126.48392,33.50586],[126.48394,33.50588],[126.48396,33.50591],[126.484,33.50595]]}},{"type":"Feature","properties":{"k":"stand"},"geometry":{"type":"LineString","coordinates":[[126.48526,33.50463],[126.48567,33.50405]]}},{"type":"Feature","properties":{"k":"stand"},"geometry":{"type":"LineString","coordinates":[[126.48502,33.50465],[126.4851,33.50467],[126.48516,33.50467],[126.4852,33.50466],[126.48522,33.50465],[126.48526,33.50463]]}},{"type":"Feature","properties":{"k":"stand"},"geometry":{"type":"LineString","coordinates":[[126.48437,33.50614],[126.48435,33.50611],[126.48433,33.50609],[126.48432,33.50607],[126.4843,33.50604],[126.48429,33.50601],[126.48429,33.50598],[126.48429,33.50595],[126.4843,33.50593],[126.48454,33.5056],[126.48464,33.50545],[126.48507,33.50487],[126.4851,33.50483]]}},{"type":"Feature","properties":{"k":"stand"},"geometry":{"type":"LineString","coordinates":[[126.4851,33.50483],[126.48513,33.50482],[126.48518,33.50481],[126.48521,33.5048],[126.48526,33.5048],[126.48531,33.5048]]}},{"type":"Feature","properties":{"k":"stand"},"geometry":{"type":"LineString","coordinates":[[126.48526,33.50463],[126.48525,33.50469],[126.48526,33.50472],[126.48528,33.50475],[126.48531,33.5048]]}},{"type":"Feature","properties":{"k":"stand"},"geometry":{"type":"LineString","coordinates":[[126.4851,33.50483],[126.4851,33.5048],[126.4851,33.50477],[126.48508,33.50474],[126.48506,33.50471],[126.48502,33.50465]]}},{"type":"Feature","properties":{"k":"stand"},"geometry":{"type":"LineString","coordinates":[[126.48578,33.5049],[126.48577,33.50495],[126.48577,33.50498],[126.48579,33.50502],[126.48583,33.50506]]}},{"type":"Feature","properties":{"k":"stand"},"geometry":{"type":"LineString","coordinates":[[126.48557,33.50493],[126.48561,33.50494],[126.48565,33.50494],[126.4857,33.50493],[126.48574,33.50492],[126.48578,33.5049],[126.4862,33.50433]]}},{"type":"Feature","properties":{"k":"stand"},"geometry":{"type":"LineString","coordinates":[[126.48453,33.50346],[126.48414,33.50401],[126.48412,33.50404],[126.48412,33.50408],[126.48412,33.50413],[126.48415,33.50417],[126.48419,33.50422],[126.48422,33.50424],[126.48435,33.5043],[126.48448,33.50437]]}},{"type":"Feature","properties":{"k":"stand"},"geometry":{"type":"LineString","coordinates":[[128.94312,35.1875],[128.94314,35.18746],[128.94316,35.18744],[128.94318,35.18742],[128.9432,35.18741],[128.94323,35.18739],[128.94325,35.18739],[128.94327,35.18738],[128.94328,35.18738],[128.94331,35.18738]]}},{"type":"Feature","properties":{"k":"stand"},"geometry":{"type":"LineString","coordinates":[[128.94298,35.18735],[128.94302,35.18736],[128.94305,35.18738],[128.94307,35.1874],[128.94309,35.18742],[128.94311,35.18745],[128.94312,35.18747],[128.94312,35.1875],[128.94307,35.18788]]}},{"type":"Feature","properties":{"k":"stand"},"geometry":{"type":"LineString","coordinates":[[128.94272,35.18746],[128.94275,35.18742],[128.94277,35.1874],[128.9428,35.18738],[128.94282,35.18737],[128.94285,35.18736],[128.94287,35.18735],[128.94289,35.18734]]}},{"type":"Feature","properties":{"k":"stand"},"geometry":{"type":"LineString","coordinates":[[128.9426,35.18731],[128.94264,35.18734],[128.94266,35.18736],[128.94268,35.18738],[128.9427,35.1874],[128.94272,35.18742],[128.94272,35.18746],[128.94265,35.18806]]}},{"type":"Feature","properties":{"k":"stand"},"geometry":{"type":"LineString","coordinates":[[128.94234,35.18742],[128.94235,35.18739],[128.94237,35.18737],[128.9424,35.18735],[128.94243,35.18734],[128.94245,35.18732],[128.94249,35.1873]]}},{"type":"Feature","properties":{"k":"stand"},"geometry":{"type":"LineString","coordinates":[[128.94221,35.18728],[128.94225,35.1873],[128.94227,35.18732],[128.94229,35.18734],[128.94231,35.18736],[128.94232,35.18739],[128.94233,35.1874],[128.94234,35.18742],[128.94226,35.18801]]}},{"type":"Feature","properties":{"k":"stand"},"geometry":{"type":"LineString","coordinates":[[128.94307,35.18889],[128.94304,35.18886],[128.94301,35.18884],[128.94298,35.18881],[128.94297,35.18878],[128.94296,35.18875]]}},{"type":"Feature","properties":{"k":"stand"},"geometry":{"type":"LineString","coordinates":[[128.94307,35.18889],[128.94313,35.1889],[128.94317,35.18892],[128.9432,35.18894],[128.94322,35.18897],[128.94324,35.189],[128.94326,35.18903],[128.94327,35.18907],[128.94327,35.18912],[128.9432,35.18973]]}},{"type":"Feature","properties":{"k":"stand"},"geometry":{"type":"LineString","coordinates":[[128.94282,35.18886],[128.94285,35.18885],[128.94287,35.18884],[128.9429,35.18882],[128.94292,35.1888],[128.94293,35.18878],[128.94295,35.18876],[128.94296,35.18875],[128.94299,35.18849],[128.94299,35.18847]]}},{"type":"Feature","properties":{"k":"stand"},"geometry":{"type":"LineString","coordinates":[[128.94268,35.18885],[128.94265,35.18883],[128.94263,35.18882],[128.94261,35.1888],[128.94259,35.18878],[128.94258,35.18876],[128.94257,35.18873],[128.94257,35.18871]]}},{"type":"Feature","properties":{"k":"stand"},"geometry":{"type":"LineString","coordinates":[[128.94241,35.18883],[128.94246,35.18881],[128.94249,35.1888],[128.94251,35.18878],[128.94254,35.18875],[128.94256,35.18872],[128.94257,35.18871],[128.9426,35.18845],[128.94264,35.18816]]}},{"type":"Feature","properties":{"k":"stand"},"geometry":{"type":"LineString","coordinates":[[128.94283,35.18886],[128.9428,35.18887],[128.94277,35.18889],[128.94275,35.1889],[128.94273,35.18892],[128.94271,35.18894],[128.94268,35.18897],[128.94266,35.18899],[128.94265,35.18901],[128.94264,35.18904]]}},{"type":"Feature","properties":{"k":"stand"},"geometry":{"type":"LineString","coordinates":[[128.94264,35.18904],[128.94258,35.18968]]}},{"type":"Feature","properties":{"k":"stand"},"geometry":{"type":"LineString","coordinates":[[128.94245,35.18883],[128.9425,35.18885],[128.94253,35.18886],[128.94255,35.18887],[128.94258,35.18889],[128.9426,35.18892],[128.94261,35.18896],[128.94263,35.18898],[128.94263,35.189],[128.94264,35.18901],[128.94264,35.18904]]}},{"type":"Feature","properties":{"k":"stand"},"geometry":{"type":"LineString","coordinates":[[128.94217,35.18866],[128.94221,35.18841],[128.94225,35.18812]]}},{"type":"Feature","properties":{"k":"stand"},"geometry":{"type":"LineString","coordinates":[[128.94231,35.18882],[128.94227,35.18881],[128.94225,35.18879],[128.94223,35.18878],[128.94221,35.18876],[128.94219,35.18874],[128.94218,35.18872],[128.94218,35.18869],[128.94217,35.18866]]}},{"type":"Feature","properties":{"k":"stand"},"geometry":{"type":"LineString","coordinates":[[128.94214,35.18895],[128.94213,35.18897],[128.94204,35.18964]]}},{"type":"Feature","properties":{"k":"stand"},"geometry":{"type":"LineString","coordinates":[[128.94198,35.18879],[128.94203,35.18881],[128.94206,35.18883],[128.94209,35.18885],[128.94211,35.18887],[128.94212,35.18889],[128.94213,35.18892],[128.94214,35.18895]]}},{"type":"Feature","properties":{"k":"stand"},"geometry":{"type":"LineString","coordinates":[[128.94231,35.18882],[128.94229,35.18883],[128.94226,35.18884],[128.94223,35.18885],[128.94221,35.18886],[128.94219,35.18888],[128.94217,35.18889],[128.94216,35.18891],[128.94215,35.18892],[128.94214,35.18895]]}},{"type":"Feature","properties":{"k":"stand"},"geometry":{"type":"LineString","coordinates":[[128.94198,35.18879],[128.94204,35.18878],[128.94207,35.18877],[128.94211,35.18875],[128.94213,35.18873],[128.94215,35.18871],[128.94216,35.18869],[128.94217,35.18866]]}},{"type":"Feature","properties":{"k":"stand"},"geometry":{"type":"LineString","coordinates":[[128.94312,35.19033],[128.94313,35.19038],[128.94314,35.1904],[128.94315,35.19042],[128.94317,35.19044],[128.9432,35.19046],[128.94323,35.19048],[128.94327,35.19049],[128.94335,35.19051]]}},{"type":"Feature","properties":{"k":"stand"},"geometry":{"type":"LineString","coordinates":[[128.94289,35.19047],[128.94297,35.19046],[128.94301,35.19044],[128.94305,35.19042],[128.94308,35.19038],[128.9431,35.19036],[128.94312,35.19033],[128.94317,35.18983]]}},{"type":"Feature","properties":{"k":"stand"},"geometry":{"type":"LineString","coordinates":[[128.94249,35.19028],[128.94249,35.19031],[128.9425,35.19034],[128.94251,35.19035],[128.94253,35.19038],[128.94256,35.1904],[128.94259,35.19042],[128.94262,35.19043],[128.94268,35.19045]]}},{"type":"Feature","properties":{"k":"stand"},"geometry":{"type":"LineString","coordinates":[[128.94227,35.19042],[128.9423,35.19041],[128.94233,35.1904],[128.94237,35.19039],[128.94239,35.19038],[128.94242,35.19036],[128.94243,35.19035],[128.94245,35.19033],[128.94249,35.19028],[128.94253,35.18982]]}},{"type":"Feature","properties":{"k":"stand"},"geometry":{"type":"LineString","coordinates":[[128.94197,35.19025],[128.94197,35.19029],[128.94199,35.19031],[128.942,35.19033],[128.94202,35.19035],[128.94205,35.19037],[128.94212,35.1904]]}},{"type":"Feature","properties":{"k":"stand"},"geometry":{"type":"LineString","coordinates":[[128.94179,35.19038],[128.94186,35.19036],[128.9419,35.19034],[128.94192,35.19032],[128.94194,35.1903],[128.94196,35.19028],[128.94197,35.19025],[128.94204,35.18973]]}},{"type":"Feature","properties":{"k":"stand"},"geometry":{"type":"LineString","coordinates":[[128.94207,35.19056],[128.94208,35.19054],[128.9421,35.19052],[128.94212,35.1905],[128.94215,35.19047],[128.94219,35.19045],[128.94223,35.19043],[128.94226,35.19042],[128.94227,35.19042]]}},{"type":"Feature","properties":{"k":"stand"},"geometry":{"type":"LineString","coordinates":[[128.94189,35.19039],[128.94195,35.19041],[128.94201,35.19044],[128.94203,35.19047],[128.94205,35.19049],[128.94206,35.19051],[128.94207,35.19054],[128.94207,35.19056],[128.94199,35.19111]]}},{"type":"Feature","properties":{"k":"stand"},"geometry":{"type":"LineString","coordinates":[[128.94316,35.19192],[128.94309,35.19194],[128.94305,35.19197],[128.94302,35.19199],[128.94299,35.19203]]}},{"type":"Feature","properties":{"k":"stand"},"geometry":{"type":"LineString","coordinates":[[128.94285,35.19189],[128.94289,35.19191],[128.94293,35.19194],[128.94296,35.19196],[128.94298,35.19199],[128.94299,35.19203],[128.94298,35.1921],[128.94294,35.1925]]}},{"type":"Feature","properties":{"k":"stand"},"geometry":{"type":"LineString","coordinates":[[128.94206,35.19182],[128.94201,35.19179],[128.94198,35.19176],[128.94196,35.19173],[128.94194,35.19171],[128.94193,35.19168]]}},{"type":"Feature","properties":{"k":"stand"},"geometry":{"type":"LineString","coordinates":[[128.94176,35.1918],[128.94181,35.19178],[128.94185,35.19175],[128.9419,35.19172],[128.94192,35.1917],[128.94193,35.19168],[128.94199,35.1912]]}},{"type":"Feature","properties":{"k":"stand"},"geometry":{"type":"LineString","coordinates":[[128.94403,35.17536],[128.94409,35.17538],[128.94415,35.1754],[128.94419,35.17544],[128.94423,35.17546],[128.94426,35.1755],[128.94428,35.17553],[128.94429,35.17556],[128.9443,35.17559],[128.94431,35.17562],[128.94431,35.17566]]}},{"type":"Feature","properties":{"k":"stand"},"geometry":{"type":"LineString","coordinates":[[128.94339,35.1753],[128.94403,35.17536],[128.94407,35.17536],[128.94411,35.17535],[128.94417,35.17533],[128.94423,35.1753],[128.94429,35.17526],[128.94434,35.17521],[128.94436,35.17517],[128.94439,35.1751]]}},{"type":"Feature","properties":{"k":"stand"},"geometry":{"type":"LineString","coordinates":[[128.94399,35.17576],[128.94404,35.17577],[128.94408,35.1758],[128.94413,35.17583],[128.94416,35.17586],[128.94419,35.17589],[128.94421,35.17592],[128.94423,35.17597],[128.94424,35.17599],[128.94426,35.17606]]}},{"type":"Feature","properties":{"k":"stand"},"geometry":{"type":"LineString","coordinates":[[128.94333,35.1757],[128.94399,35.17576],[128.94403,35.17575],[128.94408,35.17574],[128.94413,35.17572],[128.94418,35.1757],[128.94422,35.17568],[128.94426,35.17564],[128.94429,35.17561],[128.9443,35.17559],[128.94433,35.17553]]}},{"type":"Feature","properties":{"k":"stand"},"geometry":{"type":"LineString","coordinates":[[128.9439,35.17616],[128.94396,35.17618],[128.944,35.17619],[128.94404,35.17621],[128.94407,35.17624],[128.94411,35.17626],[128.94414,35.17629],[128.94416,35.17633],[128.94418,35.17636],[128.94419,35.17639],[128.9442,35.17643],[128.94421,35.17648]]}},{"type":"Feature","properties":{"k":"stand"},"geometry":{"type":"LineString","coordinates":[[128.94328,35.17611],[128.9439,35.17616],[128.94394,35.17616],[128.94401,35.17615],[128.94406,35.17613],[128.94413,35.1761],[128.94416,35.17608],[128.9442,35.17605],[128.94424,35.17599],[128.94428,35.17592]]}},{"type":"Feature","properties":{"k":"stand"},"geometry":{"type":"LineString","coordinates":[[128.94377,35.17656],[128.94381,35.17658],[128.94385,35.17659],[128.94389,35.17661],[128.94393,35.17664],[128.94396,35.17667],[128.94399,35.1767],[128.94402,35.17674],[128.94403,35.17678],[128.94404,35.17681],[128.94405,35.17685],[128.94405,35.17689],[128.94404,35.17692],[128.94403,35.17695],[128.94402,35.17698],[128.94399,35.17701]]}},{"type":"Feature","properties":{"k":"stand"},"geometry":{"type":"LineString","coordinates":[[128.94323,35.17651],[128.94377,35.17656],[128.94382,35.17656],[128.94389,35.17656],[128.94396,35.17655],[128.94401,35.17654],[128.94407,35.17651],[128.94412,35.17648],[128.94416,35.17644],[128.94418,35.17642],[128.94419,35.17639],[128.94423,35.17633]]}},{"type":"Feature","properties":{"k":"stand"},"geometry":{"type":"LineString","coordinates":[[128.94425,35.17704],[128.94428,35.17701],[128.94432,35.17698],[128.94435,35.17696],[128.94438,35.17694],[128.94461,35.17663],[128.94474,35.17648],[128.94478,35.17643]]}},{"type":"Feature","properties":{"k":"stand"},"geometry":{"type":"LineString","coordinates":[[128.94439,35.17639],[128.94444,35.17643],[128.94447,35.17645],[128.9445,35.17647],[128.94456,35.17648],[128.94458,35.17648],[128.94462,35.17648],[128.94466,35.17648],[128.94468,35.17647],[128.94472,35.17646],[128.94475,35.17645],[128.94476,35.17644],[128.94478,35.17643],[128.94529,35.17574]]}},{"type":"Feature","properties":{"k":"stand"},"geometry":{"type":"LineString","coordinates":[[128.94477,35.17692],[128.94482,35.1769],[128.94486,35.17689],[128.9449,35.17686],[128.94495,35.17684],[128.94498,35.17681],[128.94501,35.1768],[128.94503,35.17678],[128.94506,35.17676],[128.94509,35.17673],[128.94512,35.17669]]}},{"type":"Feature","properties":{"k":"stand"},"geometry":{"type":"LineString","coordinates":[[128.94512,35.17669],[128.94511,35.17673],[128.94511,35.17676],[128.9451,35.1768],[128.94511,35.17681],[128.94511,35.17685],[128.94512,35.17688],[128.94514,35.17691],[128.94516,35.17694],[128.94519,35.17696]]}},{"type":"Feature","properties":{"k":"stand"},"geometry":{"type":"LineString","coordinates":[[128.94484,35.17678],[128.94491,35.17677],[128.94496,35.17676],[128.94501,35.17675],[128.94506,35.17673],[128.9451,35.1767],[128.94512,35.17669],[128.94525,35.17652],[128.94551,35.17616]]}},{"type":"Feature","properties":{"k":"stand"},"geometry":{"type":"LineString","coordinates":[[128.94495,35.17693],[128.94501,35.17691],[128.94507,35.1769],[128.94512,35.17688],[128.94516,35.17687],[128.94519,35.17685],[128.94524,35.17683],[128.94528,35.1768],[128.94533,35.17676],[128.9454,35.17669]]}},{"type":"Feature","properties":{"k":"stand"},"geometry":{"type":"LineString","coordinates":[[128.9454,35.17669],[128.94539,35.17674],[128.94538,35.17678],[128.94537,35.17682],[128.94537,35.17686],[128.94537,35.17689],[128.94538,35.17693],[128.94539,35.17697],[128.94541,35.17701],[128.94543,35.17704],[128.94546,35.17708],[128.94548,35.1771]]}},{"type":"Feature","properties":{"k":"stand"},"geometry":{"type":"LineString","coordinates":[[128.94489,35.1768],[128.94495,35.17681],[128.94498,35.17681],[128.94502,35.17681],[128.94506,35.17681],[128.94511,35.17681],[128.94511,35.17681],[128.94516,35.1768],[128.94521,35.17679],[128.94523,35.17679],[128.94526,35.17678],[128.94531,35.17675],[128.94535,35.17673],[128.9454,35.17669],[128.94589,35.17605]]}},{"type":"Feature","properties":{"k":"stand"},"geometry":{"type":"LineString","coordinates":[[128.94554,35.17689],[128.94552,35.17694],[128.94551,35.17697],[128.9455,35.177],[128.9455,35.17703],[128.94551,35.17706],[128.94552,35.17708],[128.94553,35.17711],[128.94555,35.17713],[128.94558,35.17715]]}},{"type":"Feature","properties":{"k":"stand"},"geometry":{"type":"LineString","coordinates":[[128.94523,35.17698],[128.94527,35.17699],[128.9453,35.17699],[128.94534,35.17699],[128.94537,35.17698],[128.94539,35.17697],[128.94541,35.17697],[128.94547,35.17695],[128.94549,35.17693],[128.94552,35.17691],[128.94554,35.17689],[128.94593,35.17637]]}},{"type":"Feature","properties":{"k":"stand"},"geometry":{"type":"LineString","coordinates":[[128.94596,35.1771],[128.94594,35.17714],[128.94592,35.17717],[128.94592,35.17721],[128.94591,35.17724],[128.94591,35.17726],[128.94592,35.17728],[128.94592,35.17729],[128.94593,35.17732],[128.94595,35.17733],[128.94597,35.17736]]}},{"type":"Feature","properties":{"k":"stand"},"geometry":{"type":"LineString","coordinates":[[128.94566,35.1772],[128.9457,35.1772],[128.94575,35.17721],[128.94578,35.1772],[128.94582,35.1772],[128.94585,35.17718],[128.94588,35.17716],[128.94591,35.17714],[128.94593,35.17712],[128.94596,35.1771],[128.94603,35.177],[128.94634,35.17659]]}},{"type":"Feature","properties":{"k":"stand"},"geometry":{"type":"LineString","coordinates":[[128.94587,35.17731],[128.94592,35.17729],[128.94592,35.17729],[128.94598,35.17727],[128.94603,35.17725],[128.94607,35.17723],[128.94612,35.1772],[128.94617,35.17716],[128.94624,35.17711],[128.94632,35.177],[128.94671,35.17648]]}},{"type":"Feature","properties":{"k":"stand"},"geometry":{"type":"LineString","coordinates":[[128.94624,35.17711],[128.94621,35.17716],[128.9462,35.1772],[128.94619,35.17725],[128.94619,35.1773],[128.94618,35.17733],[128.94619,35.17737],[128.94619,35.17741],[128.9462,35.17744],[128.94621,35.17747],[128.94622,35.17749]]}},{"type":"Feature","properties":{"k":"stand"},"geometry":{"type":"LineString","coordinates":[[128.94605,35.1774],[128.94613,35.17741],[128.94616,35.17741],[128.94619,35.17741],[128.94623,35.1774],[128.94626,35.17738],[128.9463,35.17735],[128.94634,35.17732],[128.94637,35.17729],[128.94641,35.17726]]}},{"type":"Feature","properties":{"k":"stand"},"geometry":{"type":"LineString","coordinates":[[128.94646,35.17761],[128.94643,35.17758],[128.9464,35.17755],[128.94637,35.17751],[128.94635,35.17747],[128.94635,35.17744],[128.94635,35.1774],[128.94636,35.17737],[128.94637,35.17734],[128.94639,35.1773],[128.94641,35.17726],[128.94676,35.17681]]}},{"type":"Feature","properties":{"k":"stand"},"geometry":{"type":"LineString","coordinates":[[128.94645,35.1783],[128.94644,35.17835],[128.94645,35.17841],[128.94646,35.17846],[128.94649,35.17851],[128.94652,35.17856],[128.94657,35.17861],[128.94661,35.17865],[128.94666,35.17869],[128.94672,35.17872],[128.94681,35.17877],[128.94714,35.17894]]}},{"type":"Feature","properties":{"k":"stand"},"geometry":{"type":"LineString","coordinates":[[128.94663,35.17807],[128.94662,35.17813],[128.94662,35.17818],[128.94662,35.17823],[128.94663,35.17827],[128.94664,35.17832],[128.94667,35.17836],[128.9467,35.17839],[128.94675,35.17843],[128.94682,35.17848],[128.94714,35.17864],[128.94752,35.17883]]}},{"type":"Feature","properties":{"k":"stand"},"geometry":{"type":"LineString","coordinates":[[128.94665,35.17803],[128.94666,35.17806],[128.94666,35.17808],[128.94667,35.17809],[128.94668,35.17811],[128.94696,35.17824],[128.94748,35.17851]]}},{"type":"Feature","properties":{"k":"stand"},"geometry":{"type":"LineString","coordinates":[[128.94703,35.17755],[128.94711,35.17753],[128.94717,35.17751],[128.94723,35.1775],[128.94729,35.1775],[128.94735,35.1775],[128.94741,35.17751],[128.94747,35.17754],[128.94765,35.17762],[128.94801,35.17781]]}},{"type":"Feature","properties":{"k":"stand"},"geometry":{"type":"LineString","coordinates":[[128.94713,35.17742],[128.94721,35.17737],[128.94728,35.17734],[128.94734,35.17732],[128.9474,35.17732],[128.94747,35.17732],[128.94751,35.17732],[128.94756,35.17733],[128.94785,35.17748],[128.94838,35.17775]]}},{"type":"Feature","properties":{"k":"stand"},"geometry":{"type":"LineString","coordinates":[[128.94726,35.17725],[128.94729,35.17723],[128.94733,35.17721],[128.94735,35.1772],[128.9474,35.17718],[128.94744,35.17716],[128.94749,35.17716],[128.94753,35.17716],[128.94757,35.17716],[128.94761,35.17717],[128.94766,35.17718],[128.94771,35.17719],[128.94776,35.17722],[128.94792,35.1773],[128.94827,35.17748]]}},{"type":"Feature","properties":{"k":"stand"},"geometry":{"type":"LineString","coordinates":[[128.94602,35.17778],[128.94605,35.17775],[128.94609,35.17773],[128.94612,35.17771],[128.94616,35.17768],[128.94619,35.17767],[128.94623,35.17765],[128.94628,35.17764],[128.94631,35.17763],[128.94634,35.17763],[128.94638,35.17762],[128.94642,35.17762],[128.94646,35.17763],[128.94649,35.17763]]}},{"type":"Feature","properties":{"k":"stand"},"geometry":{"type":"LineString","coordinates":[[128.94597,35.17736],[128.946,35.1774],[128.94602,35.17744],[128.94604,35.17748],[128.94605,35.17751],[128.94606,35.17753],[128.94607,35.17757],[128.94607,35.17761],[128.94607,35.17765],[128.94606,35.17768],[128.94605,35.17772],[128.94604,35.17774],[128.94602,35.17778],[128.94592,35.17791],[128.94568,35.17824]]}},{"type":"Feature","properties":{"k":"stand"},"geometry":{"type":"LineString","coordinates":[[128.9458,35.17768],[128.94584,35.17764],[128.94588,35.17761],[128.94591,35.17759],[128.94595,35.17757],[128.94598,35.17755],[128.94602,35.17754],[128.94606,35.17753],[128.94607,35.17753],[128.94613,35.17753],[128.94617,35.17753],[128.94623,35.17753],[128.94628,35.17754],[128.94633,35.17754]]}},{"type":"Feature","properties":{"k":"stand"},"geometry":{"type":"LineString","coordinates":[[128.94568,35.17721],[128.94573,35.17726],[128.94576,35.1773],[128.94579,35.17734],[128.94581,35.17738],[128.94582,35.17741],[128.94584,35.17746],[128.94585,35.1775],[128.94585,35.17753],[128.94584,35.17757],[128.94583,35.1776],[128.94582,35.17764],[128.9458,35.17768],[128.94539,35.17823]]}},{"type":"Feature","properties":{"k":"stand"},"geometry":{"type":"LineString","coordinates":[[128.94564,35.17751],[128.94571,35.17745],[128.94575,35.17743],[128.94577,35.17742],[128.94579,35.17742],[128.94582,35.17741],[128.94583,35.17741],[128.94588,35.1774],[128.94594,35.1774],[128.94599,35.1774],[128.946,35.1774],[128.94603,35.17741],[128.94607,35.17741]]}},{"type":"Feature","properties":{"k":"stand"},"geometry":{"type":"LineString","coordinates":[[128.94558,35.17715],[128.94561,35.17719],[128.94564,35.17724],[128.94565,35.17727],[128.94566,35.17731],[128.94567,35.17736],[128.94567,35.17737],[128.94567,35.1774],[128.94567,35.17744],[128.94566,35.17748],[128.94564,35.17751],[128.94527,35.17801]]}},{"type":"Feature","properties":{"k":"stand"},"geometry":{"type":"LineString","coordinates":[[128.94463,35.17757],[128.94465,35.17755],[128.94467,35.17755],[128.94469,35.17754],[128.94471,35.17754],[128.94474,35.17754]]}},{"type":"Feature","properties":{"k":"stand"},"geometry":{"type":"LineString","coordinates":[[128.94471,35.17745],[128.94471,35.17747],[128.94472,35.1775],[128.94473,35.17752],[128.94474,35.17754],[128.94485,35.1776],[128.94498,35.17766],[128.945,35.17767],[128.94502,35.17767],[128.94505,35.17767],[128.94507,35.17766],[128.9451,35.17765]]}},{"type":"Feature","properties":{"k":"stand"},"geometry":{"type":"LineString","coordinates":[[128.94476,35.17739],[128.9448,35.17738],[128.94482,35.17738],[128.94485,35.17737],[128.94487,35.17737]]}},{"type":"Feature","properties":{"k":"stand"},"geometry":{"type":"LineString","coordinates":[[128.94485,35.17728],[128.94485,35.17731],[128.94485,35.17733],[128.94486,35.17735],[128.94487,35.17737],[128.94497,35.17742],[128.9451,35.17749],[128.94513,35.1775],[128.94515,35.1775],[128.94517,35.1775],[128.94519,35.17749],[128.94523,35.17748]]}},{"type":"Feature","properties":{"k":"stand","ref":"511"},"geometry":{"type":"LineString","coordinates":[[126.42873,37.46515],[126.42876,37.46515],[126.42881,37.46515],[126.42886,37.46515],[126.42891,37.46515],[126.42895,37.46516],[126.429,37.46517],[126.42904,37.46519],[126.42908,37.46521],[126.42911,37.46524],[126.42914,37.46526],[126.42917,37.46529],[126.42919,37.46532],[126.42921,37.46535],[126.42924,37.4654]]}},{"type":"Feature","properties":{"k":"gate","ref":"511"},"geometry":{"type":"Point","coordinates":[126.42924,37.4654]}},{"type":"Feature","properties":{"k":"stand","ref":"512"},"geometry":{"type":"LineString","coordinates":[[126.42817,37.46575],[126.4282,37.46575],[126.42824,37.46574],[126.42829,37.46574],[126.42832,37.46574],[126.42835,37.46575],[126.4284,37.46576],[126.42844,37.46577],[126.42847,37.46579],[126.4285,37.46581],[126.42854,37.46583],[126.42858,37.46586],[126.42861,37.46589],[126.42864,37.46594],[126.42868,37.46598]]}},{"type":"Feature","properties":{"k":"gate","ref":"512"},"geometry":{"type":"Point","coordinates":[126.42868,37.46598]}},{"type":"Feature","properties":{"k":"stand","ref":"512"},"geometry":{"type":"LineString","coordinates":[[126.4275,37.46536],[126.42817,37.46575],[126.42817,37.46579],[126.42818,37.46582],[126.4282,37.46586],[126.42822,37.46589],[126.42824,37.46591],[126.42826,37.46594],[126.42829,37.46597],[126.42833,37.46599],[126.42837,37.46601],[126.42841,37.46603],[126.42845,37.46604],[126.42849,37.46605],[126.42855,37.46606],[126.42861,37.46606]]}},{"type":"Feature","properties":{"k":"gate","ref":"512"},"geometry":{"type":"Point","coordinates":[126.42861,37.46606]}},{"type":"Feature","properties":{"k":"stand","ref":"513"},"geometry":{"type":"LineString","coordinates":[[126.42765,37.46626],[126.42771,37.46627],[126.42776,37.46626],[126.4278,37.46626],[126.42784,37.46627],[126.42788,37.46627],[126.42791,37.46628],[126.42795,37.4663],[126.42798,37.46631],[126.42803,37.46633],[126.42806,37.46635],[126.42809,37.46637],[126.42811,37.4664],[126.42814,37.46643],[126.42816,37.46646],[126.42818,37.46652]]}},{"type":"Feature","properties":{"k":"gate","ref":"513"},"geometry":{"type":"Point","coordinates":[126.42818,37.46652]}},{"type":"Feature","properties":{"k":"stand","ref":"513"},"geometry":{"type":"LineString","coordinates":[[126.42703,37.46589],[126.42765,37.46626],[126.42767,37.46628],[126.42768,37.46632],[126.42769,37.46635],[126.42771,37.46638],[126.42774,37.46642],[126.42776,37.46645],[126.42779,37.46647],[126.42783,37.4665],[126.42786,37.46652],[126.42791,37.46655],[126.42796,37.46656],[126.428,37.46657],[126.42806,37.46658],[126.42812,37.46658]]}},{"type":"Feature","properties":{"k":"gate","ref":"513"},"geometry":{"type":"Point","coordinates":[126.42812,37.46658]}},{"type":"Feature","properties":{"k":"stand","ref":"514"},"geometry":{"type":"LineString","coordinates":[[126.42718,37.46683],[126.42724,37.46682],[126.42729,37.46682],[126.42735,37.46682],[126.42741,37.46684],[126.42748,37.46686],[126.42754,37.46689],[126.42758,37.46691],[126.42761,37.46694],[126.42765,37.46698],[126.42767,37.46703],[126.42768,37.46707]]}},{"type":"Feature","properties":{"k":"gate","ref":"514"},"geometry":{"type":"Point","coordinates":[126.42768,37.46707]}},{"type":"Feature","properties":{"k":"stand","ref":"514"},"geometry":{"type":"LineString","coordinates":[[126.42652,37.46646],[126.42718,37.46683],[126.42719,37.46688],[126.4272,37.46692],[126.42722,37.46695],[126.42724,37.46699],[126.42728,37.46702],[126.42733,37.46706],[126.42737,37.46709],[126.42741,37.4671],[126.42746,37.46712],[126.4275,37.46713],[126.42755,37.46714],[126.42762,37.46713]]}},{"type":"Feature","properties":{"k":"gate","ref":"514"},"geometry":{"type":"Point","coordinates":[126.42762,37.46713]}},{"type":"Feature","properties":{"k":"stand","ref":"515"},"geometry":{"type":"LineString","coordinates":[[126.42668,37.46728],[126.42675,37.46727],[126.42682,37.46727],[126.42688,37.46728],[126.42692,37.46729],[126.42695,37.4673],[126.42701,37.46733],[126.42707,37.46736],[126.42713,37.46742],[126.42718,37.46751],[126.4272,37.46757]]}},{"type":"Feature","properties":{"k":"gate","ref":"515"},"geometry":{"type":"Point","coordinates":[126.4272,37.46757]}},{"type":"Feature","properties":{"k":"stand","ref":"515"},"geometry":{"type":"LineString","coordinates":[[126.4261,37.46695],[126.42668,37.46728],[126.42673,37.46731],[126.42674,37.46736],[126.42676,37.46741],[126.42679,37.46746],[126.42683,37.46751],[126.42687,37.46754],[126.42691,37.46757],[126.42697,37.46759],[126.42704,37.46761],[126.42713,37.46762]]}},{"type":"Feature","properties":{"k":"gate","ref":"515"},"geometry":{"type":"Point","coordinates":[126.42713,37.46762]}},{"type":"Feature","properties":{"k":"stand","ref":"516"},"geometry":{"type":"LineString","coordinates":[[126.42627,37.46764],[126.42637,37.46763],[126.42646,37.46764],[126.42652,37.46765],[126.42659,37.46768],[126.42665,37.46771],[126.4267,37.46776],[126.42674,37.4678],[126.42677,37.46786],[126.42679,37.46792]]}},{"type":"Feature","properties":{"k":"gate","ref":"516"},"geometry":{"type":"Point","coordinates":[126.42679,37.46792]}},{"type":"Feature","properties":{"k":"stand","ref":"516"},"geometry":{"type":"LineString","coordinates":[[126.42574,37.46734],[126.42601,37.46749],[126.42627,37.46764],[126.42633,37.46768],[126.42634,37.46775],[126.42636,37.46779],[126.4264,37.46784],[126.42645,37.46789],[126.42649,37.46792],[126.42653,37.46794],[126.4266,37.46796],[126.42672,37.46799]]}},{"type":"Feature","properties":{"k":"gate","ref":"516"},"geometry":{"type":"Point","coordinates":[126.42672,37.46799]}},{"type":"Feature","properties":{"k":"stand","ref":"517"},"geometry":{"type":"LineString","coordinates":[[126.42595,37.46792],[126.42604,37.46791],[126.42609,37.46791],[126.42615,37.46791],[126.42621,37.46793],[126.42628,37.46796],[126.42633,37.46798],[126.42636,37.46801],[126.4264,37.46804],[126.42641,37.46806],[126.42644,37.4681],[126.42646,37.46814],[126.42647,37.46819]]}},{"type":"Feature","properties":{"k":"gate","ref":"517"},"geometry":{"type":"Point","coordinates":[126.42647,37.46819]}},{"type":"Feature","properties":{"k":"stand","ref":"517"},"geometry":{"type":"LineString","coordinates":[[126.42547,37.46764],[126.42595,37.46792],[126.42601,37.46795],[126.42601,37.468],[126.42603,37.46804],[126.42605,37.46808],[126.42608,37.46812],[126.42612,37.46815],[126.42617,37.46819],[126.42623,37.46822],[126.42628,37.46824],[126.42634,37.46825],[126.4264,37.46826]]}},{"type":"Feature","properties":{"k":"gate","ref":"517"},"geometry":{"type":"Point","coordinates":[126.4264,37.46826]}},{"type":"Feature","properties":{"k":"stand","ref":"367"},"geometry":{"type":"LineString","coordinates":[[126.44024,37.46282],[126.44033,37.46279],[126.44038,37.46276],[126.44044,37.46272],[126.44048,37.46266],[126.44051,37.46261],[126.44054,37.46254],[126.44054,37.46248],[126.44053,37.46241]]}},{"type":"Feature","properties":{"k":"gate","ref":"367"},"geometry":{"type":"Point","coordinates":[126.44053,37.46241]}},{"type":"Feature","properties":{"k":"stand","ref":"367"},"geometry":{"type":"LineString","coordinates":[[126.44015,37.46277],[126.44015,37.46272],[126.44016,37.46266],[126.44019,37.46258],[126.44025,37.46252],[126.4403,37.46248],[126.44038,37.46244],[126.44045,37.46242],[126.44053,37.46241],[126.44098,37.46192]]}},{"type":"Feature","properties":{"k":"gate","ref":"367"},"geometry":{"type":"Point","coordinates":[126.44098,37.46192]}},{"type":"Feature","properties":{"k":"stand","ref":"368"},"geometry":{"type":"LineString","coordinates":[[126.4397,37.46252],[126.43978,37.46249],[126.43985,37.46246],[126.43992,37.46241],[126.43996,37.46235],[126.43999,37.46229],[126.44,37.46224],[126.44,37.46221],[126.44,37.46217],[126.43999,37.46211]]}},{"type":"Feature","properties":{"k":"gate","ref":"368"},"geometry":{"type":"Point","coordinates":[126.43999,37.46211]}},{"type":"Feature","properties":{"k":"stand","ref":"368"},"geometry":{"type":"LineString","coordinates":[[126.43961,37.46247],[126.43962,37.46239],[126.43963,37.46233],[126.43966,37.46229],[126.43968,37.46226],[126.43973,37.46221],[126.43979,37.46217],[126.43983,37.46215],[126.43988,37.46213],[126.43993,37.46212],[126.43999,37.46211],[126.44036,37.46169]]}},{"type":"Feature","properties":{"k":"gate","ref":"368"},"geometry":{"type":"Point","coordinates":[126.44036,37.46169]}},{"type":"Feature","properties":{"k":"stand","ref":"369"},"geometry":{"type":"LineString","coordinates":[[126.43904,37.46215],[126.43909,37.46213],[126.43917,37.46209],[126.43922,37.46206],[126.43925,37.46203],[126.4393,37.46196],[126.43933,37.46191],[126.43935,37.46184],[126.43934,37.46179],[126.43933,37.46173]]}},{"type":"Feature","properties":{"k":"gate","ref":"369"},"geometry":{"type":"Point","coordinates":[126.43933,37.46173]}},{"type":"Feature","properties":{"k":"stand","ref":"369"},"geometry":{"type":"LineString","coordinates":[[126.43894,37.46209],[126.43895,37.46204],[126.43896,37.46198],[126.43898,37.46193],[126.439,37.46189],[126.43906,37.46183],[126.43912,37.46179],[126.43919,37.46176],[126.43926,37.46174],[126.43933,37.46173],[126.43963,37.46138]]}},{"type":"Feature","properties":{"k":"gate","ref":"369"},"geometry":{"type":"Point","coordinates":[126.43963,37.46138]}},{"type":"Feature","properties":{"k":"stand","ref":"370"},"geometry":{"type":"LineString","coordinates":[[126.4385,37.46184],[126.43855,37.46182],[126.43864,37.46179],[126.43868,37.46176],[126.43872,37.46172],[126.43876,37.46168],[126.43879,37.46163],[126.4388,37.46158],[126.43881,37.46152],[126.43879,37.46144]]}},{"type":"Feature","properties":{"k":"gate","ref":"370"},"geometry":{"type":"Point","coordinates":[126.43879,37.46144]}},{"type":"Feature","properties":{"k":"stand","ref":"370"},"geometry":{"type":"LineString","coordinates":[[126.43841,37.46179],[126.43842,37.46173],[126.43843,37.46167],[126.43845,37.46161],[126.43848,37.46158],[126.43852,37.46154],[126.4386,37.46149],[126.43867,37.46146],[126.43874,37.46144],[126.43879,37.46144],[126.43923,37.46094]]}},{"type":"Feature","properties":{"k":"gate","ref":"370"},"geometry":{"type":"Point","coordinates":[126.43923,37.46094]}},{"type":"Feature","properties":{"k":"stand","ref":"371"},"geometry":{"type":"LineString","coordinates":[[126.43783,37.46147],[126.4379,37.46144],[126.43798,37.4614],[126.43803,37.46137],[126.43806,37.46135],[126.4381,37.4613],[126.43813,37.46124],[126.43814,37.46118],[126.43814,37.46111],[126.43812,37.46106]]}},{"type":"Feature","properties":{"k":"gate","ref":"371"},"geometry":{"type":"Point","coordinates":[126.43812,37.46106]}},{"type":"Feature","properties":{"k":"stand","ref":"371"},"geometry":{"type":"LineString","coordinates":[[126.43774,37.46141],[126.43775,37.46132],[126.43777,37.46126],[126.4378,37.46121],[126.43785,37.46116],[126.43793,37.46111],[126.43799,37.46108],[126.43805,37.46106],[126.43812,37.46106],[126.43856,37.46057]]}},{"type":"Feature","properties":{"k":"gate","ref":"371"},"geometry":{"type":"Point","coordinates":[126.43856,37.46057]}},{"type":"Feature","properties":{"k":"stand","ref":"372"},"geometry":{"type":"LineString","coordinates":[[126.43716,37.46108],[126.43723,37.46106],[126.43728,37.46104],[126.43733,37.46102],[126.43738,37.46097],[126.43741,37.46094],[126.43743,37.46091],[126.43746,37.46085],[126.43747,37.4608],[126.43748,37.46077],[126.43747,37.46073],[126.43746,37.46068]]}},{"type":"Feature","properties":{"k":"gate","ref":"372"},"geometry":{"type":"Point","coordinates":[126.43746,37.46068]}},{"type":"Feature","properties":{"k":"stand","ref":"372"},"geometry":{"type":"LineString","coordinates":[[126.43708,37.46103],[126.43708,37.46098],[126.43709,37.46093],[126.43711,37.46088],[126.43714,37.46084],[126.43718,37.46079],[126.43722,37.46076],[126.43725,37.46074],[126.4373,37.46071],[126.43735,37.4607],[126.4374,37.46068],[126.43746,37.46068],[126.43789,37.46019]]}},{"type":"Feature","properties":{"k":"gate","ref":"372"},"geometry":{"type":"Point","coordinates":[126.43789,37.46019]}},{"type":"Feature","properties":{"k":"stand","ref":"373"},"geometry":{"type":"LineString","coordinates":[[126.43649,37.4607],[126.43656,37.46069],[126.4366,37.46067],[126.43664,37.46065],[126.43668,37.46062],[126.43671,37.46059],[126.43674,37.46056],[126.43676,37.46053],[126.43678,37.4605],[126.43679,37.46047],[126.4368,37.46042],[126.43681,37.46038],[126.4368,37.46034],[126.4368,37.4603]]}},{"type":"Feature","properties":{"k":"gate","ref":"373"},"geometry":{"type":"Point","coordinates":[126.4368,37.4603]}},{"type":"Feature","properties":{"k":"stand","ref":"373"},"geometry":{"type":"LineString","coordinates":[[126.43641,37.46066],[126.43641,37.4606],[126.43641,37.46056],[126.43643,37.46051],[126.43646,37.46047],[126.43649,37.46043],[126.43655,37.46038],[126.43662,37.46034],[126.43667,37.46032],[126.43672,37.46031],[126.4368,37.4603],[126.43724,37.45981]]}},{"type":"Feature","properties":{"k":"gate","ref":"373"},"geometry":{"type":"Point","coordinates":[126.43724,37.45981]}},{"type":"Feature","properties":{"k":"stand","ref":"374"},"geometry":{"type":"LineString","coordinates":[[126.43583,37.46033],[126.4359,37.46031],[126.43595,37.46028],[126.43598,37.46026],[126.43601,37.46024],[126.43604,37.46021],[126.43608,37.46017],[126.43611,37.46013],[126.43612,37.4601],[126.43613,37.46005],[126.43613,37.45999],[126.43612,37.45992]]}},{"type":"Feature","properties":{"k":"gate","ref":"374"},"geometry":{"type":"Point","coordinates":[126.43612,37.45992]}},{"type":"Feature","properties":{"k":"stand","ref":"374"},"geometry":{"type":"LineString","coordinates":[[126.43574,37.46028],[126.43574,37.46023],[126.43574,37.46019],[126.43576,37.46015],[126.43578,37.4601],[126.4358,37.46008],[126.43583,37.46005],[126.43586,37.46002],[126.43589,37.46],[126.43593,37.45998],[126.43598,37.45995],[126.43602,37.45994],[126.43606,37.45993],[126.43612,37.45992],[126.43656,37.45944]]}},{"type":"Feature","properties":{"k":"gate","ref":"374"},"geometry":{"type":"Point","coordinates":[126.43656,37.45944]}},{"type":"Feature","properties":{"k":"stand","ref":"375"},"geometry":{"type":"LineString","coordinates":[[126.43516,37.45995],[126.43522,37.45993],[126.43527,37.45991],[126.43531,37.45989],[126.43536,37.45985],[126.43539,37.45982],[126.43542,37.45979],[126.43543,37.45976],[126.43546,37.45971],[126.43547,37.45966],[126.43547,37.45963],[126.43546,37.45959],[126.43546,37.45954]]}},{"type":"Feature","properties":{"k":"gate","ref":"375"},"geometry":{"type":"Point","coordinates":[126.43546,37.45954]}},{"type":"Feature","properties":{"k":"stand","ref":"375"},"geometry":{"type":"LineString","coordinates":[[126.43507,37.4599],[126.43507,37.45985],[126.43508,37.45982],[126.43509,37.45976],[126.43512,37.45971],[126.43515,37.45968],[126.43518,37.45966],[126.43523,37.45962],[126.43527,37.45959],[126.43531,37.45957],[126.43535,37.45956],[126.43538,37.45955],[126.43546,37.45954],[126.4359,37.45906]]}},{"type":"Feature","properties":{"k":"gate","ref":"375"},"geometry":{"type":"Point","coordinates":[126.4359,37.45906]}},{"type":"Feature","properties":{"k":"stand","ref":"376"},"geometry":{"type":"LineString","coordinates":[[126.43462,37.45965],[126.43471,37.45962],[126.43477,37.45959],[126.43483,37.45954],[126.43488,37.45948],[126.43491,37.45941],[126.43493,37.45935],[126.43492,37.4593],[126.43491,37.45924]]}},{"type":"Feature","properties":{"k":"gate","ref":"376"},"geometry":{"type":"Point","coordinates":[126.43491,37.45924]}},{"type":"Feature","properties":{"k":"stand","ref":"376"},"geometry":{"type":"LineString","coordinates":[[126.43531,37.45881],[126.4352,37.45893],[126.43491,37.45924],[126.43484,37.45925],[126.43477,37.45927],[126.43472,37.4593],[126.43465,37.45934],[126.43462,37.45937],[126.43458,37.45942],[126.43455,37.45946],[126.43453,37.45952],[126.43453,37.4596]]}},{"type":"Feature","properties":{"k":"gate","ref":"376"},"geometry":{"type":"Point","coordinates":[126.43453,37.4596]}},{"type":"Feature","properties":{"k":"stand","ref":"231L"},"geometry":{"type":"LineString","coordinates":[[126.42994,37.46451],[126.43044,37.46469],[126.43122,37.46489]]}},{"type":"Feature","properties":{"k":"gate","ref":"231L"},"geometry":{"type":"Point","coordinates":[126.43122,37.46489]}},{"type":"Feature","properties":{"k":"stand","ref":"231"},"geometry":{"type":"LineString","coordinates":[[126.43011,37.46419],[126.43018,37.46418],[126.43025,37.46418],[126.43031,37.46418],[126.43037,37.4642],[126.43044,37.46422],[126.43049,37.46425],[126.43055,37.4643],[126.43058,37.46435],[126.43061,37.46439],[126.43063,37.46444]]}},{"type":"Feature","properties":{"k":"gate","ref":"231"},"geometry":{"type":"Point","coordinates":[126.43063,37.46444]}},{"type":"Feature","properties":{"k":"stand","ref":"231"},"geometry":{"type":"LineString","coordinates":[[126.43007,37.46426],[126.4301,37.46431],[126.43015,37.46436],[126.4302,37.4644],[126.43026,37.46442],[126.43033,37.46444],[126.43041,37.46445],[126.43049,37.46445],[126.43055,37.46444],[126.4306,37.46443],[126.43063,37.46444],[126.43143,37.46477]]}},{"type":"Feature","properties":{"k":"gate","ref":"231"},"geometry":{"type":"Point","coordinates":[126.43143,37.46477]}},{"type":"Feature","properties":{"k":"stand","ref":"231R"},"geometry":{"type":"LineString","coordinates":[[126.43024,37.46396],[126.43077,37.46416],[126.43113,37.46441],[126.43173,37.46486]]}},{"type":"Feature","properties":{"k":"gate","ref":"231R"},"geometry":{"type":"Point","coordinates":[126.43173,37.46486]}},{"type":"Feature","properties":{"k":"stand","ref":"232L"},"geometry":{"type":"LineString","coordinates":[[126.43035,37.46378],[126.43084,37.46396],[126.43153,37.46407]]}},{"type":"Feature","properties":{"k":"gate","ref":"232L"},"geometry":{"type":"Point","coordinates":[126.43153,37.46407]}},{"type":"Feature","properties":{"k":"stand","ref":"232R"},"geometry":{"type":"LineString","coordinates":[[126.43066,37.46325],[126.43126,37.46346],[126.43205,37.46402]]}},{"type":"Feature","properties":{"k":"gate","ref":"232R"},"geometry":{"type":"Point","coordinates":[126.43205,37.46402]}},{"type":"Feature","properties":{"k":"stand","ref":"232"},"geometry":{"type":"LineString","coordinates":[[126.43049,37.46354],[126.43054,37.46353],[126.43061,37.46353],[126.43066,37.46353],[126.43072,37.46354],[126.43077,37.46356],[126.43081,37.46358],[126.43085,37.4636],[126.43089,37.46362],[126.43092,37.46365],[126.43094,37.46367],[126.43097,37.46372],[126.43099,37.46375],[126.43102,37.46376]]}},{"type":"Feature","properties":{"k":"gate","ref":"232"},"geometry":{"type":"Point","coordinates":[126.43102,37.46376]}},{"type":"Feature","properties":{"k":"stand","ref":"232"},"geometry":{"type":"LineString","coordinates":[[126.43044,37.46362],[126.43045,37.46365],[126.43051,37.4637],[126.43056,37.46374],[126.43061,37.46376],[126.43068,37.46379],[126.43077,37.4638],[126.43085,37.4638],[126.43092,37.46379],[126.43097,37.46378],[126.43102,37.46376],[126.43198,37.46407]]}},{"type":"Feature","properties":{"k":"gate","ref":"232"},"geometry":{"type":"Point","coordinates":[126.43198,37.46407]}},{"type":"Feature","properties":{"k":"stand","ref":"233"},"geometry":{"type":"LineString","coordinates":[[126.43089,37.46284],[126.43094,37.46283],[126.431,37.46283],[126.43106,37.46283],[126.43111,37.46284],[126.43118,37.46286],[126.43123,37.46288],[126.43127,37.4629],[126.43129,37.46292],[126.43132,37.46295],[126.43135,37.46298],[126.43137,37.46301],[126.43139,37.46305],[126.43142,37.46306]]}},{"type":"Feature","properties":{"k":"gate","ref":"233"},"geometry":{"type":"Point","coordinates":[126.43142,37.46306]}},{"type":"Feature","properties":{"k":"stand","ref":"233"},"geometry":{"type":"LineString","coordinates":[[126.43084,37.46292],[126.43087,37.46296],[126.43091,37.46299],[126.43095,37.46302],[126.43099,37.46305],[126.43103,37.46307],[126.43108,37.46308],[126.43112,37.46309],[126.43117,37.4631],[126.43122,37.4631],[126.43127,37.4631],[126.43133,37.46309],[126.43137,37.46308],[126.43142,37.46306],[126.43234,37.46336]]}},{"type":"Feature","properties":{"k":"gate","ref":"233"},"geometry":{"type":"Point","coordinates":[126.43234,37.46336]}},{"type":"Feature","properties":{"k":"stand","ref":"234"},"geometry":{"type":"LineString","coordinates":[[126.43131,37.46208],[126.43137,37.46207],[126.43143,37.46207],[126.43149,37.46207],[126.43153,37.46208],[126.43158,37.46209],[126.43163,37.46211],[126.43167,37.46214],[126.43171,37.46217],[126.43174,37.46219],[126.43176,37.46222],[126.43179,37.46225],[126.43181,37.46229],[126.43185,37.4623]]}},{"type":"Feature","properties":{"k":"gate","ref":"234"},"geometry":{"type":"Point","coordinates":[126.43185,37.4623]}},{"type":"Feature","properties":{"k":"stand","ref":"234"},"geometry":{"type":"LineString","coordinates":[[126.43126,37.46215],[126.43129,37.4622],[126.43133,37.46224],[126.43136,37.46226],[126.43141,37.46229],[126.43145,37.46231],[126.4315,37.46233],[126.43155,37.46234],[126.43161,37.46234],[126.43166,37.46234],[126.43171,37.46234],[126.43176,37.46233],[126.43185,37.4623],[126.43268,37.46255]]}},{"type":"Feature","properties":{"k":"gate","ref":"234"},"geometry":{"type":"Point","coordinates":[126.43268,37.46255]}},{"type":"Feature","properties":{"k":"stand","ref":"235"},"geometry":{"type":"LineString","coordinates":[[126.43184,37.46138],[126.4319,37.46138],[126.43195,37.46138],[126.43199,37.46139],[126.43203,37.4614],[126.43206,37.46142],[126.4321,37.46143],[126.43214,37.46146],[126.43217,37.46148],[126.43218,37.46149],[126.4322,37.46151],[126.43222,37.46154],[126.43225,37.46157],[126.43227,37.46162],[126.43228,37.46165],[126.43228,37.46168]]}},{"type":"Feature","properties":{"k":"gate","ref":"235"},"geometry":{"type":"Point","coordinates":[126.43228,37.46168]}},{"type":"Feature","properties":{"k":"stand","ref":"235"},"geometry":{"type":"LineString","coordinates":[[126.43178,37.46145],[126.4318,37.46149],[126.43182,37.46153],[126.43185,37.46157],[126.43188,37.46159],[126.43191,37.46162],[126.43195,37.46164],[126.43199,37.46166],[126.43204,37.46168],[126.43208,37.46168],[126.43212,37.46169],[126.43218,37.46169],[126.43223,37.46169],[126.43228,37.46168],[126.43292,37.46206]]}},{"type":"Feature","properties":{"k":"gate","ref":"235"},"geometry":{"type":"Point","coordinates":[126.43292,37.46206]}},{"type":"Feature","properties":{"k":"stand","ref":"236"},"geometry":{"type":"LineString","coordinates":[[126.43216,37.46102],[126.43217,37.46107],[126.4322,37.4611],[126.43223,37.46114],[126.43226,37.46116],[126.43229,37.46119],[126.43233,37.46121],[126.43238,37.46123],[126.43244,37.46125],[126.43251,37.46126],[126.43259,37.46126],[126.43267,37.46126]]}},{"type":"Feature","properties":{"k":"gate","ref":"236"},"geometry":{"type":"Point","coordinates":[126.43267,37.46126]}},{"type":"Feature","properties":{"k":"stand","ref":"236"},"geometry":{"type":"LineString","coordinates":[[126.43319,37.46156],[126.43267,37.46126],[126.43265,37.4612],[126.43263,37.46114],[126.4326,37.46111],[126.43257,37.46107],[126.43253,37.46104],[126.43248,37.46101],[126.43244,37.46099],[126.43239,37.46097],[126.43233,37.46096],[126.43228,37.46095],[126.43222,37.46095]]}},{"type":"Feature","properties":{"k":"gate","ref":"236"},"geometry":{"type":"Point","coordinates":[126.43222,37.46095]}},{"type":"Feature","properties":{"k":"stand","ref":"236R"},"geometry":{"type":"LineString","coordinates":[[126.43339,37.46163],[126.43308,37.46092],[126.43304,37.46082],[126.43297,37.46081],[126.43292,37.46079],[126.43286,37.46077],[126.43281,37.46074],[126.43277,37.46071],[126.43273,37.46067],[126.4327,37.46063],[126.43268,37.46058],[126.43266,37.46052],[126.43266,37.46049],[126.43266,37.46045]]}},{"type":"Feature","properties":{"k":"gate","ref":"236R"},"geometry":{"type":"Point","coordinates":[126.43266,37.46045]}},{"type":"Feature","properties":{"k":"stand","ref":"237"},"geometry":{"type":"LineString","coordinates":[[126.43369,37.46019],[126.43363,37.46021],[126.43358,37.46023],[126.43352,37.46026],[126.43349,37.46029],[126.43345,37.46033],[126.43342,37.46037],[126.4334,37.46041],[126.43339,37.46044],[126.43338,37.46049],[126.43338,37.46054],[126.43339,37.46058],[126.43341,37.46063],[126.43343,37.46066],[126.43344,37.46069],[126.43348,37.46073],[126.43352,37.46076],[126.43356,37.46078]]}},{"type":"Feature","properties":{"k":"gate","ref":"237"},"geometry":{"type":"Point","coordinates":[126.43356,37.46078]}},{"type":"Feature","properties":{"k":"stand","ref":"237"},"geometry":{"type":"LineString","coordinates":[[126.43351,37.46164],[126.43356,37.46078],[126.43356,37.46072],[126.43364,37.46069],[126.43372,37.46064],[126.43378,37.46057],[126.43381,37.46051],[126.43383,37.46046],[126.43383,37.4604],[126.43382,37.46035],[126.4338,37.4603],[126.43376,37.46023]]}},{"type":"Feature","properties":{"k":"gate","ref":"237"},"geometry":{"type":"Point","coordinates":[126.43376,37.46023]}},{"type":"Feature","properties":{"k":"stand","ref":"238"},"geometry":{"type":"LineString","coordinates":[[126.43435,37.46057],[126.43425,37.46061],[126.43417,37.46066],[126.43412,37.4607],[126.43408,37.46076],[126.43406,37.46081],[126.43405,37.46085],[126.43405,37.4609],[126.43405,37.46094],[126.43407,37.46098],[126.43409,37.46103],[126.43412,37.46108],[126.43417,37.46112]]}},{"type":"Feature","properties":{"k":"gate","ref":"238"},"geometry":{"type":"Point","coordinates":[126.43417,37.46112]}},{"type":"Feature","properties":{"k":"stand","ref":"238"},"geometry":{"type":"LineString","coordinates":[[126.43404,37.46166],[126.43417,37.46112],[126.43426,37.46072],[126.43426,37.46069],[126.43425,37.46063],[126.43425,37.46061],[126.43422,37.46055],[126.43419,37.46051],[126.43416,37.46047],[126.4341,37.46042]]}},{"type":"Feature","properties":{"k":"gate","ref":"238"},"geometry":{"type":"Point","coordinates":[126.4341,37.46042]}},{"type":"Feature","properties":{"k":"stand","ref":"239"},"geometry":{"type":"LineString","coordinates":[[126.43497,37.46092],[126.43492,37.46094],[126.43487,37.46096],[126.43482,37.46098],[126.43478,37.46102],[126.43475,37.46105],[126.43472,37.46109],[126.43469,37.46114],[126.43468,37.46117],[126.43467,37.46121],[126.43467,37.46126],[126.43468,37.46131],[126.4347,37.46138]]}},{"type":"Feature","properties":{"k":"gate","ref":"239"},"geometry":{"type":"Point","coordinates":[126.4347,37.46138]}},{"type":"Feature","properties":{"k":"stand","ref":"239"},"geometry":{"type":"LineString","coordinates":[[126.43442,37.46181],[126.4347,37.46138],[126.43474,37.46132],[126.43481,37.4613],[126.43489,37.46127],[126.43496,37.46122],[126.43499,37.46119],[126.43501,37.46115],[126.43504,37.46111],[126.43505,37.46107],[126.43506,37.46102],[126.43506,37.46097]]}},{"type":"Feature","properties":{"k":"gate","ref":"239"},"geometry":{"type":"Point","coordinates":[126.43506,37.46097]}},{"type":"Feature","properties":{"k":"stand","ref":"240"},"geometry":{"type":"LineString","coordinates":[[126.43528,37.46175],[126.43536,37.46177],[126.43543,37.46177],[126.43552,37.46176],[126.43559,37.46174],[126.43565,37.46172],[126.4357,37.46169],[126.43576,37.46164],[126.43581,37.46158],[126.43584,37.46152],[126.43584,37.46147],[126.43584,37.46141]]}},{"type":"Feature","properties":{"k":"gate","ref":"240"},"geometry":{"type":"Point","coordinates":[126.43584,37.46141]}},{"type":"Feature","properties":{"k":"stand","ref":"240"},"geometry":{"type":"LineString","coordinates":[[126.43449,37.46215],[126.43528,37.46175],[126.43554,37.46161],[126.43563,37.46157],[126.4357,37.46154],[126.43576,37.46152],[126.43581,37.46151],[126.43587,37.4615],[126.43593,37.46151],[126.43601,37.46152],[126.43607,37.46154],[126.43613,37.46157]]}},{"type":"Feature","properties":{"k":"gate","ref":"240"},"geometry":{"type":"Point","coordinates":[126.43613,37.46157]}},{"type":"Feature","properties":{"k":"stand","ref":"241"},"geometry":{"type":"LineString","coordinates":[[126.43571,37.46244],[126.43574,37.46239],[126.43578,37.46235],[126.43582,37.46232],[126.43586,37.4623],[126.43592,37.46227],[126.43598,37.46225],[126.43603,37.46224],[126.43607,37.46224],[126.43608,37.46224],[126.43614,37.46224],[126.4362,37.46225],[126.43625,37.46227],[126.4363,37.46229],[126.43635,37.46231],[126.43639,37.46234],[126.43642,37.46237],[126.43646,37.46242],[126.43649,37.46249]]}},{"type":"Feature","properties":{"k":"gate","ref":"241"},"geometry":{"type":"Point","coordinates":[126.43649,37.46249]}},{"type":"Feature","properties":{"k":"stand","ref":"241"},"geometry":{"type":"LineString","coordinates":[[126.43465,37.46252],[126.43571,37.46244],[126.43581,37.46243],[126.43584,37.46247],[126.43587,37.4625],[126.43591,37.46253],[126.43595,37.46256],[126.43601,37.46259],[126.43606,37.4626],[126.43612,37.46261],[126.43616,37.46261],[126.43622,37.46261],[126.43628,37.46261],[126.43634,37.46259],[126.43643,37.46255]]}},{"type":"Feature","properties":{"k":"gate","ref":"241"},"geometry":{"type":"Point","coordinates":[126.43643,37.46255]}},{"type":"Feature","properties":{"k":"stand","ref":"242"},"geometry":{"type":"LineString","coordinates":[[126.43505,37.46331],[126.43516,37.4633],[126.43526,37.46331],[126.43533,37.46332],[126.43543,37.46338],[126.43549,37.46343],[126.43553,37.46349],[126.43556,37.46354]]}},{"type":"Feature","properties":{"k":"gate","ref":"242"},"geometry":{"type":"Point","coordinates":[126.43556,37.46354]}},{"type":"Feature","properties":{"k":"stand","ref":"242"},"geometry":{"type":"LineString","coordinates":[[126.43431,37.46293],[126.43505,37.46331],[126.43506,37.46337],[126.43509,37.46343],[126.43513,37.46348],[126.43518,37.46353],[126.43526,37.46357],[126.43531,37.46359],[126.43538,37.4636],[126.43549,37.46361]]}},{"type":"Feature","properties":{"k":"gate","ref":"242"},"geometry":{"type":"Point","coordinates":[126.43549,37.46361]}},{"type":"Feature","properties":{"k":"stand","ref":"243"},"geometry":{"type":"LineString","coordinates":[[126.43467,37.46374],[126.43475,37.46373],[126.43484,37.46373],[126.43492,37.46375],[126.435,37.46378],[126.43505,37.46381],[126.43507,37.46383],[126.43512,37.46388],[126.43515,37.46392],[126.43517,37.46397]]}},{"type":"Feature","properties":{"k":"gate","ref":"243"},"geometry":{"type":"Point","coordinates":[126.43517,37.46397]}},{"type":"Feature","properties":{"k":"stand","ref":"243"},"geometry":{"type":"LineString","coordinates":[[126.43399,37.4634],[126.43467,37.46374],[126.43468,37.46381],[126.4347,37.46385],[126.43472,37.46387],[126.43477,37.46393],[126.43484,37.46398],[126.43494,37.46402],[126.43503,37.46404],[126.43511,37.46404]]}},{"type":"Feature","properties":{"k":"gate","ref":"243"},"geometry":{"type":"Point","coordinates":[126.43511,37.46404]}},{"type":"Feature","properties":{"k":"stand","ref":"245"},"geometry":{"type":"LineString","coordinates":[[126.43439,37.46404],[126.43445,37.46403],[126.43452,37.46403],[126.43461,37.46404],[126.43466,37.46405],[126.43472,37.46408],[126.43476,37.46411],[126.4348,37.46414],[126.43485,37.46419],[126.43488,37.46423],[126.4349,37.46427]]}},{"type":"Feature","properties":{"k":"gate","ref":"245"},"geometry":{"type":"Point","coordinates":[126.4349,37.46427]}},{"type":"Feature","properties":{"k":"stand","ref":"245"},"geometry":{"type":"LineString","coordinates":[[126.43353,37.46358],[126.43439,37.46404],[126.4344,37.46408],[126.43442,37.46414],[126.43445,37.46418],[126.43449,37.46423],[126.43454,37.46427],[126.4346,37.4643],[126.43467,37.46433],[126.43471,37.46434],[126.43477,37.46434],[126.43484,37.46434]]}},{"type":"Feature","properties":{"k":"gate","ref":"245"},"geometry":{"type":"Point","coordinates":[126.43484,37.46434]}},{"type":"Feature","properties":{"k":"stand","ref":"246"},"geometry":{"type":"LineString","coordinates":[[126.43415,37.46444],[126.4342,37.46441],[126.43424,37.4644],[126.43428,37.46438],[126.43433,37.46438],[126.4344,37.46437],[126.43446,37.46437],[126.43453,37.46438],[126.43458,37.4644],[126.43465,37.46443],[126.43474,37.4645]]}},{"type":"Feature","properties":{"k":"gate","ref":"246"},"geometry":{"type":"Point","coordinates":[126.43474,37.4645]}},{"type":"Feature","properties":{"k":"stand","ref":"246"},"geometry":{"type":"LineString","coordinates":[[126.43321,37.46429],[126.43415,37.46444],[126.43417,37.46447],[126.43421,37.4645],[126.43426,37.46454],[126.43434,37.46458],[126.43443,37.46461],[126.43451,37.46462],[126.4346,37.46461],[126.43472,37.46458]]}},{"type":"Feature","properties":{"k":"gate","ref":"246"},"geometry":{"type":"Point","coordinates":[126.43472,37.46458]}},{"type":"Feature","properties":{"k":"stand","ref":"248"},"geometry":{"type":"LineString","coordinates":[[126.43458,37.46538],[126.43467,37.46538],[126.43472,37.46536],[126.43478,37.46534],[126.43487,37.46529],[126.43494,37.46523],[126.43498,37.46518],[126.435,37.46511],[126.435,37.46507],[126.435,37.46503]]}},{"type":"Feature","properties":{"k":"gate","ref":"248"},"geometry":{"type":"Point","coordinates":[126.435,37.46503]}},{"type":"Feature","properties":{"k":"stand","ref":"249"},"geometry":{"type":"LineString","coordinates":[[126.43523,37.46574],[126.43533,37.46573],[126.43541,37.4657],[126.43546,37.46567],[126.43551,37.46563],[126.43554,37.46559],[126.43556,37.46556],[126.43558,37.46551],[126.4356,37.46544],[126.4356,37.46539]]}},{"type":"Feature","properties":{"k":"gate","ref":"249"},"geometry":{"type":"Point","coordinates":[126.4356,37.46539]}},{"type":"Feature","properties":{"k":"stand","ref":"249"},"geometry":{"type":"LineString","coordinates":[[126.43473,37.46634],[126.43523,37.46574],[126.43522,37.46568],[126.43523,37.4656],[126.43526,37.46554],[126.43529,37.46547],[126.43537,37.46541],[126.43544,37.46537],[126.43552,37.46534]]}},{"type":"Feature","properties":{"k":"gate","ref":"249"},"geometry":{"type":"Point","coordinates":[126.43552,37.46534]}},{"type":"Feature","properties":{"k":"stand","ref":"252"},"geometry":{"type":"LineString","coordinates":[[126.43678,37.46752],[126.43726,37.4669],[126.4373,37.46685],[126.43736,37.46684],[126.43741,37.46682],[126.43746,37.4668],[126.43751,37.46677],[126.43755,37.46673],[126.43758,37.4667],[126.4376,37.46666],[126.43762,37.46662],[126.43763,37.46659],[126.43763,37.4665]]}},{"type":"Feature","properties":{"k":"gate","ref":"252"},"geometry":{"type":"Point","coordinates":[126.43763,37.4665]}},{"type":"Feature","properties":{"k":"stand","ref":"251"},"geometry":{"type":"LineString","coordinates":[[126.43655,37.46651],[126.43664,37.4665],[126.43672,37.46648],[126.43678,37.46645],[126.43684,37.4664],[126.43688,37.46636],[126.43692,37.46629],[126.43694,37.46621],[126.43696,37.46615]]}},{"type":"Feature","properties":{"k":"gate","ref":"251"},"geometry":{"type":"Point","coordinates":[126.43696,37.46615]}},{"type":"Feature","properties":{"k":"stand","ref":"251"},"geometry":{"type":"LineString","coordinates":[[126.43604,37.46708],[126.43606,37.46706],[126.43655,37.46651],[126.43654,37.46646],[126.43654,37.46639],[126.43656,37.46631],[126.4366,37.46625],[126.43666,37.46619],[126.43672,37.46615],[126.43685,37.46609]]}},{"type":"Feature","properties":{"k":"gate","ref":"251"},"geometry":{"type":"Point","coordinates":[126.43685,37.46609]}},{"type":"Feature","properties":{"k":"stand","ref":"254"},"geometry":{"type":"LineString","coordinates":[[126.43817,37.46652],[126.43817,37.46659],[126.43817,37.46662],[126.43819,37.46667],[126.43821,37.46671],[126.43824,37.46675],[126.43826,37.46678],[126.43829,37.46681],[126.43833,37.46683],[126.43838,37.46686],[126.43843,37.46687],[126.43851,37.4669],[126.43897,37.46759]]}},{"type":"Feature","properties":{"k":"gate","ref":"254"},"geometry":{"type":"Point","coordinates":[126.43897,37.46759]}},{"type":"Feature","properties":{"k":"stand","ref":"254"},"geometry":{"type":"LineString","coordinates":[[126.43826,37.46647],[126.43831,37.46649],[126.43837,37.46652],[126.43842,37.46656],[126.43846,37.46659],[126.43848,37.46663],[126.43851,37.46667],[126.43852,37.46672],[126.43853,37.46678],[126.43853,37.46683],[126.43851,37.4669]]}},{"type":"Feature","properties":{"k":"gate","ref":"254"},"geometry":{"type":"Point","coordinates":[126.43851,37.4669]}},{"type":"Feature","properties":{"k":"stand","ref":"255"},"geometry":{"type":"LineString","coordinates":[[126.43856,37.46616],[126.43863,37.46616],[126.43868,37.46616],[126.43873,37.46617],[126.43878,37.46619],[126.43882,37.46621],[126.43885,37.46623],[126.43888,37.46625],[126.43891,37.46628],[126.43894,37.46631],[126.43897,37.46636],[126.43899,37.46641],[126.43907,37.46645],[126.43995,37.46679]]}},{"type":"Feature","properties":{"k":"gate","ref":"255"},"geometry":{"type":"Point","coordinates":[126.43995,37.46679]}},{"type":"Feature","properties":{"k":"stand","ref":"255"},"geometry":{"type":"LineString","coordinates":[[126.4385,37.46623],[126.43853,37.46628],[126.43857,37.46633],[126.4386,37.46637],[126.43865,37.46641],[126.4387,37.46643],[126.43875,37.46646],[126.43881,37.46647],[126.43889,37.46648],[126.43896,37.46647],[126.43901,37.46647],[126.43905,37.46645],[126.43907,37.46645]]}},{"type":"Feature","properties":{"k":"gate","ref":"255"},"geometry":{"type":"Point","coordinates":[126.43907,37.46645]}},{"type":"Feature","properties":{"k":"stand","ref":"256"},"geometry":{"type":"LineString","coordinates":[[126.43907,37.46561],[126.43909,37.46565],[126.43912,37.4657],[126.43918,37.46575],[126.43924,37.4658],[126.43931,37.46583],[126.43937,37.46584],[126.43945,37.46585],[126.43952,37.46584],[126.43957,37.46583],[126.4403,37.46626]]}},{"type":"Feature","properties":{"k":"gate","ref":"256"},"geometry":{"type":"Point","coordinates":[126.4403,37.46626]}},{"type":"Feature","properties":{"k":"stand","ref":"257"},"geometry":{"type":"LineString","coordinates":[[126.43986,37.46469],[126.43993,37.46469],[126.43999,37.4647],[126.44006,37.46472],[126.44012,37.46474],[126.44018,37.46478],[126.44023,37.46482],[126.44026,37.46486],[126.44028,37.4649],[126.4403,37.46494],[126.44031,37.46499],[126.44031,37.46506],[126.4403,37.46511],[126.44027,37.46516],[126.44024,37.46519]]}},{"type":"Feature","properties":{"k":"gate","ref":"257"},"geometry":{"type":"Point","coordinates":[126.44024,37.46519]}},{"type":"Feature","properties":{"k":"stand","ref":"258"},"geometry":{"type":"LineString","coordinates":[[126.4411,37.46505],[126.44107,37.46504],[126.44102,37.465],[126.44099,37.46497],[126.44096,37.46494],[126.44094,37.46491],[126.44092,37.46488],[126.44091,37.46485],[126.4409,37.46481],[126.4409,37.46478],[126.4409,37.46473],[126.44091,37.46469],[126.44092,37.46465],[126.44094,37.46462],[126.44096,37.46458],[126.441,37.46455],[126.44105,37.46451],[126.44108,37.46448],[126.44114,37.46446],[126.44121,37.46444]]}},{"type":"Feature","properties":{"k":"gate","ref":"258"},"geometry":{"type":"Point","coordinates":[126.44121,37.46444]}},{"type":"Feature","properties":{"k":"stand","ref":"258"},"geometry":{"type":"LineString","coordinates":[[126.44111,37.46571],[126.4411,37.46505],[126.44109,37.46454],[126.44108,37.46448],[126.44107,37.46443],[126.44104,37.46439],[126.441,37.46435],[126.44094,37.46429]]}},{"type":"Feature","properties":{"k":"gate","ref":"258"},"geometry":{"type":"Point","coordinates":[126.44094,37.46429]}},{"type":"Feature","properties":{"k":"stand","ref":"259"},"geometry":{"type":"LineString","coordinates":[[126.44188,37.4654],[126.44196,37.46539],[126.44202,37.46538],[126.4421,37.46534],[126.44216,37.4653],[126.44221,37.46524],[126.44225,37.46518],[126.44226,37.46513],[126.44227,37.4651],[126.44228,37.46504]]}},{"type":"Feature","properties":{"k":"gate","ref":"259"},"geometry":{"type":"Point","coordinates":[126.44228,37.46504]}},{"type":"Feature","properties":{"k":"stand","ref":"259"},"geometry":{"type":"LineString","coordinates":[[126.44132,37.46595],[126.44188,37.4654],[126.44187,37.46533],[126.44187,37.46528],[126.44189,37.46522],[126.44192,37.46517],[126.44196,37.46511],[126.44201,37.46507],[126.44207,37.46504],[126.44213,37.46501],[126.44219,37.46499]]}},{"type":"Feature","properties":{"k":"gate","ref":"259"},"geometry":{"type":"Point","coordinates":[126.44219,37.46499]}},{"type":"Feature","properties":{"k":"stand","ref":"260"},"geometry":{"type":"LineString","coordinates":[[126.44241,37.46575],[126.44251,37.46575],[126.44259,37.46574],[126.44267,37.46572],[126.44272,37.46569],[126.4428,37.46564],[126.44284,37.46559],[126.44287,37.46553],[126.44288,37.46549],[126.44289,37.46545],[126.4429,37.46539]]}},{"type":"Feature","properties":{"k":"gate","ref":"260"},"geometry":{"type":"Point","coordinates":[126.4429,37.46539]}},{"type":"Feature","properties":{"k":"stand","ref":"260"},"geometry":{"type":"LineString","coordinates":[[126.44177,37.4662],[126.44241,37.46575],[126.4425,37.46569],[126.4425,37.46563],[126.44251,37.46558],[126.44253,37.46553],[126.44257,37.46548],[126.44261,37.46544],[126.44267,37.4654],[126.44274,37.46537],[126.44281,37.46534]]}},{"type":"Feature","properties":{"k":"gate","ref":"260"},"geometry":{"type":"Point","coordinates":[126.44281,37.46534]}},{"type":"Feature","properties":{"k":"stand","ref":"261"},"geometry":{"type":"LineString","coordinates":[[126.44289,37.46604],[126.44298,37.46606],[126.44308,37.46606],[126.44318,37.46605],[126.44327,37.46602],[126.44333,37.46599],[126.44339,37.46593],[126.44344,37.46585],[126.44346,37.46581],[126.44347,37.46572]]}},{"type":"Feature","properties":{"k":"gate","ref":"261"},"geometry":{"type":"Point","coordinates":[126.44347,37.46572]}},{"type":"Feature","properties":{"k":"stand","ref":"261"},"geometry":{"type":"LineString","coordinates":[[126.4421,37.46644],[126.44289,37.46604],[126.44332,37.46583],[126.44339,37.46581],[126.44346,37.46581],[126.44355,37.46581],[126.44358,37.46581],[126.4437,37.46584]]}},{"type":"Feature","properties":{"k":"gate","ref":"261"},"geometry":{"type":"Point","coordinates":[126.4437,37.46584]}},{"type":"Feature","properties":{"k":"stand","ref":"376"},"geometry":{"type":"LineString","coordinates":[[126.43473,37.45847],[126.43469,37.45845],[126.43463,37.45845],[126.43458,37.45845],[126.43452,37.45845],[126.43448,37.45846],[126.43444,37.45848]]}},{"type":"Feature","properties":{"k":"gate","ref":"376"},"geometry":{"type":"Point","coordinates":[126.43444,37.45848]}},{"type":"Feature","properties":{"k":"stand"},"geometry":{"type":"LineString","coordinates":[[126.4493,37.45115],[126.44935,37.45114],[126.44942,37.45111],[126.44946,37.45109],[126.4495,37.45106],[126.44954,37.45102],[126.44957,37.45098],[126.44959,37.45093],[126.4496,37.4509],[126.44961,37.45085],[126.44961,37.4508],[126.4496,37.45075]]}},{"type":"Feature","properties":{"k":"stand"},"geometry":{"type":"LineString","coordinates":[[126.44922,37.45111],[126.44922,37.45106],[126.44922,37.45101],[126.44924,37.45095],[126.44929,37.45089],[126.44934,37.45084],[126.4494,37.45081],[126.44947,37.45077],[126.44954,37.45076],[126.4496,37.45075],[126.45014,37.45016]]}},{"type":"Feature","properties":{"k":"stand"},"geometry":{"type":"LineString","coordinates":[[126.4495,37.45132],[126.44953,37.45128],[126.44957,37.45125],[126.44961,37.45122],[126.44967,37.4512],[126.44973,37.45118],[126.44978,37.45118],[126.44984,37.45117],[126.4499,37.45118],[126.44997,37.45119],[126.45003,37.45121],[126.45007,37.45123],[126.45011,37.45125],[126.45017,37.4513],[126.45021,37.45135]]}},{"type":"Feature","properties":{"k":"stand"},"geometry":{"type":"LineString","coordinates":[[126.44952,37.45135],[126.44958,37.45135],[126.44967,37.45133],[126.44972,37.45131],[126.44979,37.45128],[126.45004,37.45132],[126.45016,37.45134],[126.45021,37.45135],[126.45126,37.45151]]}},{"type":"Feature","properties":{"k":"stand"},"geometry":{"type":"LineString","coordinates":[[126.44958,37.45156],[126.44965,37.45158],[126.44972,37.45159],[126.44976,37.45159],[126.44982,37.45159],[126.44988,37.45158],[126.44993,37.45156],[126.44998,37.45154],[126.45002,37.45152],[126.45006,37.45149],[126.45009,37.45146],[126.45012,37.45143],[126.45014,37.45138],[126.45016,37.45136],[126.45016,37.45134],[126.45017,37.4513],[126.45017,37.45128],[126.45018,37.45125],[126.45018,37.45122],[126.45017,37.4512]]}},{"type":"Feature","properties":{"k":"stand"},"geometry":{"type":"LineString","coordinates":[[126.44956,37.45165],[126.44965,37.45163],[126.44973,37.45162],[126.44976,37.45159],[126.45004,37.45132],[126.45011,37.45125],[126.45017,37.4512],[126.45085,37.45055]]}},{"type":"Feature","properties":{"k":"stand"},"geometry":{"type":"LineString","coordinates":[[126.44951,37.45179],[126.44957,37.45178],[126.44964,37.45177],[126.4497,37.45177],[126.44976,37.45177],[126.44981,37.45178],[126.44986,37.4518],[126.44991,37.45182],[126.44995,37.45185],[126.44999,37.45188],[126.45003,37.45193],[126.45006,37.45197]]}},{"type":"Feature","properties":{"k":"stand"},"geometry":{"type":"LineString","coordinates":[[126.44948,37.45187],[126.44951,37.45191],[126.44954,37.45194],[126.44959,37.45196],[126.44963,37.45198],[126.44968,37.452],[126.44973,37.45201],[126.44979,37.45202],[126.44984,37.45202],[126.44989,37.45202],[126.44994,37.45201],[126.44999,37.45199],[126.45006,37.45197],[126.45094,37.45217]]}},{"type":"Feature","properties":{"k":"stand"},"geometry":{"type":"LineString","coordinates":[[126.44928,37.45242],[126.44934,37.4524],[126.44941,37.4524],[126.44949,37.4524],[126.44956,37.45241],[126.44963,37.45244],[126.4497,37.45247],[126.44976,37.45251],[126.44979,37.45255],[126.44983,37.45259]]}},{"type":"Feature","properties":{"k":"stand"},"geometry":{"type":"LineString","coordinates":[[126.44925,37.45251],[126.4493,37.45256],[126.44936,37.4526],[126.44942,37.45262],[126.44946,37.45263],[126.4495,37.45264],[126.44954,37.45265],[126.44959,37.45265],[126.44965,37.45265],[126.4497,37.45264],[126.44976,37.45262],[126.44983,37.45259],[126.45076,37.45281]]}},{"type":"Feature","properties":{"k":"stand"},"geometry":{"type":"LineString","coordinates":[[126.44893,37.45336],[126.44897,37.45341],[126.44901,37.45344],[126.44908,37.45348],[126.44916,37.45351],[126.44925,37.45352],[126.44933,37.45352],[126.4494,37.4535],[126.44948,37.45348],[126.44953,37.45345],[126.44958,37.45341],[126.44964,37.45335]]}},{"type":"Feature","properties":{"k":"stand"},"geometry":{"type":"LineString","coordinates":[[126.44893,37.45336],[126.44898,37.45334],[126.44905,37.45332],[126.44909,37.45331],[126.44914,37.45331],[126.44919,37.45331],[126.44923,37.45331],[126.44928,37.45332],[126.44932,37.45333],[126.44936,37.45334],[126.44939,37.45336],[126.44943,37.45338]]}},{"type":"Feature","properties":{"k":"stand"},"geometry":{"type":"LineString","coordinates":[[126.44864,37.45355],[126.44874,37.45351],[126.44882,37.45348],[126.4489,37.45346],[126.44901,37.45344],[126.44943,37.45338],[126.44964,37.45335],[126.45046,37.45323]]}},{"type":"Feature","properties":{"k":"stand"},"geometry":{"type":"LineString","coordinates":[[126.44919,37.45436],[126.44921,37.45437],[126.44927,37.45437],[126.44932,37.45437],[126.44937,37.45437],[126.44943,37.45436],[126.44947,37.45434],[126.44951,37.45433],[126.44959,37.45428],[126.44964,37.45423],[126.44968,37.45417],[126.4497,37.45412],[126.44971,37.45406]]}},{"type":"Feature","properties":{"k":"stand"},"geometry":{"type":"LineString","coordinates":[[126.44886,37.45421],[126.44895,37.45424],[126.44903,37.45426],[126.4491,37.45427],[126.44916,37.45427],[126.44923,37.45427],[126.44931,37.45426],[126.44936,37.45424],[126.44942,37.45422],[126.4495,37.45419],[126.44971,37.45406],[126.45031,37.45368]]}},{"type":"Feature","properties":{"k":"stand"},"geometry":{"type":"LineString","coordinates":[[126.45049,37.45449],[126.45051,37.45454],[126.45053,37.45457],[126.45053,37.45461],[126.45054,37.45465],[126.45053,37.45469],[126.45052,37.45474],[126.4505,37.45478],[126.45047,37.45482],[126.45045,37.45485],[126.45042,37.45488],[126.45038,37.4549],[126.45033,37.45493],[126.45028,37.45495],[126.45022,37.45496]]}},{"type":"Feature","properties":{"k":"stand"},"geometry":{"type":"LineString","coordinates":[[126.45016,37.45493],[126.45015,37.45488],[126.45015,37.45484],[126.45016,37.45481],[126.45017,37.45478],[126.45021,37.45473],[126.45024,37.45469],[126.45028,37.45466],[126.45032,37.45463],[126.45035,37.45462],[126.45039,37.4546],[126.45044,37.45458],[126.45049,37.45449],[126.4508,37.45387]]}},{"type":"Feature","properties":{"k":"stand"},"geometry":{"type":"LineString","coordinates":[[126.4516,37.45545],[126.45155,37.45542],[126.45151,37.45538],[126.45148,37.45534],[126.45146,37.4553],[126.45144,37.45527],[126.45143,37.45521],[126.45143,37.45516],[126.45144,37.45511],[126.45146,37.45506],[126.45149,37.45502],[126.45152,37.45497]]}},{"type":"Feature","properties":{"k":"stand"},"geometry":{"type":"LineString","coordinates":[[126.45149,37.45486],[126.45156,37.4549],[126.45161,37.45494],[126.45164,37.45498],[126.45168,37.45503],[126.4517,37.45507],[126.45171,37.45511],[126.45171,37.45517],[126.45171,37.45521],[126.4517,37.45525],[126.45168,37.45528],[126.45165,37.45533],[126.45162,37.45536],[126.45159,37.45539],[126.45155,37.45542],[126.45149,37.45545]]}},{"type":"Feature","properties":{"k":"stand"},"geometry":{"type":"LineString","coordinates":[[126.45133,37.45422],[126.45149,37.45486],[126.45152,37.45497],[126.45162,37.45536],[126.45164,37.45545],[126.4517,37.45567],[126.45171,37.45571],[126.45174,37.45576],[126.45177,37.45581],[126.45187,37.4559]]}},{"type":"Feature","properties":{"k":"stand","ref":"361"},"geometry":{"type":"LineString","coordinates":[[126.44545,37.46453],[126.44551,37.46454],[126.44558,37.46453],[126.44566,37.46452],[126.4457,37.46451]]}},{"type":"Feature","properties":{"k":"gate","ref":"361"},"geometry":{"type":"Point","coordinates":[126.4457,37.46451]}},{"type":"Feature","properties":{"k":"stand","ref":"361"},"geometry":{"type":"LineString","coordinates":[[126.44465,37.46432],[126.4447,37.46429],[126.44476,37.46426],[126.44481,37.46425],[126.44489,37.46425],[126.44495,37.46426],[126.44501,37.46428],[126.44545,37.46453],[126.44549,37.46457],[126.44551,37.46462],[126.44551,37.46467],[126.44551,37.46473]]}},{"type":"Feature","properties":{"k":"gate","ref":"361"},"geometry":{"type":"Point","coordinates":[126.44551,37.46473]}},{"type":"Feature","properties":{"k":"stand","ref":"361"},"geometry":{"type":"LineString","coordinates":[[126.44412,37.46501],[126.44418,37.46499],[126.44423,37.46497],[126.44429,37.46494],[126.44435,37.46489],[126.44439,37.46482],[126.44441,37.46476],[126.44443,37.46468],[126.44441,37.4646]]}},{"type":"Feature","properties":{"k":"gate","ref":"361"},"geometry":{"type":"Point","coordinates":[126.44441,37.4646]}},{"type":"Feature","properties":{"k":"stand","ref":"361"},"geometry":{"type":"LineString","coordinates":[[126.44403,37.46496],[126.44403,37.4649],[126.44405,37.46484],[126.44407,37.46478],[126.44412,37.46473],[126.44417,37.46469],[126.44424,37.46465],[126.44431,37.46462],[126.44441,37.4646],[126.44465,37.46432],[126.44479,37.46418]]}},{"type":"Feature","properties":{"k":"gate","ref":"361"},"geometry":{"type":"Point","coordinates":[126.44479,37.46418]}},{"type":"Feature","properties":{"k":"stand","ref":"362"},"geometry":{"type":"LineString","coordinates":[[126.44358,37.46471],[126.44367,37.46468],[126.44373,37.46465],[126.4438,37.46459],[126.44385,37.46453],[126.44388,37.46446],[126.44389,37.46438],[126.44387,37.4643]]}},{"type":"Feature","properties":{"k":"gate","ref":"362"},"geometry":{"type":"Point","coordinates":[126.44387,37.4643]}},{"type":"Feature","properties":{"k":"stand","ref":"362"},"geometry":{"type":"LineString","coordinates":[[126.44349,37.46466],[126.44349,37.46462],[126.4435,37.46457],[126.44352,37.4645],[126.44356,37.46445],[126.44361,37.4644],[126.44368,37.46435],[126.44378,37.46432],[126.44387,37.4643],[126.44431,37.46382]]}},{"type":"Feature","properties":{"k":"gate","ref":"362"},"geometry":{"type":"Point","coordinates":[126.44431,37.46382]}},{"type":"Feature","properties":{"k":"stand","ref":"363"},"geometry":{"type":"LineString","coordinates":[[126.44291,37.46432],[126.44297,37.4643],[126.44305,37.46427],[126.44311,37.46423],[126.44316,37.46418],[126.4432,37.46412],[126.44321,37.46405],[126.44322,37.46399],[126.44321,37.46392]]}},{"type":"Feature","properties":{"k":"gate","ref":"363"},"geometry":{"type":"Point","coordinates":[126.44321,37.46392]}},{"type":"Feature","properties":{"k":"stand","ref":"363"},"geometry":{"type":"LineString","coordinates":[[126.44282,37.46427],[126.44282,37.46422],[126.44283,37.46417],[126.44286,37.46411],[126.44291,37.46404],[126.44296,37.464],[126.44303,37.46396],[126.44311,37.46394],[126.44321,37.46392],[126.44365,37.46344]]}},{"type":"Feature","properties":{"k":"gate","ref":"363"},"geometry":{"type":"Point","coordinates":[126.44365,37.46344]}},{"type":"Feature","properties":{"k":"stand","ref":"364"},"geometry":{"type":"LineString","coordinates":[[126.44224,37.46395],[126.44232,37.46392],[126.44239,37.46389],[126.44245,37.46384],[126.4425,37.46378],[126.44254,37.46371],[126.44255,37.46363],[126.44253,37.46355]]}},{"type":"Feature","properties":{"k":"gate","ref":"364"},"geometry":{"type":"Point","coordinates":[126.44253,37.46355]}},{"type":"Feature","properties":{"k":"stand","ref":"364"},"geometry":{"type":"LineString","coordinates":[[126.44215,37.4639],[126.44215,37.46384],[126.44217,37.46377],[126.44221,37.4637],[126.44226,37.46365],[126.44234,37.4636],[126.44243,37.46356],[126.44253,37.46355],[126.44297,37.46306]]}},{"type":"Feature","properties":{"k":"gate","ref":"364"},"geometry":{"type":"Point","coordinates":[126.44297,37.46306]}},{"type":"Feature","properties":{"k":"stand","ref":"365"},"geometry":{"type":"LineString","coordinates":[[126.44148,37.46352],[126.44148,37.46347],[126.4415,37.4634],[126.44152,37.46336],[126.44155,37.46332],[126.44159,37.46327],[126.44166,37.46322],[126.44176,37.46319],[126.44187,37.46316],[126.4423,37.46268]]}},{"type":"Feature","properties":{"k":"gate","ref":"365"},"geometry":{"type":"Point","coordinates":[126.4423,37.46268]}},{"type":"Feature","properties":{"k":"stand","ref":"366"},"geometry":{"type":"LineString","coordinates":[[126.4409,37.46319],[126.44094,37.46318],[126.44102,37.46315],[126.44108,37.46312],[126.44112,37.46308],[126.44117,37.46302],[126.4412,37.46294],[126.4412,37.46289],[126.4412,37.46283],[126.44118,37.46279]]}},{"type":"Feature","properties":{"k":"gate","ref":"366"},"geometry":{"type":"Point","coordinates":[126.44118,37.46279]}},{"type":"Feature","properties":{"k":"stand","ref":"366"},"geometry":{"type":"LineString","coordinates":[[126.44082,37.46314],[126.44081,37.4631],[126.44082,37.46304],[126.44084,37.46299],[126.44088,37.46294],[126.44092,37.4629],[126.44099,37.46285],[126.44107,37.46281],[126.44113,37.46279],[126.44118,37.46279],[126.44152,37.46242]]}},{"type":"Feature","properties":{"k":"gate","ref":"366"},"geometry":{"type":"Point","coordinates":[126.44152,37.46242]}},{"type":"Feature","properties":{"k":"stand"},"geometry":{"type":"LineString","coordinates":[[126.44703,37.45994],[126.44763,37.45929]]}},{"type":"Feature","properties":{"k":"stand"},"geometry":{"type":"LineString","coordinates":[[126.44564,37.45917],[126.44623,37.4585]]}},{"type":"Feature","properties":{"k":"stand"},"geometry":{"type":"LineString","coordinates":[[126.44541,37.45804],[126.44484,37.45872]]}},{"type":"Feature","properties":{"k":"stand"},"geometry":{"type":"LineString","coordinates":[[126.44154,37.45683],[126.44211,37.45617]]}},{"type":"Feature","properties":{"k":"stand"},"geometry":{"type":"LineString","coordinates":[[126.45696,37.45132],[126.45703,37.45132],[126.45708,37.45133],[126.45714,37.45135],[126.45719,37.45137],[126.45724,37.4514],[126.45729,37.45144],[126.45731,37.45147],[126.45733,37.4515],[126.45735,37.45154],[126.45737,37.45157],[126.45738,37.45161],[126.45738,37.45166],[126.45737,37.45169],[126.45737,37.4517]]}},{"type":"Feature","properties":{"k":"stand"},"geometry":{"type":"LineString","coordinates":[[126.45644,37.45082],[126.45696,37.45132],[126.45696,37.45136],[126.45696,37.4514],[126.45697,37.45145],[126.45698,37.45148],[126.457,37.45152],[126.45703,37.45156],[126.45706,37.4516],[126.45709,37.45162],[126.45712,37.45164],[126.45716,37.45166],[126.4572,37.45168],[126.45724,37.45169],[126.45729,37.4517],[126.45735,37.45171],[126.45737,37.4517]]}},{"type":"Feature","properties":{"k":"stand"},"geometry":{"type":"LineString","coordinates":[[126.44871,37.45048],[126.44875,37.45049],[126.44878,37.45049],[126.44884,37.45051],[126.44889,37.45053],[126.44893,37.45056],[126.44896,37.45058],[126.449,37.45062],[126.44903,37.45065],[126.44905,37.45069],[126.44906,37.45074],[126.44907,37.45078],[126.44907,37.45081],[126.44907,37.45084],[126.44907,37.45087],[126.44906,37.4509],[126.44905,37.45093],[126.44903,37.45096],[126.44898,37.45101]]}},{"type":"Feature","properties":{"k":"stand"},"geometry":{"type":"LineString","coordinates":[[126.44865,37.45103],[126.44861,37.451],[126.44858,37.45095],[126.44856,37.45092],[126.44855,37.45091],[126.44854,37.45088],[126.44853,37.45083],[126.44853,37.45078],[126.44854,37.45072],[126.44855,37.45069],[126.44857,37.45065],[126.44859,37.45062],[126.44861,37.4506],[126.44864,37.45058],[126.44866,37.45055],[126.4487,37.45053],[126.44874,37.45051]]}},{"type":"Feature","properties":{"k":"stand"},"geometry":{"type":"LineString","coordinates":[[126.4481,37.44971],[126.44871,37.45048],[126.44874,37.45051],[126.44879,37.45058],[126.44899,37.45082],[126.44901,37.45086],[126.44898,37.45101]]}},{"type":"Feature","properties":{"k":"stand"},"geometry":{"type":"LineString","coordinates":[[126.44854,37.45107],[126.44854,37.451],[126.44852,37.45094],[126.44855,37.45091],[126.44879,37.45058],[126.44884,37.45051],[126.44888,37.45047],[126.44946,37.4497]]}},{"type":"Feature","properties":{"k":"stand"},"geometry":{"type":"LineString","coordinates":[[126.44802,37.4508],[126.44811,37.45082],[126.44818,37.45084],[126.44825,37.45088],[126.44831,37.45092],[126.44835,37.45097],[126.44838,37.45101],[126.44839,37.45106],[126.4484,37.45111],[126.4484,37.45115]]}},{"type":"Feature","properties":{"k":"stand"},"geometry":{"type":"LineString","coordinates":[[126.44831,37.45121],[126.44826,37.45119],[126.44819,37.45116],[126.44815,37.45114],[126.4481,37.4511],[126.44806,37.45106],[126.44804,37.45102],[126.44802,37.45098],[126.44801,37.45093],[126.44801,37.45088],[126.44802,37.4508],[126.44747,37.45019]]}},{"type":"Feature","properties":{"k":"stand"},"geometry":{"type":"LineString","coordinates":[[126.44736,37.45118],[126.44741,37.45119],[126.44746,37.4512],[126.44751,37.45122],[126.44755,37.45123],[126.44758,37.45126],[126.44761,37.45128],[126.44764,37.4513],[126.44767,37.45133],[126.44769,37.45136],[126.44771,37.45139],[126.44772,37.45142],[126.44773,37.45145],[126.44774,37.45149],[126.44773,37.45154]]}},{"type":"Feature","properties":{"k":"stand"},"geometry":{"type":"LineString","coordinates":[[126.44765,37.45159],[126.4476,37.45157],[126.44755,37.45155],[126.4475,37.45153],[126.44746,37.4515],[126.44743,37.45147],[126.4474,37.45144],[126.44738,37.45141],[126.44736,37.45137],[126.44735,37.45133],[126.44735,37.45131],[126.44735,37.45127],[126.44735,37.45123],[126.44736,37.45118],[126.44679,37.45056]]}},{"type":"Feature","properties":{"k":"stand"},"geometry":{"type":"LineString","coordinates":[[126.44664,37.45167],[126.44672,37.4517],[126.44678,37.45173],[126.44684,37.45178],[126.44687,37.45182],[126.44689,37.45186],[126.4469,37.45189],[126.44692,37.45194],[126.44692,37.45199],[126.44692,37.45201]]}},{"type":"Feature","properties":{"k":"stand"},"geometry":{"type":"LineString","coordinates":[[126.44659,37.45157],[126.44657,37.4516],[126.44655,37.45165],[126.44654,37.45168],[126.44654,37.45172],[126.44654,37.45176],[126.44655,37.45179],[126.44656,37.45183],[126.44658,37.45187],[126.4466,37.45191],[126.44663,37.45194],[126.44667,37.45197],[126.4467,37.452],[126.44674,37.45202],[126.44676,37.45202],[126.4468,37.45204],[126.44685,37.45205]]}},{"type":"Feature","properties":{"k":"stand"},"geometry":{"type":"LineString","coordinates":[[126.44568,37.4523],[126.44566,37.45228],[126.44562,37.45223],[126.44558,37.45217],[126.44557,37.4521],[126.44557,37.45205],[126.44558,37.452],[126.44561,37.45193],[126.44565,37.45188],[126.4457,37.45183],[126.44576,37.4518]]}},{"type":"Feature","properties":{"k":"stand"},"geometry":{"type":"LineString","coordinates":[[126.44562,37.45229],[126.44566,37.45228],[126.44571,37.45226],[126.44577,37.45222],[126.4458,37.45218],[126.44584,37.45213],[126.44586,37.45208],[126.44587,37.45204],[126.44588,37.45199],[126.44587,37.45193],[126.44585,37.45187],[126.44582,37.45182],[126.44576,37.45176]]}},{"type":"Feature","properties":{"k":"stand"},"geometry":{"type":"LineString","coordinates":[[126.44572,37.45231],[126.44571,37.45226],[126.4457,37.45217],[126.44576,37.4518],[126.44576,37.45176],[126.44583,37.45122]]}},{"type":"Feature","properties":{"k":"stand"},"geometry":{"type":"LineString","coordinates":[[126.44457,37.45178],[126.44462,37.45177],[126.44467,37.45175],[126.44472,37.45172],[126.44476,37.45169],[126.44479,37.45166],[126.44482,37.45162],[126.44484,37.45158],[126.44486,37.45154],[126.44487,37.4515],[126.44487,37.45145],[126.44486,37.4514],[126.44487,37.45138]]}},{"type":"Feature","properties":{"k":"stand"},"geometry":{"type":"LineString","coordinates":[[126.44448,37.45173],[126.44448,37.45169],[126.44448,37.45167],[126.44449,37.45164],[126.4445,37.4516],[126.44452,37.45157],[126.44454,37.45154],[126.44456,37.45151],[126.4446,37.45148],[126.44463,37.45145],[126.44468,37.45143],[126.44472,37.45141],[126.44477,37.45139],[126.44483,37.45138],[126.44487,37.45138],[126.44544,37.45083]]}},{"type":"Feature","properties":{"k":"stand"},"geometry":{"type":"LineString","coordinates":[[126.44416,37.45089],[126.44411,37.45088],[126.44406,37.45087],[126.444,37.45087],[126.44396,37.45087],[126.4439,37.45088],[126.44385,37.45089],[126.4438,37.45091],[126.44375,37.45093],[126.44372,37.45095],[126.44368,37.45098],[126.44365,37.45102],[126.44362,37.45106],[126.44361,37.45109],[126.44359,37.45116],[126.44364,37.45117],[126.4437,37.45117],[126.44376,37.45117],[126.44381,37.45116],[126.44386,37.45115],[126.4439,37.45113],[126.44394,37.45111],[126.44398,37.45109],[126.44402,37.45106],[126.44405,37.45103],[126.44407,37.45099],[126.44409,37.45095],[126.4441,37.45092]]}},{"type":"Feature","properties":{"k":"stand"},"geometry":{"type":"LineString","coordinates":[[126.44586,37.44533],[126.44591,37.44529],[126.44597,37.44527],[126.44603,37.44526],[126.44611,37.44527],[126.44617,37.44527],[126.44623,37.44528],[126.44628,37.4453],[126.44635,37.44534],[126.4464,37.44538],[126.44643,37.44542],[126.44646,37.44546]]}},{"type":"Feature","properties":{"k":"stand"},"geometry":{"type":"LineString","coordinates":[[126.44584,37.44539],[126.44586,37.44538],[126.44589,37.44538],[126.44594,37.44537],[126.446,37.44537],[126.44607,37.44537],[126.44616,37.44539]]}},{"type":"Feature","properties":{"k":"stand"},"geometry":{"type":"LineString","coordinates":[[126.44646,37.44546],[126.44616,37.44539],[126.44612,37.44539],[126.44607,37.4454],[126.44602,37.44542],[126.44596,37.44544],[126.44589,37.44549],[126.44579,37.44556]]}},{"type":"Feature","properties":{"k":"stand"},"geometry":{"type":"LineString","coordinates":[[126.44646,37.44546],[126.44725,37.44563]]}},{"type":"Feature","properties":{"k":"stand"},"geometry":{"type":"LineString","coordinates":[[126.44579,37.4462],[126.44587,37.44615],[126.44594,37.44612],[126.44601,37.4461],[126.44608,37.4461],[126.44616,37.44611],[126.44623,37.44612],[126.4463,37.44615],[126.44635,37.44618],[126.44638,37.4462]]}},{"type":"Feature","properties":{"k":"stand"},"geometry":{"type":"LineString","coordinates":[[126.44579,37.44628],[126.44585,37.4463],[126.4459,37.44632],[126.44597,37.44634],[126.44605,37.44634],[126.44612,37.44634],[126.4462,37.44632],[126.44628,37.44628],[126.44634,37.44624],[126.44638,37.4462]]}},{"type":"Feature","properties":{"k":"stand"},"geometry":{"type":"LineString","coordinates":[[126.44579,37.44624],[126.44638,37.4462],[126.4473,37.44616]]}},{"type":"Feature","properties":{"k":"stand"},"geometry":{"type":"LineString","coordinates":[[126.44613,37.44769],[126.44616,37.44765],[126.44621,37.44761],[126.44626,37.44758],[126.44633,37.44756],[126.44641,37.44754],[126.44648,37.44753],[126.4465,37.44753],[126.44654,37.44753],[126.44659,37.44754],[126.44664,37.44755],[126.44668,37.44757],[126.44671,37.44758]]}},{"type":"Feature","properties":{"k":"stand"},"geometry":{"type":"LineString","coordinates":[[126.44617,37.44776],[126.44625,37.44778],[126.4463,37.44779],[126.44635,37.44779],[126.44641,37.44778],[126.44646,37.44777],[126.4465,37.44776],[126.44656,37.44774],[126.44661,37.4477],[126.44664,37.44768],[126.44667,37.44764],[126.44671,37.44758],[126.44758,37.44736]]}},{"type":"Feature","properties":{"k":"stand"},"geometry":{"type":"LineString","coordinates":[[126.44669,37.44809],[126.44736,37.4482],[126.44737,37.4482],[126.44743,37.44816],[126.44746,37.44812],[126.44748,37.44808],[126.44748,37.44808],[126.44749,37.44808],[126.44779,37.448]]}},{"type":"Feature","properties":{"k":"stand"},"geometry":{"type":"LineString","coordinates":[[126.44618,37.44792],[126.44623,37.44791],[126.44628,37.4479],[126.44635,37.4479],[126.44642,37.44791],[126.44648,37.44793],[126.44654,37.44796],[126.4466,37.448],[126.44665,37.44805],[126.44669,37.44809]]}},{"type":"Feature","properties":{"k":"stand"},"geometry":{"type":"LineString","coordinates":[[126.44613,37.44806],[126.44617,37.44809],[126.44626,37.44813],[126.44635,37.44815],[126.44642,37.44816],[126.44653,37.44815],[126.44662,37.44813],[126.44669,37.44809]]}},{"type":"Feature","properties":{"k":"stand"},"geometry":{"type":"LineString","coordinates":[[126.44612,37.44807],[126.4462,37.44808],[126.44628,37.44809],[126.44633,37.4481],[126.44638,37.44813],[126.44641,37.44815],[126.44646,37.44818],[126.4465,37.44823],[126.44653,37.44827],[126.44655,37.44832],[126.44656,37.44837],[126.44657,37.44842]]}},{"type":"Feature","properties":{"k":"stand"},"geometry":{"type":"LineString","coordinates":[[126.44603,37.44817],[126.4461,37.44824],[126.44615,37.44828],[126.44621,37.44831],[126.44627,37.44833],[126.44632,37.44834],[126.4464,37.44835],[126.44647,37.44835],[126.44657,37.44842],[126.44742,37.44903]]}},{"type":"Feature","properties":{"k":"stand"},"geometry":{"type":"LineString","coordinates":[[126.4459,37.44696],[126.44594,37.44692],[126.44599,37.44688],[126.44605,37.44686],[126.44612,37.44683],[126.44618,37.44683],[126.44626,37.44682],[126.44634,37.44683],[126.44641,37.44685],[126.4465,37.4469]]}},{"type":"Feature","properties":{"k":"stand"},"geometry":{"type":"LineString","coordinates":[[126.44592,37.44702],[126.44599,37.44705],[126.44606,37.44706],[126.44616,37.44707],[126.44625,37.44706],[126.44633,37.44703],[126.44641,37.44699],[126.44646,37.44694],[126.4465,37.4469]]}},{"type":"Feature","properties":{"k":"stand"},"geometry":{"type":"LineString","coordinates":[[126.4459,37.44696],[126.44602,37.44696],[126.44608,37.44696],[126.4465,37.4469],[126.44739,37.44677]]}},{"type":"Feature","properties":{"k":"stand"},"geometry":{"type":"LineString","coordinates":[[126.44575,37.44835],[126.44582,37.44837],[126.44588,37.44839],[126.44594,37.44843],[126.44598,37.44847],[126.44602,37.44852],[126.44605,37.44858],[126.44606,37.44864],[126.44606,37.4487],[126.44605,37.44875]]}},{"type":"Feature","properties":{"k":"stand"},"geometry":{"type":"LineString","coordinates":[[126.44664,37.44941],[126.44605,37.44875],[126.44598,37.44874],[126.44592,37.44873],[126.44585,37.4487],[126.44578,37.44865],[126.44574,37.44861],[126.4457,37.44856],[126.44568,37.44851],[126.44567,37.44845],[126.44567,37.4484]]}},{"type":"Feature","properties":{"k":"stand"},"geometry":{"type":"LineString","coordinates":[[126.44499,37.44878],[126.44499,37.44883],[126.44499,37.44887],[126.44501,37.44891],[126.44504,37.44897],[126.44507,37.44901],[126.44513,37.44906],[126.44518,37.44909],[126.44525,37.44911],[126.44532,37.44913],[126.44538,37.44914]]}},{"type":"Feature","properties":{"k":"stand"},"geometry":{"type":"LineString","coordinates":[[126.44594,37.44977],[126.44538,37.44914],[126.44538,37.44909],[126.44539,37.44902],[126.44537,37.44895],[126.44534,37.4489],[126.44533,37.44888],[126.44529,37.44884],[126.44523,37.44879],[126.44518,37.44876],[126.44508,37.44873]]}},{"type":"Feature","properties":{"k":"stand"},"geometry":{"type":"LineString","coordinates":[[126.44417,37.44926],[126.44417,37.44931],[126.44418,37.44936],[126.44421,37.44942],[126.44425,37.44947],[126.4443,37.44952],[126.44436,37.44956],[126.44442,37.44958],[126.44447,37.44959],[126.44454,37.4496],[126.4446,37.4496],[126.44467,37.4496],[126.44474,37.44959]]}},{"type":"Feature","properties":{"k":"stand"},"geometry":{"type":"LineString","coordinates":[[126.44537,37.44988],[126.44474,37.44959],[126.44452,37.44949],[126.44451,37.44944],[126.44448,37.4494],[126.44444,37.44935],[126.44439,37.4493],[126.44434,37.44927],[126.44428,37.44925],[126.44422,37.44923]]}},{"type":"Feature","properties":{"k":"stand"},"geometry":{"type":"LineString","coordinates":[[126.44331,37.45015],[126.44334,37.45013],[126.44338,37.45011],[126.44344,37.45009],[126.4435,37.45008],[126.44357,37.45007],[126.44363,37.45007],[126.44368,37.45008],[126.44373,37.4501],[126.44379,37.45012],[126.44387,37.45017]]}},{"type":"Feature","properties":{"k":"stand"},"geometry":{"type":"LineString","coordinates":[[126.44333,37.45011],[126.44334,37.45013],[126.4434,37.4502],[126.44343,37.45023],[126.44347,37.45025],[126.44352,37.45027],[126.44358,37.45029],[126.44363,37.4503],[126.44369,37.4503],[126.44376,37.4503],[126.44383,37.45029],[126.4439,37.45026],[126.44396,37.45023],[126.444,37.4502],[126.44403,37.45016]]}},{"type":"Feature","properties":{"k":"stand"},"geometry":{"type":"LineString","coordinates":[[126.44354,37.4511],[126.44361,37.45109],[126.44366,37.45108],[126.44371,37.45107],[126.44379,37.45104],[126.4441,37.45092],[126.44416,37.45089],[126.44503,37.45054]]}},{"type":"Feature","properties":{"k":"stand"},"geometry":{"type":"LineString","coordinates":[[126.4574,37.44985],[126.45743,37.44979],[126.45745,37.44976],[126.45751,37.44971],[126.45757,37.44967],[126.45765,37.44963],[126.45773,37.44962],[126.45782,37.44962],[126.45791,37.44962],[126.45797,37.44965]]}},{"type":"Feature","properties":{"k":"stand"},"geometry":{"type":"LineString","coordinates":[[126.45675,37.45007],[126.4574,37.44985],[126.45745,37.44987],[126.45751,37.44989],[126.45761,37.44989],[126.45766,37.44988],[126.45775,37.44986],[126.45783,37.44982],[126.45791,37.44976],[126.45794,37.44972],[126.45797,37.44965]]}},{"type":"Feature","properties":{"k":"stand"},"geometry":{"type":"LineString","coordinates":[[126.45652,37.44981],[126.457,37.44933],[126.45699,37.44928],[126.457,37.44923],[126.45702,37.44919],[126.45706,37.44914],[126.45711,37.44909]]}},{"type":"Feature","properties":{"k":"stand"},"geometry":{"type":"LineString","coordinates":[[126.45751,37.45059],[126.45756,37.45056],[126.45761,37.45054],[126.45769,37.45052],[126.45779,37.45051],[126.45789,37.45052],[126.45797,37.45055],[126.45804,37.45059],[126.45809,37.45063],[126.45812,37.45068]]}},{"type":"Feature","properties":{"k":"stand"},"geometry":{"type":"LineString","coordinates":[[126.45677,37.45049],[126.45751,37.45059],[126.45756,37.45064],[126.45763,37.45069],[126.45771,37.45073],[126.45779,37.45075],[126.45788,37.45076],[126.45798,37.45075],[126.45807,37.45071],[126.45812,37.45068]]}},{"type":"Feature","properties":{"k":"stand"},"geometry":{"type":"LineString","coordinates":[[126.45624,37.45211],[126.45615,37.45185],[126.45609,37.45166],[126.45612,37.45167],[126.45615,37.45168],[126.45619,37.45172],[126.45623,37.45175],[126.45626,37.45178],[126.45628,37.45181],[126.4563,37.45185],[126.45632,37.4519],[126.45633,37.45193],[126.45633,37.45196],[126.45633,37.45199],[126.45632,37.45201],[126.45631,37.45204],[126.45631,37.45206],[126.45629,37.4521]]}},{"type":"Feature","properties":{"k":"stand"},"geometry":{"type":"LineString","coordinates":[[126.45619,37.45212],[126.45615,37.45209],[126.45613,37.45208],[126.4561,37.45205],[126.45607,37.45202],[126.45605,37.45198],[126.45603,37.45195],[126.45602,37.45191],[126.45601,37.45189],[126.45601,37.45186],[126.45601,37.45182],[126.45602,37.45178],[126.45603,37.45174],[126.45605,37.45171],[126.45607,37.45168],[126.45609,37.45166],[126.45586,37.45096]]}},{"type":"Feature","properties":{"k":"stand"},"geometry":{"type":"LineString","coordinates":[[126.45534,37.45226],[126.45537,37.45225],[126.4554,37.45221],[126.45542,37.45214],[126.45543,37.45208],[126.45542,37.45204],[126.45541,37.45201],[126.4554,37.45196],[126.45537,37.45192],[126.45533,37.45187],[126.45528,37.45183],[126.45523,37.4518]]}},{"type":"Feature","properties":{"k":"stand"},"geometry":{"type":"LineString","coordinates":[[126.45534,37.45226],[126.4553,37.45217],[126.45523,37.4518],[126.45509,37.45108]]}},{"type":"Feature","properties":{"k":"stand"},"geometry":{"type":"LineString","coordinates":[[126.45444,37.45233],[126.4545,37.45224],[126.45452,37.45218],[126.45452,37.45211],[126.45451,37.45206],[126.45447,37.45198],[126.45441,37.45192],[126.45436,37.45187]]}},{"type":"Feature","properties":{"k":"stand"},"geometry":{"type":"LineString","coordinates":[[126.45433,37.45234],[126.45429,37.4523],[126.45426,37.45225],[126.45422,37.45219],[126.45422,37.45211],[126.45423,37.45203],[126.45426,37.45197],[126.4543,37.45192],[126.45436,37.45187],[126.45432,37.45116]]}},{"type":"Feature","properties":{"k":"stand"},"geometry":{"type":"LineString","coordinates":[[126.45377,37.45196],[126.45384,37.45196],[126.45392,37.45197],[126.45399,37.45199],[126.45404,37.45202],[126.45408,37.45205],[126.45413,37.45209],[126.45415,37.45213],[126.45418,37.45217],[126.4542,37.45222],[126.45421,37.45227],[126.4542,37.45235]]}},{"type":"Feature","properties":{"k":"stand"},"geometry":{"type":"LineString","coordinates":[[126.45397,37.4523],[126.45394,37.45225],[126.45393,37.45218],[126.45392,37.45209],[126.45377,37.45196],[126.45336,37.45161],[126.45338,37.45156],[126.4534,37.4515],[126.45344,37.45145],[126.45349,37.4514],[126.45349,37.45115]]}},{"type":"Feature","properties":{"k":"stand"},"geometry":{"type":"LineString","coordinates":[[126.45343,37.45217],[126.4535,37.45214],[126.45357,37.45214],[126.45365,37.45214],[126.45372,37.45215],[126.4538,37.45216],[126.45386,37.4522],[126.45392,37.45224],[126.45397,37.4523],[126.45402,37.45242]]}},{"type":"Feature","properties":{"k":"stand"},"geometry":{"type":"LineString","coordinates":[[126.45247,37.4518],[126.45343,37.45217],[126.45366,37.45225],[126.45368,37.4523],[126.45372,37.45235],[126.45377,37.4524],[126.45381,37.45243],[126.45387,37.45246],[126.45392,37.45248]]}},{"type":"Feature","properties":{"k":"stand"},"geometry":{"type":"LineString","coordinates":[[126.45317,37.45271],[126.45322,37.45269],[126.4533,37.45267],[126.45337,37.45265],[126.45346,37.45266],[126.45354,37.45267],[126.45361,37.4527],[126.45368,37.45274],[126.45374,37.4528]]}},{"type":"Feature","properties":{"k":"stand"},"geometry":{"type":"LineString","coordinates":[[126.4522,37.45249],[126.45317,37.45271],[126.45322,37.45278],[126.45326,37.45282],[126.45335,37.45287],[126.45344,37.4529],[126.45353,37.45291],[126.45361,37.45291],[126.45371,37.45289]]}},{"type":"Feature","properties":{"k":"stand"},"geometry":{"type":"LineString","coordinates":[[126.45293,37.45334],[126.45299,37.45332],[126.45305,37.4533],[126.45312,37.45329],[126.45321,37.45329],[126.45329,37.4533],[126.45335,37.45332],[126.45341,37.45335],[126.45347,37.45339],[126.45351,37.45343]]}},{"type":"Feature","properties":{"k":"stand"},"geometry":{"type":"LineString","coordinates":[[126.45203,37.45314],[126.45293,37.45334],[126.45298,37.4534],[126.45304,37.45345],[126.4531,37.45349],[126.45316,37.45351],[126.45323,37.45353],[126.4533,37.45354],[126.45337,37.45353],[126.45348,37.45351]]}},{"type":"Feature","properties":{"k":"stand"},"geometry":{"type":"LineString","coordinates":[[126.45276,37.45397],[126.45281,37.45396],[126.45287,37.45395],[126.45294,37.45394],[126.45302,37.45395],[126.45308,37.45397],[126.45315,37.454],[126.45323,37.45404],[126.45326,37.45409],[126.45326,37.45414]]}},{"type":"Feature","properties":{"k":"stand"},"geometry":{"type":"LineString","coordinates":[[126.45267,37.45394],[126.45271,37.45401],[126.45276,37.45407],[126.45281,37.45411],[126.45288,37.45415],[126.45294,37.45417],[126.45304,37.45419],[126.45312,37.45419],[126.45319,37.45418],[126.45323,37.45417],[126.45326,37.45414]]}},{"type":"Feature","properties":{"k":"stand"},"geometry":{"type":"LineString","coordinates":[[126.45204,37.45368],[126.45267,37.45394],[126.45276,37.45397],[126.45314,37.45412],[126.4532,37.45413],[126.45326,37.45414],[126.45337,37.45414],[126.45346,37.45413],[126.45354,37.4541],[126.45363,37.45409],[126.45369,37.45409],[126.45374,37.45409],[126.45382,37.4541],[126.45396,37.45413]]}},{"type":"Feature","properties":{"k":"stand"},"geometry":{"type":"LineString","coordinates":[[126.45238,37.4546],[126.45242,37.45459],[126.45247,37.45458],[126.45252,37.45459],[126.45258,37.45459],[126.45263,37.4546],[126.45268,37.45462],[126.45274,37.45465],[126.45276,37.45467],[126.45278,37.45468],[126.45282,37.45471],[126.45285,37.45475],[126.45288,37.4548],[126.45291,37.45488]]}},{"type":"Feature","properties":{"k":"stand"},"geometry":{"type":"LineString","coordinates":[[126.45291,37.45488],[126.45281,37.45489],[126.45276,37.45489],[126.45271,37.45488],[126.45265,37.45487],[126.45259,37.45485],[126.45253,37.45482],[126.45249,37.45479],[126.45244,37.45475],[126.4524,37.45467],[126.45238,37.45464],[126.45238,37.4546],[126.45237,37.45456]]}},{"type":"Feature","properties":{"k":"stand"},"geometry":{"type":"LineString","coordinates":[[126.45169,37.45409],[126.45237,37.45456],[126.45242,37.45459],[126.45264,37.45474],[126.45269,37.45477],[126.45273,37.45481],[126.45278,37.45486],[126.45281,37.45489],[126.45284,37.45496],[126.45287,37.45505],[126.45287,37.45512],[126.45286,37.45517],[126.45284,37.45528]]}},{"type":"Feature","properties":{"k":"stand"},"geometry":{"type":"LineString","coordinates":[[126.44697,37.44481],[126.44697,37.44479],[126.44695,37.44471],[126.44692,37.44466],[126.44689,37.44462],[126.44684,37.44457],[126.44676,37.44452],[126.44671,37.4445],[126.44665,37.44449],[126.44656,37.44447]]}},{"type":"Feature","properties":{"k":"stand"},"geometry":{"type":"LineString","coordinates":[[126.44697,37.44481],[126.44705,37.44486],[126.4477,37.44529]]}},{"type":"Feature","properties":{"k":"stand"},"geometry":{"type":"LineString","coordinates":[[126.44656,37.44447],[126.44656,37.44458],[126.44656,37.44462],[126.44659,37.44468],[126.44665,37.44475],[126.44672,37.4448],[126.44678,37.44483],[126.44686,37.44485],[126.44698,37.44486],[126.44705,37.44486]]}},{"type":"Feature","properties":{"k":"stand"},"geometry":{"type":"LineString","coordinates":[[126.448,37.44463],[126.44797,37.44453],[126.448,37.4445],[126.44803,37.44445],[126.44804,37.4444],[126.44805,37.44435],[126.44805,37.44428],[126.44803,37.44423],[126.44799,37.44416],[126.44795,37.44412],[126.44791,37.44409]]}},{"type":"Feature","properties":{"k":"stand"},"geometry":{"type":"LineString","coordinates":[[126.44791,37.44409],[126.44786,37.44411],[126.44782,37.44416],[126.44779,37.4442],[126.44777,37.44426],[126.44777,37.4443],[126.44776,37.44435],[126.44778,37.44442],[126.4478,37.44447],[126.44784,37.44452],[126.44788,37.44456],[126.44794,37.4446],[126.448,37.44463],[126.44818,37.44525]]}},{"type":"Feature","properties":{"k":"stand"},"geometry":{"type":"LineString","coordinates":[[126.44882,37.44561],[126.44891,37.44505],[126.44889,37.44466],[126.44887,37.44442],[126.4488,37.44423]]}},{"type":"Feature","properties":{"k":"stand","ref":"262"},"geometry":{"type":"LineString","coordinates":[[126.4428,37.46688],[126.4429,37.46682],[126.44298,37.46681],[126.44306,37.4668],[126.44315,37.46681],[126.44324,37.46684],[126.44331,37.46688],[126.44338,37.46694],[126.44342,37.46699],[126.44344,37.46705]]}},{"type":"Feature","properties":{"k":"gate","ref":"262"},"geometry":{"type":"Point","coordinates":[126.44344,37.46705]}},{"type":"Feature","properties":{"k":"stand","ref":"262"},"geometry":{"type":"LineString","coordinates":[[126.44183,37.46668],[126.4428,37.46688],[126.44318,37.46696],[126.44328,37.46697],[126.44338,37.46697],[126.44345,37.46695],[126.44352,37.46693],[126.44357,37.4669]]}},{"type":"Feature","properties":{"k":"gate","ref":"262"},"geometry":{"type":"Point","coordinates":[126.44357,37.4669]}},{"type":"Feature","properties":{"k":"stand","ref":"263"},"geometry":{"type":"LineString","coordinates":[[126.44238,37.46745],[126.44245,37.46744],[126.44255,37.46744],[126.44267,37.46747],[126.44274,37.46751],[126.4428,37.46756],[126.44284,37.46761],[126.44288,37.46767]]}},{"type":"Feature","properties":{"k":"gate","ref":"263"},"geometry":{"type":"Point","coordinates":[126.44288,37.46767]}},{"type":"Feature","properties":{"k":"stand","ref":"263"},"geometry":{"type":"LineString","coordinates":[[126.44171,37.4671],[126.44238,37.46745],[126.44238,37.46748],[126.44239,37.46752],[126.44241,37.46757],[126.44245,37.46761],[126.44249,37.46765],[126.44255,37.46769],[126.44261,37.46772],[126.44267,37.46774],[126.44275,37.46775],[126.44281,37.46775]]}},{"type":"Feature","properties":{"k":"gate","ref":"263"},"geometry":{"type":"Point","coordinates":[126.44281,37.46775]}},{"type":"Feature","properties":{"k":"stand","ref":"264"},"geometry":{"type":"LineString","coordinates":[[126.44221,37.46831],[126.44218,37.46823],[126.44215,37.46817],[126.4421,37.46811],[126.44203,37.46807],[126.44194,37.46802],[126.44186,37.46801],[126.44179,37.468],[126.44177,37.46798],[126.44121,37.46748]]}},{"type":"Feature","properties":{"k":"gate","ref":"264"},"geometry":{"type":"Point","coordinates":[126.44121,37.46748]}},{"type":"Feature","properties":{"k":"stand","ref":"265"},"geometry":{"type":"LineString","coordinates":[[126.44145,37.46888],[126.44143,37.4688],[126.44139,37.46873],[126.44134,37.46868],[126.44128,37.46863],[126.4412,37.4686],[126.44111,37.46858],[126.44105,37.46857],[126.44101,37.46854],[126.44041,37.46801]]}},{"type":"Feature","properties":{"k":"gate","ref":"265"},"geometry":{"type":"Point","coordinates":[126.44041,37.46801]}},{"type":"Feature","properties":{"k":"stand","ref":"266"},"geometry":{"type":"LineString","coordinates":[[126.43962,37.46841],[126.44035,37.46906],[126.44037,37.46908],[126.44048,37.46909],[126.44055,37.46911],[126.44062,37.46915],[126.44068,37.46919],[126.44073,37.46924],[126.44075,37.46929],[126.44077,37.46933],[126.44078,37.46939]]}},{"type":"Feature","properties":{"k":"gate","ref":"266"},"geometry":{"type":"Point","coordinates":[126.44078,37.46939]}},{"type":"Feature","properties":{"k":"stand","ref":"268"},"geometry":{"type":"LineString","coordinates":[[126.439,37.47008],[126.43907,37.47007],[126.43915,37.47007],[126.43922,37.47009],[126.43929,37.47011],[126.43935,37.47014],[126.4394,37.47018],[126.43945,37.47022],[126.43949,37.4703],[126.43951,37.47037]]}},{"type":"Feature","properties":{"k":"gate","ref":"268"},"geometry":{"type":"Point","coordinates":[126.43951,37.47037]}},{"type":"Feature","properties":{"k":"stand","ref":"501"},"geometry":{"type":"LineString","coordinates":[[126.43898,37.47088],[126.43909,37.47089],[126.43919,37.47091],[126.43927,37.47095],[126.43935,37.47102],[126.4394,37.47111],[126.43942,37.47119]]}},{"type":"Feature","properties":{"k":"gate","ref":"501"},"geometry":{"type":"Point","coordinates":[126.43942,37.47119]}},{"type":"Feature","properties":{"k":"stand","ref":"501"},"geometry":{"type":"LineString","coordinates":[[126.43891,37.47096],[126.43896,37.47104],[126.43902,37.4711],[126.43911,37.47115],[126.4392,37.47119],[126.43931,37.4712],[126.43942,37.47119],[126.44013,37.47159]]}},{"type":"Feature","properties":{"k":"gate","ref":"501"},"geometry":{"type":"Point","coordinates":[126.44013,37.47159]}},{"type":"Feature","properties":{"k":"stand","ref":"502"},"geometry":{"type":"LineString","coordinates":[[126.43844,37.47149],[126.43851,37.47149],[126.43857,37.4715],[126.43863,37.47151],[126.43869,37.47153],[126.43874,37.47156],[126.43878,37.47159],[126.43882,37.47162],[126.43885,37.47166],[126.43888,37.4717],[126.43889,37.47175],[126.4389,37.47179]]}},{"type":"Feature","properties":{"k":"gate","ref":"502"},"geometry":{"type":"Point","coordinates":[126.4389,37.47179]}},{"type":"Feature","properties":{"k":"stand","ref":"502"},"geometry":{"type":"LineString","coordinates":[[126.43839,37.47155],[126.43839,37.47159],[126.4384,37.47161],[126.43843,37.47165],[126.43846,37.47168],[126.4385,37.47172],[126.43854,37.47174],[126.43859,37.47177],[126.43864,37.47178],[126.43869,37.4718],[126.43875,37.4718],[126.4388,37.47181],[126.43886,37.4718],[126.4389,37.47179],[126.43957,37.47217]]}},{"type":"Feature","properties":{"k":"gate","ref":"502"},"geometry":{"type":"Point","coordinates":[126.43957,37.47217]}},{"type":"Feature","properties":{"k":"stand","ref":"503"},"geometry":{"type":"LineString","coordinates":[[126.43794,37.47206],[126.438,37.47206],[126.43806,37.47206],[126.43814,37.47208],[126.4382,37.4721],[126.43827,37.47214],[126.43832,37.47217],[126.43836,37.47221],[126.43838,37.47224],[126.43841,37.47229],[126.43842,37.47235]]}},{"type":"Feature","properties":{"k":"gate","ref":"503"},"geometry":{"type":"Point","coordinates":[126.43842,37.47235]}},{"type":"Feature","properties":{"k":"stand","ref":"503"},"geometry":{"type":"LineString","coordinates":[[126.43789,37.47213],[126.43792,37.47217],[126.43796,37.47223],[126.43802,37.47228],[126.43808,37.47231],[126.43815,37.47234],[126.43822,37.47235],[126.43828,37.47236],[126.43835,37.47236],[126.43842,37.47235],[126.43908,37.47272]]}},{"type":"Feature","properties":{"k":"gate","ref":"503"},"geometry":{"type":"Point","coordinates":[126.43908,37.47272]}},{"type":"Feature","properties":{"k":"stand","ref":"504"},"geometry":{"type":"LineString","coordinates":[[126.43752,37.4726],[126.4376,37.47261],[126.4377,37.47262],[126.43776,37.47264],[126.43783,37.47268],[126.43787,37.47271],[126.43793,37.47277],[126.43797,37.47285],[126.43798,37.4729]]}},{"type":"Feature","properties":{"k":"gate","ref":"504"},"geometry":{"type":"Point","coordinates":[126.43798,37.4729]}},{"type":"Feature","properties":{"k":"stand","ref":"504"},"geometry":{"type":"LineString","coordinates":[[126.43746,37.47268],[126.43749,37.47273],[126.43753,37.47278],[126.43758,37.47282],[126.43764,37.47286],[126.43775,37.47289],[126.43784,37.47291],[126.43798,37.4729],[126.4386,37.47325]]}},{"type":"Feature","properties":{"k":"gate","ref":"504"},"geometry":{"type":"Point","coordinates":[126.4386,37.47325]}},{"type":"Feature","properties":{"k":"stand","ref":"505"},"geometry":{"type":"LineString","coordinates":[[126.43712,37.47313],[126.43722,37.47312],[126.43731,37.47313],[126.43739,37.47316],[126.43747,37.47321],[126.43753,37.47326],[126.43757,37.47332],[126.43759,37.47336],[126.4376,37.47342]]}},{"type":"Feature","properties":{"k":"gate","ref":"505"},"geometry":{"type":"Point","coordinates":[126.4376,37.47342]}},{"type":"Feature","properties":{"k":"stand","ref":"505"},"geometry":{"type":"LineString","coordinates":[[126.43707,37.4732],[126.4371,37.47326],[126.43715,37.47332],[126.43721,37.47335],[126.43728,37.47339],[126.43734,37.4734],[126.43742,37.47342],[126.4375,37.47341],[126.43757,37.47341],[126.4376,37.47342],[126.43818,37.47375]]}},{"type":"Feature","properties":{"k":"gate","ref":"505"},"geometry":{"type":"Point","coordinates":[126.43818,37.47375]}},{"type":"Feature","properties":{"k":"stand","ref":"506"},"geometry":{"type":"LineString","coordinates":[[126.43682,37.47355],[126.43693,37.47353],[126.437,37.47354],[126.43706,37.47355],[126.43713,37.47357],[126.4372,37.47362],[126.43724,37.47367],[126.43728,37.47376],[126.43729,37.47384]]}},{"type":"Feature","properties":{"k":"gate","ref":"506"},"geometry":{"type":"Point","coordinates":[126.43729,37.47384]}},{"type":"Feature","properties":{"k":"stand","ref":"506"},"geometry":{"type":"LineString","coordinates":[[126.43676,37.47363],[126.4368,37.47368],[126.43684,37.47373],[126.43691,37.47378],[126.43699,37.47381],[126.43706,37.47383],[126.43713,37.47383],[126.4372,37.47383],[126.43726,37.47383],[126.43729,37.47384],[126.43782,37.47414]]}},{"type":"Feature","properties":{"k":"gate","ref":"506"},"geometry":{"type":"Point","coordinates":[126.43782,37.47414]}},{"type":"Feature","properties":{"k":"stand","ref":"507"},"geometry":{"type":"LineString","coordinates":[[126.43659,37.47387],[126.43668,37.47387],[126.43677,37.47388],[126.43685,37.4739],[126.43692,37.47394],[126.43698,37.47398],[126.43702,37.47402],[126.43705,37.47407],[126.43707,37.47412],[126.43708,37.47417]]}},{"type":"Feature","properties":{"k":"gate","ref":"507"},"geometry":{"type":"Point","coordinates":[126.43708,37.47417]}},{"type":"Feature","properties":{"k":"stand","ref":"507"},"geometry":{"type":"LineString","coordinates":[[126.43653,37.47396],[126.43658,37.47401],[126.43662,37.47406],[126.43669,37.4741],[126.43677,37.47414],[126.43684,37.47416],[126.4369,37.47416],[126.43697,37.47416],[126.43704,37.47415],[126.43708,37.47417],[126.43756,37.47444]]}},{"type":"Feature","properties":{"k":"gate","ref":"507"},"geometry":{"type":"Point","coordinates":[126.43756,37.47444]}},{"type":"Feature","properties":{"k":"stand","ref":"267"},"geometry":{"type":"LineString","coordinates":[[126.43967,37.46957],[126.43974,37.46956],[126.43981,37.46957],[126.43987,37.46958],[126.43993,37.4696],[126.43999,37.46965],[126.44005,37.46969],[126.4401,37.46975],[126.44012,37.4698],[126.44014,37.46987]]}},{"type":"Feature","properties":{"k":"gate","ref":"267"},"geometry":{"type":"Point","coordinates":[126.44014,37.46987]}},{"type":"Feature","properties":{"k":"stand","ref":"267"},"geometry":{"type":"LineString","coordinates":[[126.43884,37.46896],[126.43967,37.46957],[126.43969,37.46958],[126.4397,37.46964],[126.43971,37.46969],[126.43973,37.46975],[126.43977,37.46979],[126.4398,37.46983],[126.43985,37.46986],[126.43991,37.46989],[126.43998,37.46992],[126.44005,37.46993]]}},{"type":"Feature","properties":{"k":"gate","ref":"267"},"geometry":{"type":"Point","coordinates":[126.44005,37.46993]}},{"type":"Feature","properties":{"k":"stand"},"geometry":{"type":"LineString","coordinates":[[128.94284,35.18208],[128.94286,35.18213],[128.94288,35.18218],[128.9429,35.18223],[128.94293,35.18228],[128.94298,35.18233],[128.94301,35.18235],[128.94305,35.18238],[128.94308,35.1824],[128.94313,35.18242],[128.94317,35.18243],[128.94321,35.18244]]}},{"type":"Feature","properties":{"k":"stand"},"geometry":{"type":"LineString","coordinates":[[128.9427,35.19188],[128.94266,35.19189],[128.94263,35.19191],[128.9426,35.19192],[128.94258,35.19194],[128.94256,35.19195],[128.94253,35.19198],[128.94251,35.192],[128.94249,35.19205]]}},{"type":"Feature","properties":{"k":"stand"},"geometry":{"type":"LineString","coordinates":[[128.9423,35.19184],[128.94234,35.19186],[128.94237,35.19187],[128.9424,35.19189],[128.94242,35.1919],[128.94243,35.19192],[128.94245,35.19195],[128.94247,35.19198],[128.94248,35.19201],[128.94249,35.19205],[128.94245,35.19248]]}},{"type":"Feature","properties":{"k":"stand"},"geometry":{"type":"LineString","coordinates":[[128.94212,35.19183],[128.94206,35.19184],[128.94203,35.19186],[128.94198,35.19188],[128.94196,35.1919],[128.94193,35.19193],[128.94191,35.19195],[128.94189,35.19199]]}},{"type":"Feature","properties":{"k":"stand"},"geometry":{"type":"LineString","coordinates":[[128.94169,35.19179],[128.94175,35.19182],[128.94179,35.19184],[128.94183,35.19187],[128.94186,35.19191],[128.94188,35.19196],[128.94189,35.19199],[128.94183,35.19249]]}},{"type":"Feature","properties":{"k":"stand"},"geometry":{"type":"LineString","coordinates":[[128.94237,35.19316],[128.94238,35.19317],[128.94238,35.19319],[128.94239,35.19323],[128.94241,35.19326],[128.94242,35.19328],[128.94244,35.1933],[128.94247,35.19333],[128.94251,35.19335],[128.94255,35.19336],[128.94258,35.19338]]}},{"type":"Feature","properties":{"k":"stand"},"geometry":{"type":"LineString","coordinates":[[128.94176,35.19312],[128.94177,35.19316],[128.94178,35.19318],[128.94179,35.19321],[128.94181,35.19323],[128.94183,35.19325],[128.94186,35.19328],[128.94189,35.1933],[128.94192,35.19331],[128.94196,35.19333]]}},{"type":"Feature","properties":{"k":"stand"},"geometry":{"type":"LineString","coordinates":[[128.9415,35.19329],[128.94156,35.19328],[128.9416,35.19327],[128.94163,35.19325],[128.94167,35.19323],[128.9417,35.1932],[128.94173,35.19317],[128.94176,35.19312],[128.94182,35.19267]]}},{"type":"Feature","properties":{"k":"stand"},"geometry":{"type":"LineString","coordinates":[[128.95056,35.16809],[128.9505,35.16808],[128.95045,35.16806],[128.9504,35.16804],[128.95034,35.16801],[128.9503,35.16798],[128.95026,35.16795],[128.95023,35.16791],[128.95016,35.16783]]}},{"type":"Feature","properties":{"k":"stand"},"geometry":{"type":"LineString","coordinates":[[128.95003,35.16828],[128.95007,35.16824],[128.9501,35.16821],[128.95013,35.16817],[128.95016,35.16812],[128.95018,35.16809],[128.95019,35.16804],[128.9502,35.168],[128.9502,35.16795],[128.95019,35.1679],[128.95016,35.16783],[128.94994,35.16743]]}},{"type":"Feature","properties":{"k":"stand"},"geometry":{"type":"LineString","coordinates":[[128.95041,35.16814],[128.95036,35.16814],[128.95031,35.16814],[128.95026,35.16813],[128.95021,35.16813],[128.95016,35.16812],[128.95012,35.16812],[128.95007,35.16811],[128.95002,35.1681],[128.94996,35.16808],[128.9499,35.16807],[128.94985,35.16805],[128.9498,35.16803],[128.94975,35.168],[128.94971,35.16797]]}},{"type":"Feature","properties":{"k":"stand"},"geometry":{"type":"LineString","coordinates":[[128.94951,35.16847],[128.94956,35.16841],[128.94959,35.16837],[128.94963,35.16831],[128.94966,35.16827],[128.94967,35.16822],[128.94969,35.16817],[128.9497,35.16811],[128.94971,35.16807],[128.94971,35.16802],[128.94971,35.16799],[128.94971,35.16797],[128.94948,35.16755]]}},{"type":"Feature","properties":{"k":"stand"},"geometry":{"type":"LineString","coordinates":[[128.94978,35.16837],[128.94971,35.16837],[128.94966,35.16837],[128.94959,35.16837],[128.94953,35.16836],[128.94947,35.16834],[128.94941,35.16832],[128.94936,35.16829],[128.9493,35.16825],[128.94925,35.16821],[128.94921,35.16815]]}},{"type":"Feature","properties":{"k":"stand"},"geometry":{"type":"LineString","coordinates":[[128.9491,35.16862],[128.94913,35.16859],[128.94917,35.16851],[128.9492,35.16846],[128.94921,35.16842],[128.94922,35.16838],[128.94923,35.16834],[128.94924,35.16829],[128.94923,35.16825],[128.94923,35.16821],[128.94921,35.16815],[128.94896,35.16769]]}},{"type":"Feature","properties":{"k":"stand"},"geometry":{"type":"LineString","coordinates":[[128.94923,35.16857],[128.94918,35.16858],[128.94913,35.16859],[128.94908,35.16858],[128.94903,35.16858],[128.94898,35.16857],[128.94895,35.16856],[128.9489,35.16855],[128.94885,35.16852],[128.94879,35.16849],[128.94874,35.16846],[128.9487,35.16842],[128.94866,35.16836]]}},{"type":"Feature","properties":{"k":"stand"},"geometry":{"type":"LineString","coordinates":[[128.94843,35.16886],[128.9485,35.16881],[128.94853,35.16878],[128.94856,35.16875],[128.94859,35.16872],[128.94861,35.16868],[128.94864,35.16864],[128.94865,35.1686],[128.94866,35.16856],[128.94867,35.16851],[128.94867,35.16847],[128.94867,35.16842],[128.94866,35.16836],[128.9484,35.1679]]}},{"type":"Feature","properties":{"k":"stand"},"geometry":{"type":"LineString","coordinates":[[128.94877,35.16874],[128.94871,35.16875],[128.94866,35.16875],[128.94861,35.16875],[128.94856,35.16875],[128.94851,35.16874],[128.94846,35.16873],[128.94841,35.16871],[128.94835,35.16868],[128.94828,35.16866],[128.94822,35.16863],[128.94817,35.1686],[128.94813,35.16857],[128.94808,35.16852]]}},{"type":"Feature","properties":{"k":"stand"},"geometry":{"type":"LineString","coordinates":[[128.94795,35.16904],[128.94801,35.16895],[128.94804,35.16892],[128.94807,35.16888],[128.9481,35.16884],[128.94811,35.1688],[128.94812,35.16876],[128.94813,35.16873],[128.94813,35.16869],[128.94813,35.16865],[128.94812,35.1686],[128.94808,35.16852],[128.94785,35.1681]]}},{"type":"Feature","properties":{"k":"stand"},"geometry":{"type":"LineString","coordinates":[[128.94816,35.16896],[128.94811,35.16896],[128.94806,35.16896],[128.94801,35.16895],[128.94797,35.16895],[128.94793,35.16894],[128.94788,35.16893],[128.94783,35.16891],[128.94779,35.1689],[128.94774,35.16888],[128.9477,35.16886],[128.94764,35.16883],[128.9476,35.1688],[128.94756,35.16877]]}},{"type":"Feature","properties":{"k":"stand"},"geometry":{"type":"LineString","coordinates":[[128.94708,35.16894],[128.94708,35.16898],[128.94709,35.16903],[128.94708,35.16908],[128.94707,35.16913],[128.94705,35.16919],[128.94703,35.16923],[128.947,35.16928],[128.94697,35.16933],[128.94694,35.16937],[128.94691,35.1694],[128.94687,35.16943]]}},{"type":"Feature","properties":{"k":"stand"},"geometry":{"type":"LineString","coordinates":[[128.94768,35.16914],[128.94763,35.16913],[128.94759,35.16912],[128.94756,35.16912],[128.94749,35.16911],[128.94743,35.16909],[128.94737,35.16907],[128.94731,35.16905],[128.94725,35.16903],[128.94719,35.169],[128.94713,35.16897],[128.94708,35.16894],[128.94683,35.16847]]}},{"type":"Feature","properties":{"k":"stand"},"geometry":{"type":"LineString","coordinates":[[128.95038,35.16815],[128.95034,35.16818],[128.95028,35.16823],[128.95025,35.16827],[128.95021,35.16833],[128.9502,35.16839],[128.95019,35.16844],[128.95019,35.1685]]}},{"type":"Feature","properties":{"k":"stand"},"geometry":{"type":"LineString","coordinates":[[128.94981,35.16836],[128.94987,35.16835],[128.94992,35.16835],[128.94996,35.16836],[128.95001,35.16837],[128.95005,35.16838],[128.95008,35.1684],[128.95011,35.16841],[128.95014,35.16844],[128.95019,35.1685],[128.95047,35.16903]]}},{"type":"Feature","properties":{"k":"stand"},"geometry":{"type":"LineString","coordinates":[[128.94971,35.1684],[128.94968,35.16844],[128.94965,35.16848],[128.94963,35.16852],[128.94961,35.16857],[128.94961,35.16861],[128.9496,35.16866],[128.9496,35.1687],[128.94961,35.16876],[128.94963,35.16883]]}},{"type":"Feature","properties":{"k":"stand"},"geometry":{"type":"LineString","coordinates":[[128.94903,35.16865],[128.94909,35.16865],[128.94914,35.16864],[128.94922,35.16864],[128.9493,35.16864],[128.94937,35.16865],[128.94944,35.16868],[128.9495,35.16871],[128.94953,35.16873],[128.94957,35.16876],[128.9496,35.16879],[128.94963,35.16883],[128.94994,35.1694]]}},{"type":"Feature","properties":{"k":"stand"},"geometry":{"type":"LineString","coordinates":[[128.94911,35.16862],[128.94909,35.16865],[128.94905,35.16869],[128.94902,35.16874],[128.949,35.16879],[128.94897,35.16883],[128.94896,35.16888],[128.94896,35.16893],[128.94896,35.16898],[128.94897,35.16902]]}},{"type":"Feature","properties":{"k":"stand"},"geometry":{"type":"LineString","coordinates":[[128.94854,35.16882],[128.94856,35.16883],[128.9486,35.16882],[128.94865,35.16883],[128.9487,35.16884],[128.94874,35.16885],[128.94877,35.16886],[128.94882,35.16889],[128.94886,35.16891],[128.94889,35.16893],[128.94892,35.16897],[128.94897,35.16902],[128.94925,35.16955]]}},{"type":"Feature","properties":{"k":"stand"},"geometry":{"type":"LineString","coordinates":[[128.94858,35.16881],[128.94856,35.16883],[128.94854,35.16884],[128.94852,35.16887],[128.9485,35.1689],[128.94848,35.16893],[128.94847,35.16898],[128.94845,35.16903],[128.94844,35.16908],[128.94844,35.16914],[128.94845,35.16919],[128.94847,35.16924]]}},{"type":"Feature","properties":{"k":"stand"},"geometry":{"type":"LineString","coordinates":[[128.94801,35.16902],[128.94806,35.16902],[128.94818,35.16905],[128.94824,35.16907],[128.9483,35.1691],[128.94836,35.16914],[128.9484,35.16917],[128.94844,35.1692],[128.94847,35.16924],[128.94873,35.16973]]}},{"type":"Feature","properties":{"k":"stand"},"geometry":{"type":"LineString","coordinates":[[128.94751,35.1692],[128.94757,35.1692],[128.94763,35.16921],[128.94769,35.16923],[128.94773,35.16925],[128.94778,35.16927],[128.94783,35.16931],[128.94787,35.16935],[128.94791,35.16938],[128.94795,35.16944],[128.94821,35.16992]]}},{"type":"Feature","properties":{"k":"stand"},"geometry":{"type":"LineString","coordinates":[[128.9475,35.1692],[128.94753,35.16916],[128.94756,35.16912],[128.94758,35.16908],[128.9476,35.16904],[128.94762,35.169],[128.94762,35.16896],[128.94762,35.16891],[128.94761,35.16886],[128.94756,35.16877],[128.9473,35.16829]]}},{"type":"Feature","properties":{"k":"stand"},"geometry":{"type":"LineString","coordinates":[[128.94687,35.16943],[128.94695,35.16944],[128.94703,35.16946],[128.9471,35.16948],[128.94717,35.16951],[128.94725,35.16955],[128.9473,35.16959],[128.94735,35.16964],[128.94768,35.17026]]}},{"type":"Feature","properties":{"k":"stand"},"geometry":{"type":"LineString","coordinates":[[128.94722,35.1693],[128.94716,35.1693],[128.9471,35.1693],[128.94705,35.16929],[128.947,35.16928],[128.94693,35.16926],[128.94687,35.16924],[128.94682,35.16921],[128.94676,35.16918],[128.94671,35.16914],[128.94665,35.16909]]}},{"type":"Feature","properties":{"k":"stand"},"geometry":{"type":"LineString","coordinates":[[128.94504,35.17025],[128.94506,35.17025],[128.94509,35.17023],[128.94513,35.17022],[128.94517,35.17022],[128.94521,35.17022],[128.94524,35.17022],[128.94528,35.17023],[128.94531,35.17025],[128.94533,35.17027],[128.94535,35.17029],[128.94537,35.17032],[128.94539,35.17035],[128.94541,35.17038],[128.94542,35.17041]]}},{"type":"Feature","properties":{"k":"stand"},"geometry":{"type":"LineString","coordinates":[[128.94542,35.17041],[128.94562,35.17046],[128.94619,35.17064]]}},{"type":"Feature","properties":{"k":"stand"},"geometry":{"type":"LineString","coordinates":[[128.94496,35.17079],[128.94499,35.17081],[128.94501,35.17083],[128.94504,35.17085],[128.94507,35.17086],[128.9451,35.17087],[128.94514,35.17087],[128.94518,35.17086],[128.94522,35.17085],[128.94526,35.17083],[128.9453,35.17081]]}},{"type":"Feature","properties":{"k":"stand"},"geometry":{"type":"LineString","coordinates":[[128.94497,35.17071],[128.9453,35.17081],[128.94534,35.17082],[128.94547,35.17086],[128.94607,35.17104]]}},{"type":"Feature","properties":{"k":"stand"},"geometry":{"type":"LineString","coordinates":[[128.94491,35.17122],[128.94493,35.1712],[128.94495,35.17119],[128.94498,35.17118],[128.94502,35.17118],[128.94505,35.17118],[128.94509,35.17119],[128.94512,35.17121],[128.94514,35.17121],[128.94516,35.17123],[128.94519,35.17125],[128.94522,35.17127],[128.94524,35.1713],[128.94525,35.17133]]}},{"type":"Feature","properties":{"k":"stand"},"geometry":{"type":"LineString","coordinates":[[128.94488,35.17138],[128.94493,35.17141],[128.94497,35.17143],[128.94501,35.17144],[128.94505,35.17144],[128.94508,35.17143],[128.94513,35.17142],[128.94517,35.17139],[128.94521,35.17137],[128.94523,35.17135],[128.94525,35.17133],[128.94601,35.17137]]}},{"type":"Feature","properties":{"k":"stand"},"geometry":{"type":"LineString","coordinates":[[128.94484,35.17167],[128.94487,35.17165],[128.94491,35.17164],[128.94495,35.17163],[128.945,35.17163],[128.94504,35.17163],[128.94508,35.17164],[128.94512,35.17165],[128.94514,35.17167],[128.94517,35.17169],[128.94518,35.17172],[128.94519,35.17174],[128.9452,35.17176]]}},{"type":"Feature","properties":{"k":"stand"},"geometry":{"type":"LineString","coordinates":[[128.94483,35.17181],[128.94483,35.17183],[128.94485,35.17184],[128.94487,35.17186],[128.94489,35.17188],[128.94493,35.17189],[128.94496,35.1719],[128.945,35.1719],[128.94503,35.17189],[128.94505,35.17189],[128.94509,35.17187],[128.94512,35.17185],[128.94516,35.17182],[128.94519,35.17178],[128.9452,35.17176],[128.94592,35.17175]]}},{"type":"Feature","properties":{"k":"stand"},"geometry":{"type":"LineString","coordinates":[[128.94471,35.17272],[128.94472,35.1727],[128.94475,35.17267],[128.94479,35.17264],[128.94481,35.17262],[128.94482,35.17261],[128.94486,35.17258],[128.94489,35.17257],[128.94494,35.17254],[128.94499,35.17253],[128.94505,35.17251],[128.94509,35.1725],[128.94512,35.1725],[128.94516,35.17249],[128.9452,35.17249],[128.94523,35.17249],[128.94526,35.1725],[128.94535,35.17247]]}},{"type":"Feature","properties":{"k":"stand"},"geometry":{"type":"LineString","coordinates":[[128.94473,35.17252],[128.94474,35.17254],[128.94476,35.17256],[128.94478,35.17259],[128.94482,35.17261],[128.94484,35.17263],[128.94487,35.17265],[128.94492,35.17266],[128.94495,35.17268],[128.94499,35.17268],[128.94504,35.17268],[128.94508,35.17268],[128.94512,35.17266],[128.94517,35.17264],[128.94521,35.17262],[128.94525,35.17259],[128.94529,35.17257],[128.94532,35.17253],[128.94535,35.1725],[128.94535,35.17247]]}},{"type":"Feature","properties":{"k":"stand"},"geometry":{"type":"LineString","coordinates":[[128.94461,35.1735],[128.94464,35.17347],[128.94467,35.17344],[128.94471,35.17341],[128.94475,35.17338],[128.9448,35.17335],[128.94484,35.17332],[128.94488,35.17331],[128.94492,35.17329],[128.94496,35.17328],[128.945,35.17327],[128.94504,35.17327],[128.94507,35.17327],[128.94513,35.17327],[128.94518,35.17327],[128.94527,35.17323]]}},{"type":"Feature","properties":{"k":"stand"},"geometry":{"type":"LineString","coordinates":[[128.94463,35.17332],[128.94465,35.17335],[128.94466,35.17338],[128.94468,35.17339],[128.94471,35.17341],[128.94475,35.17342],[128.94479,35.17344],[128.94484,35.17345],[128.94488,35.17346],[128.94493,35.17346],[128.94497,35.17345],[128.94502,35.17344],[128.94506,35.17342],[128.94511,35.1734],[128.94514,35.17338],[128.94518,35.17335],[128.94522,35.17332],[128.94525,35.17329],[128.94527,35.17326],[128.94527,35.17323],[128.94563,35.17309],[128.94586,35.17302]]}},{"type":"Feature","properties":{"k":"stand"},"geometry":{"type":"LineString","coordinates":[[128.94489,35.17131],[128.94487,35.17136],[128.94484,35.1714],[128.94482,35.17145],[128.94477,35.17148],[128.94473,35.1715],[128.94469,35.17152],[128.94465,35.17154],[128.94461,35.17156],[128.94456,35.17156],[128.94451,35.17157]]}},{"type":"Feature","properties":{"k":"stand"},"geometry":{"type":"LineString","coordinates":[[128.94482,35.17188],[128.94481,35.17182],[128.94479,35.17178],[128.94477,35.17175],[128.94475,35.17172],[128.94472,35.17169],[128.94469,35.17166],[128.94466,35.17163],[128.94461,35.1716],[128.94456,35.17158],[128.94451,35.17157],[128.94389,35.17152]]}},{"type":"Feature","properties":{"k":"stand"},"geometry":{"type":"LineString","coordinates":[[128.94477,35.17226],[128.94476,35.17222],[128.94475,35.1722],[128.94473,35.17217],[128.94471,35.17214],[128.94469,35.17211],[128.94467,35.17208],[128.94464,35.17205],[128.94461,35.17204],[128.94457,35.17201],[128.94453,35.172],[128.94449,35.17199]]}},{"type":"Feature","properties":{"k":"stand"},"geometry":{"type":"LineString","coordinates":[[128.94483,35.17176],[128.94481,35.17182],[128.94478,35.17185],[128.94475,35.17188],[128.94472,35.1719],[128.94468,35.17194],[128.94465,35.17196],[128.94461,35.17197],[128.94457,35.17198],[128.94453,35.17199],[128.94449,35.17199],[128.94383,35.17193]]}},{"type":"Feature","properties":{"k":"stand"},"geometry":{"type":"LineString","coordinates":[[128.94471,35.17267],[128.9447,35.17264],[128.9447,35.17261],[128.94468,35.17257],[128.94467,35.17255],[128.94464,35.17252],[128.94462,35.17249],[128.94458,35.17246],[128.94455,35.17244],[128.94451,35.17243],[128.94446,35.17241],[128.94441,35.1724]]}},{"type":"Feature","properties":{"k":"stand"},"geometry":{"type":"LineString","coordinates":[[128.94478,35.17217],[128.94476,35.17222],[128.94474,35.17225],[128.9447,35.1723],[128.94467,35.17232],[128.94464,35.17234],[128.9446,35.17236],[128.94456,35.17238],[128.94452,35.17239],[128.94448,35.1724],[128.94441,35.1724],[128.94378,35.17234]]}},{"type":"Feature","properties":{"k":"stand"},"geometry":{"type":"LineString","coordinates":[[128.94466,35.17309],[128.94464,35.17305],[128.94462,35.17302],[128.94459,35.17297],[128.94457,35.17294],[128.94454,35.1729],[128.9445,35.17287],[128.94447,35.17285],[128.94443,35.17283],[128.94439,35.17282],[128.94435,35.17281]]}},{"type":"Feature","properties":{"k":"stand"},"geometry":{"type":"LineString","coordinates":[[128.94472,35.17261],[128.9447,35.17264],[128.94469,35.17267],[128.94466,35.17269],[128.94462,35.17273],[128.94458,35.17275],[128.94454,35.17277],[128.94448,35.17279],[128.94443,35.1728],[128.9444,35.17281],[128.94435,35.17281],[128.94373,35.17275]]}},{"type":"Feature","properties":{"k":"stand"},"geometry":{"type":"LineString","coordinates":[[128.94433,35.17323],[128.94437,35.17324],[128.94441,35.17325],[128.94444,35.17327],[128.94448,35.17329],[128.94452,35.17334],[128.94456,35.17338],[128.9446,35.17345],[128.94461,35.17348]]}},{"type":"Feature","properties":{"k":"stand"},"geometry":{"type":"LineString","coordinates":[[128.94365,35.17317],[128.94433,35.17323],[128.94438,35.17322],[128.94442,35.17322],[128.94445,35.1732],[128.94449,35.17319],[128.94453,35.17316],[128.94457,35.17313],[128.94461,35.17309],[128.94464,35.17305],[128.94467,35.17301]]}},{"type":"Feature","properties":{"k":"stand"},"geometry":{"type":"LineString","coordinates":[[128.94456,35.17393],[128.94455,35.1739],[128.94454,35.17387],[128.94453,35.17384],[128.94451,35.17381],[128.94449,35.17378],[128.94447,35.17375],[128.94445,35.17373],[128.94442,35.1737],[128.94438,35.17368],[128.94434,35.17366],[128.9443,35.17365],[128.94428,35.17364]]}},{"type":"Feature","properties":{"k":"stand"},"geometry":{"type":"LineString","coordinates":[[128.94462,35.17342],[128.9446,35.17345],[128.94455,35.1735],[128.94453,35.17353],[128.94446,35.17359],[128.94443,35.17361],[128.9444,35.17362],[128.94437,35.17363],[128.94433,35.17364],[128.94428,35.17364],[128.94363,35.17358]]}},{"type":"Feature","properties":{"k":"stand"},"geometry":{"type":"LineString","coordinates":[[128.94453,35.17412],[128.94456,35.17414],[128.94458,35.17417],[128.9446,35.17418],[128.94462,35.17419],[128.94466,35.17421],[128.9447,35.17422],[128.94475,35.17423],[128.94479,35.17423],[128.94484,35.17423],[128.94488,35.17422],[128.94493,35.17421],[128.94495,35.1742],[128.94499,35.17418],[128.94504,35.17416],[128.94508,35.17413],[128.94513,35.17409],[128.94516,35.17405],[128.94518,35.17403],[128.94519,35.174]]}},{"type":"Feature","properties":{"k":"stand"},"geometry":{"type":"LineString","coordinates":[[128.94451,35.17431],[128.9446,35.17421],[128.94462,35.17419],[128.94466,35.17416],[128.94472,35.17412],[128.94477,35.1741],[128.94482,35.17407],[128.94487,35.17406],[128.94491,35.17405],[128.94496,35.17404],[128.94501,35.17404],[128.94507,35.17404],[128.94519,35.174],[128.94581,35.17378]]}},{"type":"Feature","properties":{"k":"stand"},"geometry":{"type":"LineString","coordinates":[[128.94457,35.17381],[128.94454,35.17387],[128.94449,35.17393],[128.94446,35.17396],[128.94442,35.17399],[128.94437,35.17402],[128.94432,35.17403],[128.94427,35.17405],[128.94422,35.17405],[128.94357,35.17399]]}},{"type":"Feature","properties":{"k":"stand"},"geometry":{"type":"LineString","coordinates":[[126.49465,33.50939],[126.49469,33.50937],[126.49471,33.50936],[126.49474,33.50934],[126.49476,33.50933],[126.49478,33.50931],[126.4948,33.50929],[126.49481,33.50927],[126.49482,33.50925],[126.49482,33.50923],[126.49482,33.50921]]}},{"type":"Feature","properties":{"k":"apron"},"geometry":{"type":"Polygon","coordinates":[[[128.08569,35.09209],[128.08582,35.09209],[128.08581,35.09199],[128.08568,35.09199],[128.08569,35.09209]]]}},{"type":"Feature","properties":{"k":"apron"},"geometry":{"type":"Polygon","coordinates":[[[126.63314,35.91337],[126.64234,35.91832],[126.64282,35.91774],[126.6336,35.91281],[126.63314,35.91337]]]}},{"type":"Feature","properties":{"k":"rwy"},"geometry":{"type":"LineString","coordinates":[[126.4379,37.44127],[126.43778,37.44141],[126.43711,37.44215],[126.43691,37.44237],[126.43545,37.44402],[126.43391,37.44575],[126.43316,37.44658],[126.43301,37.44676],[126.43193,37.44797],[126.43053,37.44952],[126.42986,37.45031],[126.42905,37.45121],[126.4283,37.45205],[126.42787,37.45254],[126.42783,37.45258],[126.4278,37.45261],[126.42752,37.45293],[126.42735,37.45312],[126.42705,37.45345],[126.42672,37.45382],[126.4264,37.45419],[126.42593,37.45472],[126.42582,37.45484],[126.42573,37.45494],[126.42564,37.45504],[126.42528,37.45545],[126.42469,37.4561],[126.4241,37.45676],[126.42352,37.45742],[126.42293,37.45808],[126.42247,37.45859],[126.42173,37.45944],[126.42126,37.45996],[126.42048,37.46083],[126.41979,37.46161],[126.41903,37.46246],[126.41861,37.46294],[126.41822,37.46338],[126.41773,37.46392],[126.41737,37.46433],[126.41666,37.46514],[126.41592,37.46596],[126.41574,37.46616],[126.41534,37.46662],[126.41474,37.46729],[126.41455,37.46751],[126.41394,37.4682],[126.41353,37.46864],[126.41338,37.46882]]}},{"type":"Feature","properties":{"k":"stand"},"geometry":{"type":"LineString","coordinates":[[126.49111,36.69826],[126.49104,36.69814],[126.491,36.6981],[126.49094,36.69809],[126.49086,36.69809]]}},{"type":"Feature","properties":{"k":"apron"},"geometry":{"type":"Polygon","coordinates":[[[126.48602,36.68717],[126.48693,36.68669],[126.48738,36.68725],[126.48744,36.68728],[126.4875,36.68728],[126.48756,36.68726],[126.48907,36.68903],[126.48822,36.68951],[126.48745,36.68861],[126.48734,36.68853],[126.48721,36.68847],[126.48711,36.68847],[126.48602,36.68717]]]}},{"type":"Feature","properties":{"k":"rwy"},"geometry":{"type":"LineString","coordinates":[[127.4691,37.19918],[127.46935,37.19918],[127.47132,37.19917],[127.47139,37.19917],[127.47334,37.19917],[127.47362,37.19917]]}},{"type":"Feature","properties":{"k":"stand","ref":"236R"},"geometry":{"type":"LineString","coordinates":[[126.43308,37.46092],[126.43312,37.46087],[126.43315,37.46083],[126.43316,37.46078],[126.43317,37.46076],[126.43317,37.46073],[126.43317,37.46067],[126.43316,37.46062],[126.43313,37.46057],[126.4331,37.46052],[126.43305,37.46048],[126.433,37.46044],[126.43294,37.46041],[126.43288,37.46039],[126.43282,37.46038],[126.43277,37.46038],[126.43273,37.46038]]}},{"type":"Feature","properties":{"k":"gate","ref":"236R"},"geometry":{"type":"Point","coordinates":[126.43273,37.46038]}},{"type":"Feature","properties":{"k":"stand","ref":"376"},"geometry":{"type":"LineString","coordinates":[[126.43464,37.45824],[126.43464,37.4583],[126.43466,37.45836],[126.43468,37.4584],[126.4347,37.45843],[126.43473,37.45847],[126.43512,37.45869],[126.43515,37.45872],[126.43517,37.45874],[126.43519,37.4588],[126.4352,37.45887],[126.4352,37.45893]]}},{"type":"Feature","properties":{"k":"gate","ref":"376"},"geometry":{"type":"Point","coordinates":[126.4352,37.45893]}},{"type":"Feature","properties":{"k":"stand"},"geometry":{"type":"LineString","coordinates":[[126.44674,37.45211],[126.44676,37.45202],[126.44675,37.45193],[126.44674,37.45188],[126.44672,37.45183],[126.44664,37.45167],[126.44659,37.45157],[126.44628,37.45095]]}},{"type":"Feature","properties":{"k":"stand"},"geometry":{"type":"LineString","coordinates":[[126.44006,37.45601],[126.44063,37.45534]]}},{"type":"Feature","properties":{"k":"stand"},"geometry":{"type":"LineString","coordinates":[[126.45527,37.45227],[126.45523,37.45224],[126.45519,37.4522],[126.45516,37.45216],[126.45514,37.45211],[126.45513,37.45208],[126.45512,37.45203],[126.45512,37.45199],[126.45514,37.45192],[126.45516,37.45188],[126.45519,37.45185],[126.45523,37.4518]]}},{"type":"Feature","properties":{"k":"apron"},"geometry":{"type":"Polygon","coordinates":[[[127.61999,34.83222],[127.61993,34.83217],[127.61958,34.83206],[127.61948,34.8323],[127.61945,34.83255],[127.61915,34.83266],[127.61889,34.83321],[127.61911,34.83328],[127.61955,34.83312],[127.61999,34.83222]]]}},{"type":"Feature","properties":{"k":"apron"},"geometry":{"type":"Polygon","coordinates":[[[128.64136,35.89976],[128.64198,35.90061],[128.64388,35.89953],[128.64357,35.89914],[128.64304,35.89941],[128.64266,35.89899],[128.64221,35.89923],[128.64238,35.8994],[128.64182,35.89967],[128.64168,35.89952],[128.64136,35.89976]]]}},{"type":"Feature","properties":{"k":"apron"},"geometry":{"type":"Polygon","coordinates":[[[128.66166,35.88962],[128.66195,35.8893],[128.66591,35.88721],[128.66619,35.88756],[128.66744,35.88688],[128.66716,35.88653],[128.67043,35.88468],[128.67066,35.88498],[128.67084,35.88488],[128.67071,35.88465],[128.67155,35.88418],[128.67171,35.88436],[128.67145,35.88499],[128.66212,35.89017],[128.66188,35.88992],[128.66195,35.88981],[128.66166,35.88962]]]}},{"type":"Feature","properties":{"k":"apron"},"geometry":{"type":"Polygon","coordinates":[[[128.66995,35.89057],[128.67219,35.88937],[128.67269,35.89],[128.67037,35.89131],[128.67004,35.89095],[128.67008,35.89073],[128.66995,35.89057]]]}},{"type":"Feature","properties":{"k":"apron"},"geometry":{"type":"Polygon","coordinates":[[[128.6599,35.89595],[128.66065,35.89694],[128.66029,35.89715],[128.66077,35.89776],[128.65856,35.89892],[128.65823,35.8985],[128.65628,35.89963],[128.65493,35.90035],[128.65394,35.89921],[128.65416,35.89909],[128.65462,35.89885],[128.65587,35.89817],[128.6563,35.89792],[128.65923,35.8963],[128.6599,35.89595]]]}},{"type":"Feature","properties":{"k":"apron"},"geometry":{"type":"Polygon","coordinates":[[[126.8117,35.14068],[126.81239,35.14032],[126.81078,35.13833],[126.81106,35.13818],[126.81096,35.13794],[126.811,35.13773],[126.81109,35.13755],[126.81121,35.13737],[126.81132,35.1373],[126.81108,35.137],[126.81076,35.13718],[126.81087,35.13733],[126.8106,35.13748],[126.81076,35.13771],[126.81011,35.13804],[126.8105,35.13851],[126.81017,35.1387],[126.8117,35.14068]]]}},{"type":"Feature","properties":{"k":"apron"},"geometry":{"type":"Polygon","coordinates":[[[126.80197,35.1248],[126.80361,35.12692],[126.80363,35.12695],[126.80243,35.12757],[126.80077,35.12542],[126.80197,35.1248]]]}},{"type":"Feature","properties":{"k":"apron"},"geometry":{"type":"Polygon","coordinates":[[[126.42661,37.47515],[126.42311,37.47914],[126.42287,37.4793],[126.42051,37.47801],[126.42031,37.47822],[126.41739,37.47655],[126.42241,37.47086],[126.42514,37.4724],[126.424,37.47375],[126.42661,37.47515]]]}},{"type":"Feature","properties":{"k":"stand"},"geometry":{"type":"LineString","coordinates":[[126.42509,37.47476],[126.4262,37.47536]]}},{"type":"Feature","properties":{"k":"stand"},"geometry":{"type":"LineString","coordinates":[[126.42509,37.47476],[126.42418,37.47426]]}},{"type":"Feature","properties":{"k":"stand"},"geometry":{"type":"LineString","coordinates":[[126.42491,37.47496],[126.42578,37.47544]]}},{"type":"Feature","properties":{"k":"stand"},"geometry":{"type":"LineString","coordinates":[[126.4246,37.4753],[126.42548,37.47577]]}},{"type":"Feature","properties":{"k":"stand"},"geometry":{"type":"LineString","coordinates":[[126.42479,37.4751],[126.4237,37.4745]]}},{"type":"Feature","properties":{"k":"stand"},"geometry":{"type":"LineString","coordinates":[[126.4243,37.47564],[126.42399,37.47546],[126.42325,37.47504]]}},{"type":"Feature","properties":{"k":"stand"},"geometry":{"type":"LineString","coordinates":[[126.42424,37.4757],[126.42518,37.47621]]}},{"type":"Feature","properties":{"k":"stand","ref":"247"},"geometry":{"type":"LineString","coordinates":[[126.43412,37.46494],[126.43416,37.46485],[126.43423,37.46478],[126.43433,37.46472],[126.43444,37.46469],[126.43456,37.46468],[126.43473,37.46472]]}},{"type":"Feature","properties":{"k":"gate","ref":"247"},"geometry":{"type":"Point","coordinates":[126.43473,37.46472]}},{"type":"Feature","properties":{"k":"stand","ref":"247"},"geometry":{"type":"LineString","coordinates":[[126.43476,37.4648],[126.43466,37.46487],[126.43457,37.46491],[126.43445,37.46493],[126.43435,37.46492],[126.43424,37.4649],[126.43412,37.46494],[126.43327,37.46523]]}},{"type":"Feature","properties":{"k":"gate","ref":"247"},"geometry":{"type":"Point","coordinates":[126.43327,37.46523]}},{"type":"Feature","properties":{"k":"stand","ref":"250"},"geometry":{"type":"LineString","coordinates":[[126.43609,37.4657],[126.4361,37.46573],[126.4361,37.46577],[126.43609,37.46583],[126.43607,37.46587],[126.43603,37.46593],[126.43599,37.46597],[126.43593,37.466],[126.43589,37.46603],[126.43585,37.46604],[126.43579,37.46606],[126.43572,37.46606],[126.43539,37.46643]]}},{"type":"Feature","properties":{"k":"gate","ref":"250"},"geometry":{"type":"Point","coordinates":[126.43539,37.46643]}},{"type":"Feature","properties":{"k":"stand","ref":"250"},"geometry":{"type":"LineString","coordinates":[[126.43602,37.46566],[126.43596,37.46567],[126.43589,37.46571],[126.43582,37.46575],[126.43578,37.4658],[126.43576,37.46584],[126.43574,37.46587],[126.43572,37.46591],[126.43572,37.46596],[126.43572,37.46599],[126.43572,37.46603],[126.43572,37.46606]]}},{"type":"Feature","properties":{"k":"gate","ref":"250"},"geometry":{"type":"Point","coordinates":[126.43572,37.46606]}},{"type":"Feature","properties":{"k":"stand","ref":"253"},"geometry":{"type":"LineString","coordinates":[[126.4379,37.46656],[126.43788,37.4666],[126.43786,37.46664],[126.43785,37.46668],[126.43784,37.46674],[126.43785,37.4668],[126.43787,37.46685],[126.43789,37.46689],[126.43792,37.46692],[126.43796,37.46696],[126.43793,37.46711],[126.43775,37.46777]]}},{"type":"Feature","properties":{"k":"gate","ref":"253"},"geometry":{"type":"Point","coordinates":[126.43775,37.46777]}},{"type":"Feature","properties":{"k":"stand","ref":"253"},"geometry":{"type":"LineString","coordinates":[[126.43799,37.46656],[126.43804,37.46659],[126.43808,37.46663],[126.43812,37.46669],[126.43814,37.46674],[126.43815,37.4668],[126.43815,37.46686],[126.43813,37.46692],[126.4381,37.46697],[126.43806,37.46702],[126.43803,37.46705],[126.43798,37.46708],[126.43793,37.46711]]}},{"type":"Feature","properties":{"k":"gate","ref":"253"},"geometry":{"type":"Point","coordinates":[126.43793,37.46711]}},{"type":"Feature","properties":{"k":"stand","ref":"258R"},"geometry":{"type":"LineString","coordinates":[[126.44189,37.46482],[126.44189,37.46487],[126.44188,37.46493],[126.44186,37.46499],[126.44181,37.46505],[126.44179,37.46507],[126.44174,37.46511],[126.44167,37.46515],[126.4416,37.46517],[126.44156,37.46528],[126.44129,37.46591]]}},{"type":"Feature","properties":{"k":"gate","ref":"258R"},"geometry":{"type":"Point","coordinates":[126.44129,37.46591]}},{"type":"Feature","properties":{"k":"stand","ref":"258R"},"geometry":{"type":"LineString","coordinates":[[126.44181,37.46478],[126.44174,37.46479],[126.44166,37.46483],[126.4416,37.46488],[126.44153,37.46495],[126.44151,37.465],[126.44149,37.46508],[126.4415,37.46515],[126.44152,37.46522],[126.44156,37.46528]]}},{"type":"Feature","properties":{"k":"gate","ref":"258R"},"geometry":{"type":"Point","coordinates":[126.44156,37.46528]}},{"type":"Feature","properties":{"k":"stand","ref":"261R"},"geometry":{"type":"LineString","coordinates":[[126.44357,37.4669],[126.44358,37.46683],[126.44359,37.46676],[126.44358,37.46671],[126.44356,37.46666],[126.44352,37.46661],[126.44347,37.46656],[126.4434,37.46651],[126.44333,37.46648],[126.44326,37.46646],[126.44317,37.46646],[126.4431,37.46646],[126.44297,37.46648],[126.44184,37.46665]]}},{"type":"Feature","properties":{"k":"gate","ref":"261R"},"geometry":{"type":"Point","coordinates":[126.44184,37.46665]}},{"type":"Feature","properties":{"k":"stand","ref":"261R"},"geometry":{"type":"LineString","coordinates":[[126.44388,37.46656],[126.44379,37.46662],[126.44372,37.46665],[126.44364,37.46667],[126.44358,37.46667],[126.4435,37.46667],[126.44343,37.46666],[126.44337,37.46664],[126.44297,37.46648]]}},{"type":"Feature","properties":{"k":"gate","ref":"261R"},"geometry":{"type":"Point","coordinates":[126.44297,37.46648]}},{"type":"Feature","properties":{"k":"stand","ref":"256"},"geometry":{"type":"LineString","coordinates":[[126.43957,37.46583],[126.43956,37.46576],[126.43952,37.46569],[126.43948,37.46565],[126.43941,37.46559],[126.43932,37.46556],[126.43923,37.46554],[126.43913,37.46553]]}},{"type":"Feature","properties":{"k":"gate","ref":"256"},"geometry":{"type":"Point","coordinates":[126.43913,37.46553]}},{"type":"Feature","properties":{"k":"stand","ref":"248"},"geometry":{"type":"LineString","coordinates":[[126.43393,37.46589],[126.43458,37.46538],[126.43462,37.46535],[126.43461,37.4653],[126.43461,37.46523],[126.43463,37.46519],[126.43466,37.46513],[126.43473,37.46506],[126.43479,37.46502],[126.43491,37.46497]]}},{"type":"Feature","properties":{"k":"gate","ref":"248"},"geometry":{"type":"Point","coordinates":[126.43491,37.46497]}},{"type":"Feature","properties":{"k":"stand","ref":"511"},"geometry":{"type":"LineString","coordinates":[[126.42802,37.46476],[126.42873,37.46515],[126.42873,37.46518],[126.42874,37.46521],[126.42875,37.46524],[126.42877,37.46527],[126.42878,37.4653],[126.42881,37.46533],[126.42884,37.46536],[126.42888,37.46539],[126.42893,37.46542],[126.42897,37.46543],[126.42902,37.46545],[126.42905,37.46546],[126.4291,37.46546],[126.42918,37.46547]]}},{"type":"Feature","properties":{"k":"gate","ref":"511"},"geometry":{"type":"Point","coordinates":[126.42918,37.46547]}},{"type":"Feature","properties":{"k":"rwy"},"geometry":{"type":"LineString","coordinates":[[128.93478,35.19654],[128.93479,35.19642],[128.9352,35.19326]]}},{"type":"Feature","properties":{"k":"stand"},"geometry":{"type":"LineString","coordinates":[[126.45615,37.44933],[126.45613,37.44938],[126.45612,37.44943],[126.45613,37.44948],[126.45615,37.44952],[126.45601,37.44973]]}},{"type":"Feature","properties":{"k":"stand","ref":"252"},"geometry":{"type":"LineString","coordinates":[[126.43726,37.4669],[126.43724,37.46686],[126.43723,37.46681],[126.43723,37.46675],[126.43724,37.46671],[126.43725,37.46666],[126.43728,37.46662],[126.43731,37.46658],[126.43735,37.46654],[126.4374,37.46651],[126.43748,37.46647],[126.43754,37.46646]]}},{"type":"Feature","properties":{"k":"gate","ref":"252"},"geometry":{"type":"Point","coordinates":[126.43754,37.46646]}},{"type":"Feature","properties":{"k":"stand","ref":"257"},"geometry":{"type":"LineString","coordinates":[[126.44065,37.46591],[126.44024,37.46519],[126.44003,37.46482],[126.44,37.46476],[126.43999,37.4647],[126.43998,37.46465],[126.43999,37.4646],[126.44001,37.46454],[126.44005,37.46449]]}},{"type":"Feature","properties":{"k":"gate","ref":"257"},"geometry":{"type":"Point","coordinates":[126.44005,37.46449]}},{"type":"Feature","properties":{"k":"stand","ref":"266"},"geometry":{"type":"LineString","coordinates":[[126.44035,37.46906],[126.44034,37.46909],[126.44034,37.46916],[126.44035,37.46922],[126.44038,37.46927],[126.44042,37.46932],[126.44048,37.46937],[126.44054,37.46941],[126.44061,37.46944],[126.4407,37.46945]]}},{"type":"Feature","properties":{"k":"gate","ref":"266"},"geometry":{"type":"Point","coordinates":[126.4407,37.46945]}},{"type":"Feature","properties":{"k":"stand","ref":"268"},"geometry":{"type":"LineString","coordinates":[[126.43806,37.46957],[126.439,37.47008],[126.43905,37.47011],[126.43905,37.47017],[126.43907,37.47021],[126.4391,37.47026],[126.43914,37.4703],[126.43919,37.47035],[126.43926,37.47038],[126.43933,37.47041],[126.4394,37.47042],[126.43945,37.47042]]}},{"type":"Feature","properties":{"k":"gate","ref":"268"},"geometry":{"type":"Point","coordinates":[126.43945,37.47042]}},{"type":"Feature","properties":{"k":"stand","ref":"265"},"geometry":{"type":"LineString","coordinates":[[126.44138,37.46894],[126.4413,37.46892],[126.44122,37.46889],[126.44114,37.46885],[126.44108,37.4688],[126.44104,37.46874],[126.44101,37.46867],[126.44101,37.4686],[126.44101,37.46854]]}},{"type":"Feature","properties":{"k":"gate","ref":"265"},"geometry":{"type":"Point","coordinates":[126.44101,37.46854]}},{"type":"Feature","properties":{"k":"stand","ref":"264"},"geometry":{"type":"LineString","coordinates":[[126.44177,37.46798],[126.44176,37.46803],[126.44177,37.46811],[126.44179,37.46816],[126.44182,37.46821],[126.44186,37.46826],[126.44191,37.4683],[126.44196,37.46833],[126.44202,37.46835],[126.44213,37.46837]]}},{"type":"Feature","properties":{"k":"gate","ref":"264"},"geometry":{"type":"Point","coordinates":[126.44213,37.46837]}},{"type":"Feature","properties":{"k":"stand"},"geometry":{"type":"LineString","coordinates":[[126.44921,37.45437],[126.44921,37.45433],[126.44923,37.45427],[126.44924,37.45424],[126.44927,37.45421],[126.44929,37.45418],[126.44931,37.45416],[126.44934,37.45414],[126.44937,37.45412],[126.44944,37.45408],[126.4495,37.45406],[126.44956,37.45405],[126.44963,37.45405],[126.44971,37.45406]]}},{"type":"Feature","properties":{"k":"stand","ref":"239R"},"geometry":{"type":"LineString","coordinates":[[126.43534,37.46113],[126.43532,37.46121],[126.4353,37.46128],[126.4353,37.46129],[126.43526,37.46134],[126.4352,37.4614],[126.43513,37.46143],[126.43506,37.46146],[126.43499,37.46148],[126.43495,37.46148]]}},{"type":"Feature","properties":{"k":"gate","ref":"239R"},"geometry":{"type":"Point","coordinates":[126.43495,37.46148]}},{"type":"Feature","properties":{"k":"stand","ref":"239R"},"geometry":{"type":"LineString","coordinates":[[126.43524,37.46107],[126.43515,37.4611],[126.43508,37.46115],[126.43502,37.4612],[126.43497,37.46126],[126.43494,37.46133],[126.43494,37.46139],[126.43494,37.46144],[126.43495,37.46148],[126.43442,37.46207]]}},{"type":"Feature","properties":{"k":"gate","ref":"239R"},"geometry":{"type":"Point","coordinates":[126.43442,37.46207]}},{"type":"Feature","properties":{"k":"stand"},"geometry":{"type":"LineString","coordinates":[[126.44586,37.44533],[126.44589,37.44538],[126.44591,37.4454],[126.44596,37.44544],[126.44605,37.44549],[126.4461,37.4455],[126.44615,37.44551],[126.44626,37.44552],[126.44635,37.44551],[126.44646,37.44546]]}},{"type":"Feature","properties":{"k":"stand"},"geometry":{"type":"LineString","coordinates":[[127.10756,37.45005],[127.10885,37.44991]]}},{"type":"Feature","properties":{"k":"stand"},"geometry":{"type":"LineString","coordinates":[[126.48421,33.50436],[126.48427,33.50434],[126.48435,33.5043]]}},{"type":"Feature","properties":{"k":"stand"},"geometry":{"type":"LineString","coordinates":[[126.49084,33.50949],[126.49081,33.50945],[126.49079,33.50942],[126.49078,33.50938],[126.49077,33.50936],[126.49077,33.50932],[126.49077,33.50928],[126.49077,33.50926],[126.49078,33.50924],[126.49102,33.50892],[126.49153,33.5082],[126.49155,33.50819],[126.49157,33.50817],[126.4916,33.50816],[126.49163,33.50815],[126.49165,33.50814],[126.49167,33.50813],[126.4917,33.50812],[126.49175,33.50813]]}},{"type":"Feature","properties":{"k":"stand"},"geometry":{"type":"LineString","coordinates":[[126.49153,33.5082],[126.49154,33.50816],[126.49155,33.50814],[126.49155,33.50812],[126.49155,33.50809],[126.49154,33.50806],[126.49153,33.50804],[126.49152,33.50802],[126.49151,33.508]]}},{"type":"Feature","properties":{"k":"stand"},"geometry":{"type":"LineString","coordinates":[[126.4905,33.50932],[126.49055,33.50932],[126.4906,33.50932],[126.49063,33.50932],[126.49067,33.50931],[126.4907,33.5093],[126.49072,33.50929],[126.49075,33.50927],[126.49078,33.50924]]}},{"type":"Feature","properties":{"k":"stand","ref":"R4"},"geometry":{"type":"LineString","coordinates":[[126.4488,37.44423],[126.44898,37.4443],[126.44901,37.44432],[126.44902,37.44434],[126.44902,37.4444],[126.44902,37.44449],[126.44898,37.44457],[126.44893,37.44462],[126.44889,37.44466]]}},{"type":"Feature","properties":{"k":"gate","ref":"R4"},"geometry":{"type":"Point","coordinates":[126.44889,37.44466]}},{"type":"Feature","properties":{"k":"rwy"},"geometry":{"type":"LineString","coordinates":[[127.88772,37.01776],[127.88767,37.0183],[127.88694,37.02581],[127.88614,37.03402],[127.88537,37.04187],[127.88532,37.04241]]}},{"type":"Feature","properties":{"k":"rwy"},"geometry":{"type":"LineString","coordinates":[[127.88269,37.04269],[127.88277,37.04174],[127.88302,37.0393],[127.88305,37.039],[127.88331,37.0363],[127.88337,37.03563],[127.88354,37.03384],[127.88368,37.03246],[127.88374,37.03181],[127.88429,37.02623],[127.88434,37.02577],[127.88435,37.02561],[127.88461,37.02299],[127.88464,37.02265],[127.88475,37.02155],[127.88479,37.02115],[127.88508,37.01813],[127.88513,37.0176]]}},{"type":"Feature","properties":{"k":"rwy"},"geometry":{"type":"LineString","coordinates":[[128.92937,37.74896],[128.93019,37.74921],[128.93211,37.74981],[128.93255,37.74995],[128.93302,37.7501],[128.93863,37.75188],[128.93939,37.75212],[128.94821,37.75491],[128.94914,37.7552],[128.953,37.75642],[128.95744,37.75783],[128.95827,37.75809]]}},{"type":"Feature","properties":{"k":"rwy"},"geometry":{"type":"LineString","coordinates":[[128.66028,38.07004],[128.66035,38.06997],[128.66108,38.06926],[128.66151,38.06883],[128.66189,38.06847],[128.6637,38.0667],[128.6655,38.06494],[128.66589,38.06456],[128.66792,38.06257],[128.66799,38.06251],[128.66837,38.06214],[128.66875,38.06176],[128.67196,38.05862],[128.67663,38.05406],[128.67749,38.05322],[128.67817,38.05255]]}},{"type":"Feature","properties":{"k":"rwy"},"geometry":{"type":"LineString","coordinates":[[129.40857,35.98777],[129.40869,35.98778],[129.40912,35.98778],[129.41411,35.98783],[129.41484,35.98784],[129.41994,35.9879],[129.42041,35.9879],[129.4208,35.98791],[129.42592,35.98797],[129.42631,35.98797],[129.42671,35.98798],[129.43164,35.98802],[129.43209,35.98803],[129.43221,35.98803]]}},{"type":"Feature","properties":{"k":"rwy"},"geometry":{"type":"LineString","coordinates":[[126.80206,35.11477],[126.80219,35.11496],[126.80239,35.11524],[126.80703,35.12187],[126.80726,35.1222],[126.80747,35.1225],[126.81216,35.12919],[126.81242,35.12956],[126.8127,35.12996],[126.81726,35.13647],[126.81749,35.1368],[126.81756,35.1369]]}},{"type":"Feature","properties":{"k":"rwy"},"geometry":{"type":"LineString","coordinates":[[126.80023,35.11564],[126.80036,35.11583],[126.80058,35.11614],[126.80253,35.11893],[126.80525,35.12281],[126.80543,35.12308],[126.80559,35.1233],[126.8104,35.13018],[126.8106,35.13046],[126.81081,35.13076],[126.81538,35.1373],[126.81562,35.13764],[126.81571,35.13777]]}},{"type":"Feature","properties":{"k":"rwy"},"geometry":{"type":"LineString","coordinates":[[128.93708,35.19668],[128.93742,35.19406]]}},{"type":"Feature","properties":{"k":"rwy"},"geometry":{"type":"LineString","coordinates":[[128.9352,35.19326],[128.93479,35.19642]]}},{"type":"Feature","properties":{"k":"stand"},"geometry":{"type":"LineString","coordinates":[[128.94601,35.16974],[128.94617,35.16973],[128.94628,35.16973],[128.94637,35.16974],[128.94645,35.16977],[128.94653,35.16981],[128.94659,35.16986],[128.94664,35.16991],[128.94671,35.17004],[128.94695,35.17048]]}},{"type":"Feature","properties":{"k":"stand"},"geometry":{"type":"LineString","coordinates":[[128.94683,35.16945],[128.94676,35.1695],[128.94672,35.16955],[128.94668,35.16961],[128.94665,35.16967],[128.94664,35.16972],[128.94663,35.16977],[128.94662,35.16981],[128.94662,35.16986],[128.94664,35.16991]]}},{"type":"Feature","properties":{"k":"stand"},"geometry":{"type":"LineString","coordinates":[[128.94656,35.17767],[128.9466,35.17769],[128.94669,35.17773],[128.94672,35.17775],[128.94676,35.17776],[128.94681,35.17776],[128.94686,35.17777],[128.94693,35.17778],[128.94701,35.17779],[128.94726,35.17793],[128.94784,35.17822]]}},{"type":"Feature","properties":{"k":"stand"},"geometry":{"type":"LineString","coordinates":[[128.9465,35.16957],[128.94653,35.16953],[128.94657,35.16948],[128.94661,35.16943],[128.94663,35.16938],[128.94665,35.16932],[128.94666,35.16926],[128.94666,35.1692],[128.94665,35.16914],[128.94665,35.16909],[128.94642,35.16862]]}},{"type":"Feature","properties":{"k":"stand"},"geometry":{"type":"LineString","coordinates":[[128.9475,35.1692],[128.94746,35.16925],[128.94743,35.1693],[128.9474,35.16935],[128.94738,35.1694],[128.94736,35.16945],[128.94734,35.1695],[128.94734,35.16957],[128.94735,35.16964]]}},{"type":"Feature","properties":{"k":"stand"},"geometry":{"type":"LineString","coordinates":[[128.94451,35.17431],[128.94449,35.17427],[128.94448,35.17424],[128.94444,35.17419],[128.94441,35.17415],[128.94437,35.17412],[128.94434,35.17409],[128.94431,35.17407],[128.94426,35.17406],[128.94422,35.17405]]}},{"type":"Feature","properties":{"k":"stand"},"geometry":{"type":"LineString","coordinates":[[128.94497,35.17068],[128.945,35.17066],[128.94502,35.17065],[128.94504,35.17064],[128.94506,35.17063],[128.94508,35.17063],[128.94511,35.17063],[128.94514,35.17063],[128.94517,35.17064],[128.94519,35.17065],[128.94521,35.17066],[128.94525,35.1707],[128.94529,35.17074],[128.94531,35.17076],[128.94532,35.17078],[128.94533,35.1708],[128.94534,35.17082]]}},{"type":"Feature","properties":{"k":"stand"},"geometry":{"type":"LineString","coordinates":[[128.94801,35.16902],[128.94799,35.16906],[128.94796,35.16911],[128.94794,35.16915],[128.94793,35.1692],[128.94792,35.16925],[128.94792,35.1693],[128.94792,35.16935],[128.94794,35.1694],[128.94795,35.16944]]}},{"type":"Feature","properties":{"k":"stand"},"geometry":{"type":"LineString","coordinates":[[128.94535,35.17247],[128.94595,35.17224]]}},{"type":"Feature","properties":{"k":"stand"},"geometry":{"type":"LineString","coordinates":[[128.94502,35.17036],[128.94503,35.17038],[128.94505,35.1704],[128.94509,35.17042],[128.94513,35.17044],[128.94518,35.17044],[128.94523,35.17043],[128.94528,35.17042],[128.94532,35.1704],[128.94536,35.17039],[128.94542,35.17041]]}},{"type":"Feature","properties":{"k":"stand"},"geometry":{"type":"LineString","coordinates":[[128.94242,35.1927],[128.94237,35.19316],[128.94237,35.19317],[128.94236,35.19319],[128.94235,35.19322],[128.94233,35.19324],[128.94228,35.19328],[128.94225,35.1933],[128.94222,35.19332],[128.94219,35.19333],[128.94213,35.19334]]}},{"type":"Feature","properties":{"k":"stand"},"geometry":{"type":"LineString","coordinates":[[128.94296,35.18119],[128.94304,35.1811],[128.94309,35.18106],[128.94315,35.18103],[128.94322,35.181],[128.94329,35.18098],[128.94339,35.18097]]}},{"type":"Feature","properties":{"k":"stand"},"geometry":{"type":"LineString","coordinates":[[128.94305,35.18048],[128.94314,35.18037],[128.9432,35.18032],[128.94327,35.18028],[128.94334,35.18026],[128.94341,35.18024],[128.94347,35.18023]]}},{"type":"Feature","properties":{"k":"rwy"},"geometry":{"type":"LineString","coordinates":[[126.71147,33.40365],[126.71157,33.3829]]}},{"type":"Feature","properties":{"k":"stand"},"geometry":{"type":"LineString","coordinates":[[128.93937,35.16561],[128.93943,35.16517]]}},{"type":"Feature","properties":{"k":"bldg"},"geometry":{"type":"Polygon","coordinates":[[[128.63709,35.90013],[128.63722,35.90029],[128.63716,35.90033],[128.63727,35.90046],[128.63719,35.90051],[128.63721,35.90054],[128.63715,35.90057],[128.63729,35.90073],[128.63734,35.9007],[128.63739,35.90075],[128.63746,35.90071],[128.63785,35.9005],[128.63826,35.90027],[128.63866,35.90005],[128.63859,35.89997],[128.63854,35.89991],[128.63852,35.89992],[128.63847,35.89986],[128.63849,35.89985],[128.63845,35.89981],[128.63839,35.89985],[128.63828,35.89972],[128.63835,35.89968],[128.63842,35.89978],[128.63889,35.89952],[128.63892,35.89956],[128.63908,35.89947],[128.63934,35.89933],[128.63948,35.89925],[128.63983,35.89906],[128.6399,35.89902],[128.63994,35.899],[128.63991,35.89897],[128.63999,35.89893],[128.63994,35.89888],[128.63987,35.89892],[128.63966,35.89867],[128.63959,35.8987],[128.63943,35.89879],[128.63939,35.89873],[128.6391,35.89889],[128.63906,35.89885],[128.63897,35.89891],[128.639,35.89894],[128.63893,35.89898],[128.63898,35.89904],[128.63864,35.89923],[128.63837,35.89938],[128.63829,35.89943],[128.63805,35.89956],[128.63807,35.89959],[128.63799,35.89964],[128.63783,35.89973],[128.63759,35.89986],[128.63726,35.90004],[128.63709,35.90013]]]}},{"type":"Feature","properties":{"k":"bldg"},"geometry":{"type":"Polygon","coordinates":[[[128.66198,38.05915],[128.66236,38.05939],[128.66244,38.05931],[128.66264,38.05943],[128.66246,38.05961],[128.66253,38.05965],[128.66265,38.05953],[128.66277,38.05941],[128.66304,38.05915],[128.66354,38.05867],[128.66364,38.05856],[128.66397,38.05823],[128.66408,38.05812],[128.66401,38.05807],[128.66376,38.05831],[128.66362,38.05822],[128.6637,38.05814],[128.66337,38.05793],[128.6634,38.05791],[128.66331,38.05785],[128.66253,38.05862],[128.66198,38.05915]]]}},{"type":"Feature","properties":{"k":"bldg"},"geometry":{"type":"Polygon","coordinates":[[[126.49264,33.50738],[126.49243,33.50706],[126.49237,33.50708],[126.49235,33.50706],[126.4923,33.50698],[126.49234,33.50696],[126.49217,33.50667],[126.49204,33.5066],[126.49199,33.50657],[126.49186,33.5065],[126.49185,33.50653],[126.49194,33.50657],[126.49194,33.50658],[126.49195,33.50659],[126.49195,33.50659],[126.49195,33.5066],[126.49194,33.50661],[126.49193,33.50662],[126.49192,33.50662],[126.49191,33.50661],[126.49182,33.50657],[126.49179,33.50661],[126.49176,33.50666],[126.49174,33.50667],[126.49173,33.50667],[126.49171,33.50667],[126.4917,33.50666],[126.49169,33.50665],[126.49168,33.50664],[126.49168,33.50662],[126.49169,33.50661],[126.49172,33.50657],[126.49179,33.50647],[126.49118,33.50614],[126.49116,33.50617],[126.49126,33.50621],[126.49127,33.50622],[126.49127,33.50623],[126.49127,33.50623],[126.49127,33.50624],[126.49126,33.50625],[126.49125,33.50625],[126.49124,33.50625],[126.49123,33.50625],[126.49114,33.5062],[126.4911,33.50625],[126.49109,33.50627],[126.49108,33.50628],[126.49107,33.50629],[126.49106,33.5063],[126.49105,33.5063],[126.49103,33.5063],[126.49102,33.50629],[126.49101,33.50629],[126.491,33.50628],[126.491,33.50627],[126.491,33.50625],[126.49101,33.50624],[126.49103,33.50621],[126.49111,33.50611],[126.49051,33.50581],[126.49049,33.50584],[126.49057,33.50589],[126.49058,33.50589],[126.49059,33.5059],[126.49059,33.50591],[126.49058,33.50592],[126.49058,33.50592],[126.49057,33.50593],[126.49056,33.50593],[126.49046,33.50588],[126.49044,33.50591],[126.4904,33.50596],[126.49039,33.50597],[126.49038,33.50598],[126.49037,33.50598],[126.49035,33.50598],[126.49034,33.50597],[126.49033,33.50597],[126.49032,33.50596],[126.49032,33.50595],[126.49032,33.50593],[126.49033,33.50592],[126.49036,33.50587],[126.49043,33.50578],[126.49029,33.50571],[126.48985,33.50547],[126.48983,33.50549],[126.48992,33.50554],[126.48993,33.50555],[126.48993,33.50555],[126.48993,33.50556],[126.48993,33.50557],[126.48992,33.50558],[126.48991,33.50558],[126.4899,33.50558],[126.4898,33.50554],[126.48978,33.50556],[126.48972,33.50564],[126.48971,33.50565],[126.48971,33.50565],[126.48969,33.50566],[126.48968,33.50566],[126.48967,33.50565],[126.48966,33.50564],[126.48965,33.50563],[126.48965,33.50561],[126.48966,33.50559],[126.48971,33.50553],[126.48977,33.50544],[126.48973,33.50541],[126.48986,33.50524],[126.48997,33.50511],[126.49059,33.50544],[126.49119,33.50575],[126.49118,33.50577],[126.49139,33.50586],[126.49144,33.50579],[126.49181,33.50598],[126.49189,33.50595],[126.49188,33.50592],[126.49212,33.50561],[126.49237,33.50576],[126.49242,33.50573],[126.49256,33.50594],[126.49259,33.50593],[126.49294,33.50644],[126.49301,33.50655],[126.49303,33.50657],[126.49304,33.50659],[126.49307,33.50661],[126.49309,33.50663],[126.49307,33.50664],[126.49302,33.50667],[126.49304,33.50671],[126.49307,33.50674],[126.4931,33.50676],[126.49315,33.50678],[126.49319,33.50679],[126.49323,33.50679],[126.49323,33.50675],[126.49323,33.50673],[126.49324,33.5067],[126.49326,33.50672],[126.4933,33.50672],[126.49333,33.50673],[126.49337,33.50673],[126.49355,33.50674],[126.49403,33.50676],[126.49449,33.50678],[126.49454,33.50678],[126.49459,33.50677],[126.49469,33.50675],[126.49484,33.50671],[126.49484,33.50673],[126.49485,33.5068],[126.4956,33.50682],[126.49559,33.50702],[126.49555,33.50702],[126.49555,33.50719],[126.49555,33.50744],[126.49549,33.50743],[126.49549,33.50751],[126.49537,33.5075],[126.49536,33.5075],[126.49536,33.50749],[126.49536,33.50749],[126.49535,33.50748],[126.49535,33.50747],[126.49536,33.50747],[126.49536,33.50746],[126.49537,33.50746],[126.49543,33.50746],[126.49543,33.50743],[126.49516,33.50743],[126.49487,33.50742],[126.49484,33.50742],[126.49484,33.50749],[126.49474,33.50749],[126.49473,33.50749],[126.49472,33.50748],[126.49472,33.50748],[126.49471,33.50747],[126.49471,33.50746],[126.49471,33.50745],[126.49473,33.50745],[126.49478,33.50744],[126.49478,33.50741],[126.49432,33.50741],[126.4941,33.50741],[126.49411,33.50742],[126.49412,33.50742],[126.49413,33.50742],[126.49414,33.50743],[126.49414,33.50743],[126.49414,33.50744],[126.49414,33.50745],[126.49414,33.50746],[126.49413,33.50746],[126.49412,33.50747],[126.49411,33.50747],[126.49404,33.50747],[126.49404,33.5074],[126.49393,33.5074],[126.4938,33.50739],[126.49321,33.50739],[126.49322,33.50745],[126.49314,33.50745],[126.49313,33.50745],[126.49312,33.50744],[126.49311,33.50744],[126.4931,33.50744],[126.4931,33.50743],[126.4931,33.50742],[126.4931,33.50741],[126.4931,33.50741],[126.49311,33.5074],[126.49312,33.5074],[126.49313,33.5074],[126.49313,33.50739],[126.49269,33.50738],[126.49264,33.50738]]]}},{"type":"Feature","properties":{"k":"bldg"},"geometry":{"type":"Polygon","coordinates":[[[127.49508,36.722],[127.49619,36.7227],[127.49665,36.72224],[127.49696,36.72243],[127.49716,36.72224],[127.49687,36.72205],[127.49604,36.72153],[127.4956,36.72125],[127.4953,36.72107],[127.49529,36.72106],[127.49522,36.72113],[127.4953,36.72118],[127.49517,36.72133],[127.49522,36.72136],[127.49484,36.72175],[127.49514,36.72194],[127.49508,36.722]]]}},{"type":"Feature","properties":{"k":"bldg"},"geometry":{"type":"Polygon","coordinates":[[[128.94916,35.17706],[128.94946,35.17721],[128.94926,35.17748],[128.94896,35.17732],[128.94916,35.17706]]]}},{"type":"Feature","properties":{"k":"bldg"},"geometry":{"type":"Polygon","coordinates":[[[126.80317,37.55821],[126.80321,37.55824],[126.80346,37.55804],[126.80398,37.55763],[126.80444,37.55726],[126.80459,37.55714],[126.80476,37.55701],[126.80492,37.55687],[126.8052,37.55666],[126.80535,37.55653],[126.80543,37.55647],[126.8055,37.5567],[126.80496,37.55713],[126.80482,37.55725],[126.80414,37.55779],[126.80364,37.55818],[126.80366,37.5582],[126.80354,37.55829],[126.80371,37.55843],[126.80398,37.55821],[126.80398,37.55824],[126.80412,37.55814],[126.80446,37.55786],[126.80456,37.55794],[126.80469,37.55804],[126.8044,37.55828],[126.80412,37.5585],[126.80401,37.55858],[126.804,37.55855],[126.80389,37.55864],[126.80363,37.55885],[126.80318,37.5592],[126.80284,37.55948],[126.80258,37.55969],[126.80254,37.55969],[126.80235,37.55967],[126.80224,37.55967],[126.80215,37.55966],[126.80224,37.55959],[126.80242,37.55945],[126.80225,37.55932],[126.80214,37.55941],[126.80214,37.55937],[126.80168,37.55975],[126.80127,37.56008],[126.80085,37.56042],[126.80079,37.56047],[126.80063,37.56044],[126.8005,37.5604],[126.80058,37.56034],[126.80076,37.56019],[126.80119,37.55984],[126.80177,37.55938],[126.80219,37.55906],[126.80215,37.55902],[126.80219,37.55899],[126.80217,37.55874],[126.80217,37.55867],[126.80273,37.55823],[126.80278,37.55823],[126.80313,37.55824],[126.80317,37.55821]]]}},{"type":"Feature","properties":{"k":"bldg"},"geometry":{"type":"Polygon","coordinates":[[[126.79916,37.56492],[126.79935,37.56507],[126.7993,37.56511],[126.79951,37.56528],[126.79942,37.56535],[126.79942,37.56548],[126.7995,37.56554],[126.79951,37.56563],[126.79995,37.56598],[126.79994,37.56599],[126.80003,37.56605],[126.80002,37.56607],[126.80015,37.56617],[126.80069,37.5666],[126.80068,37.56661],[126.80079,37.5667],[126.80083,37.56667],[126.80096,37.56678],[126.80106,37.56686],[126.80125,37.56701],[126.80137,37.56701],[126.80142,37.56697],[126.80149,37.56703],[126.80165,37.56703],[126.80168,37.567],[126.8019,37.56717],[126.80192,37.56715],[126.80195,37.56713],[126.80215,37.56728],[126.80211,37.56731],[126.80243,37.56755],[126.80246,37.56753],[126.80261,37.56765],[126.80274,37.56775],[126.8027,37.56778],[126.80307,37.56806],[126.80308,37.56807],[126.80312,37.56804],[126.80323,37.56796],[126.80228,37.56721],[126.80245,37.56708],[126.80186,37.56661],[126.80185,37.56647],[126.80206,37.5663],[126.80189,37.56616],[126.80205,37.56603],[126.80173,37.56578],[126.80148,37.56558],[126.80107,37.56525],[126.80074,37.56499],[126.80057,37.56512],[126.80039,37.56498],[126.80018,37.56515],[126.8,37.56514],[126.79984,37.56527],[126.79894,37.56455],[126.79832,37.56406],[126.7982,37.56415],[126.79816,37.56418],[126.79855,37.56448],[126.79858,37.56446],[126.79885,37.56467],[126.79882,37.56469],[126.79913,37.56494],[126.79916,37.56492]]]}},{"type":"Feature","properties":{"k":"bldg"},"geometry":{"type":"Polygon","coordinates":[[[126.8121,37.55178],[126.81364,37.55056],[126.81273,37.54984],[126.81118,37.55106],[126.8121,37.55178]]]}},{"type":"Feature","properties":{"k":"bldg"},"geometry":{"type":"Polygon","coordinates":[[[126.80761,37.55539],[126.80706,37.55495],[126.8063,37.55554],[126.80708,37.55616],[126.80782,37.55557],[126.80761,37.55539]]]}},{"type":"Feature","properties":{"k":"bldg"},"geometry":{"type":"Polygon","coordinates":[[[126.71763,33.40196],[126.71764,33.40118],[126.71709,33.40117],[126.7171,33.40135],[126.7171,33.4016],[126.71708,33.40186],[126.71708,33.40196],[126.71763,33.40196]]]}},{"type":"Feature","properties":{"k":"bldg"},"geometry":{"type":"Polygon","coordinates":[[[126.4993,33.51056],[126.49998,33.5107],[126.50015,33.51012],[126.49947,33.50998],[126.4993,33.51056]]]}},{"type":"Feature","properties":{"k":"bldg"},"geometry":{"type":"Polygon","coordinates":[[[126.4317,37.47649],[126.43066,37.4759],[126.42948,37.47722],[126.43053,37.4778],[126.4317,37.47649]]]}},{"type":"Feature","properties":{"k":"bldg"},"geometry":{"type":"Polygon","coordinates":[[[126.42747,37.47942],[126.42725,37.47967],[126.42722,37.47965],[126.42703,37.47986],[126.42706,37.47988],[126.42689,37.48006],[126.42798,37.48068],[126.42855,37.48002],[126.42747,37.47942]]]}},{"type":"Feature","properties":{"k":"bldg"},"geometry":{"type":"Polygon","coordinates":[[[129.35549,35.59315],[129.3555,35.59315],[129.3555,35.59322],[129.35558,35.59322],[129.35558,35.59322],[129.35558,35.59321],[129.35585,35.59322],[129.35585,35.59324],[129.35595,35.59324],[129.35596,35.59317],[129.35605,35.59318],[129.35605,35.59306],[129.356,35.59306],[129.35602,35.59275],[129.35607,35.59275],[129.35607,35.59263],[129.35602,35.59263],[129.35603,35.59254],[129.35557,35.59253],[129.35557,35.5926],[129.35551,35.5926],[129.35551,35.59262],[129.35551,35.59271],[129.35549,35.59312],[129.35549,35.59315]]]}},{"type":"Feature","properties":{"k":"bldg"},"geometry":{"type":"Polygon","coordinates":[[[129.43478,35.98445],[129.43471,35.98415],[129.43461,35.98415],[129.43459,35.98379],[129.43348,35.98378],[129.43348,35.98414],[129.43341,35.98414],[129.43327,35.98445],[129.43358,35.98445],[129.43422,35.98445],[129.43478,35.98445]]]}},{"type":"Feature","properties":{"k":"bldg"},"geometry":{"type":"Polygon","coordinates":[[[126.81076,35.14042],[126.81023,35.13973],[126.81076,35.13946],[126.8108,35.13952],[126.81111,35.13993],[126.81128,35.14015],[126.81076,35.14042]]]}},{"type":"Feature","properties":{"k":"bldg"},"geometry":{"type":"Polygon","coordinates":[[[127.97706,37.45942],[127.97681,37.45918],[127.97721,37.4589],[127.97746,37.45914],[127.97706,37.45942]]]}},{"type":"Feature","properties":{"k":"bldg"},"geometry":{"type":"Polygon","coordinates":[[[128.95569,37.76104],[128.95708,37.76149],[128.95698,37.7617],[128.95558,37.76125],[128.95569,37.76104]]]}},{"type":"Feature","properties":{"k":"bldg"},"geometry":{"type":"Polygon","coordinates":[[[126.46753,36.70409],[126.46754,36.70389],[126.46729,36.70388],[126.46728,36.70408],[126.46753,36.70409]]]}},{"type":"Feature","properties":{"k":"bldg"},"geometry":{"type":"Polygon","coordinates":[[[126.4694,36.7038],[126.46941,36.7036],[126.46916,36.70359],[126.46915,36.70379],[126.4694,36.7038]]]}},{"type":"Feature","properties":{"k":"bldg"},"geometry":{"type":"Polygon","coordinates":[[[126.46941,36.70334],[126.46942,36.70314],[126.46917,36.70313],[126.46915,36.70333],[126.46941,36.70334]]]}},{"type":"Feature","properties":{"k":"bldg"},"geometry":{"type":"Polygon","coordinates":[[[126.46941,36.70424],[126.46942,36.70404],[126.46916,36.70403],[126.46915,36.70423],[126.46941,36.70424]]]}},{"type":"Feature","properties":{"k":"bldg"},"geometry":{"type":"Polygon","coordinates":[[[126.46942,36.70468],[126.46943,36.70448],[126.46917,36.70447],[126.46916,36.70467],[126.46942,36.70468]]]}},{"type":"Feature","properties":{"k":"bldg"},"geometry":{"type":"Polygon","coordinates":[[[126.4693,36.7052],[126.46951,36.70513],[126.46939,36.7049],[126.46918,36.70496],[126.4693,36.7052]]]}},{"type":"Feature","properties":{"k":"bldg"},"geometry":{"type":"Polygon","coordinates":[[[126.47018,36.70595],[126.46996,36.70578],[126.47011,36.70565],[126.47033,36.70582],[126.47018,36.70595]]]}},{"type":"Feature","properties":{"k":"bldg"},"geometry":{"type":"Polygon","coordinates":[[[126.46978,36.70562],[126.46996,36.70548],[126.46975,36.7053],[126.46957,36.70545],[126.46978,36.70562]]]}},{"type":"Feature","properties":{"k":"bldg"},"geometry":{"type":"Polygon","coordinates":[[[126.46755,36.70421],[126.46756,36.70444],[126.46731,36.70446],[126.46729,36.70422],[126.46755,36.70421]]]}},{"type":"Feature","properties":{"k":"bldg"},"geometry":{"type":"Polygon","coordinates":[[[126.46758,36.70458],[126.46771,36.70478],[126.46751,36.70486],[126.46738,36.70466],[126.46758,36.70458]]]}},{"type":"Feature","properties":{"k":"bldg"},"geometry":{"type":"Polygon","coordinates":[[[126.46785,36.70495],[126.46798,36.70516],[126.46778,36.70524],[126.46765,36.70504],[126.46785,36.70495]]]}},{"type":"Feature","properties":{"k":"bldg"},"geometry":{"type":"Polygon","coordinates":[[[126.46813,36.70534],[126.46826,36.70554],[126.46806,36.70562],[126.46793,36.70542],[126.46813,36.70534]]]}},{"type":"Feature","properties":{"k":"bldg"},"geometry":{"type":"Polygon","coordinates":[[[126.4684,36.70571],[126.46853,36.70591],[126.46833,36.706],[126.4682,36.70579],[126.4684,36.70571]]]}},{"type":"Feature","properties":{"k":"bldg"},"geometry":{"type":"Polygon","coordinates":[[[126.46868,36.7061],[126.46881,36.7063],[126.46861,36.70639],[126.46848,36.70618],[126.46868,36.7061]]]}},{"type":"Feature","properties":{"k":"bldg"},"geometry":{"type":"Polygon","coordinates":[[[126.46896,36.70649],[126.46909,36.70669],[126.46889,36.70678],[126.46876,36.70657],[126.46896,36.70649]]]}},{"type":"Feature","properties":{"k":"bldg"},"geometry":{"type":"Polygon","coordinates":[[[126.46923,36.70687],[126.46936,36.70708],[126.46916,36.70716],[126.46903,36.70696],[126.46923,36.70687]]]}},{"type":"Feature","properties":{"k":"bldg"},"geometry":{"type":"Polygon","coordinates":[[[126.46946,36.70719],[126.46959,36.7074],[126.46939,36.70748],[126.46926,36.70728],[126.46946,36.70719]]]}},{"type":"Feature","properties":{"k":"bldg"},"geometry":{"type":"Polygon","coordinates":[[[126.46965,36.70747],[126.46978,36.70767],[126.46958,36.70776],[126.46945,36.70755],[126.46965,36.70747]]]}},{"type":"Feature","properties":{"k":"bldg"},"geometry":{"type":"Polygon","coordinates":[[[126.50286,36.70988],[126.50343,36.70938],[126.5038,36.70965],[126.50361,36.70983],[126.50372,36.7099],[126.50367,36.70995],[126.50356,36.70987],[126.5034,36.71001],[126.5035,36.71008],[126.50332,36.71025],[126.5031,36.71009],[126.50317,36.71002],[126.50301,36.70991],[126.50296,36.70996],[126.50286,36.70988]]]}},{"type":"Feature","properties":{"k":"bldg"},"geometry":{"type":"Polygon","coordinates":[[[126.49667,36.71166],[126.49687,36.71159],[126.49676,36.71139],[126.49656,36.71146],[126.49667,36.71166]]]}},{"type":"Feature","properties":{"k":"bldg"},"geometry":{"type":"Polygon","coordinates":[[[126.48633,36.69489],[126.48616,36.69462],[126.48643,36.69451],[126.4866,36.69478],[126.48633,36.69489]]]}},{"type":"Feature","properties":{"k":"bldg"},"geometry":{"type":"Polygon","coordinates":[[[126.47679,36.70142],[126.47645,36.7013],[126.47658,36.70107],[126.47692,36.7012],[126.47679,36.70142]]]}},{"type":"Feature","properties":{"k":"bldg"},"geometry":{"type":"Polygon","coordinates":[[[126.47495,36.69821],[126.47457,36.69824],[126.47454,36.698],[126.47492,36.69797],[126.47495,36.69821]]]}},{"type":"Feature","properties":{"k":"bldg"},"geometry":{"type":"Polygon","coordinates":[[[126.48949,36.69388],[126.48965,36.69415],[126.48937,36.69425],[126.48921,36.69398],[126.48949,36.69388]]]}},{"type":"Feature","properties":{"k":"bldg"},"geometry":{"type":"Polygon","coordinates":[[[126.47723,36.69911],[126.47698,36.69889],[126.4772,36.69872],[126.47746,36.69895],[126.47723,36.69911]]]}},{"type":"Feature","properties":{"k":"bldg"},"geometry":{"type":"Polygon","coordinates":[[[126.47823,36.70488],[126.47808,36.70462],[126.47911,36.70425],[126.47925,36.70451],[126.47823,36.70488]]]}},{"type":"Feature","properties":{"k":"bldg"},"geometry":{"type":"Polygon","coordinates":[[[126.48913,36.69321],[126.48934,36.69346],[126.48909,36.6936],[126.48888,36.69335],[126.48913,36.69321]]]}},{"type":"Feature","properties":{"k":"bldg"},"geometry":{"type":"Polygon","coordinates":[[[126.47543,36.70176],[126.47536,36.70147],[126.47566,36.70142],[126.47573,36.70172],[126.47543,36.70176]]]}},{"type":"Feature","properties":{"k":"bldg"},"geometry":{"type":"Polygon","coordinates":[[[126.49128,36.69916],[126.49183,36.69894],[126.4914,36.69817],[126.49084,36.6984],[126.49128,36.69916]]]}},{"type":"Feature","properties":{"k":"bldg"},"geometry":{"type":"Polygon","coordinates":[[[126.48675,36.69395],[126.48641,36.69409],[126.48627,36.69388],[126.48661,36.69374],[126.48675,36.69395]]]}},{"type":"Feature","properties":{"k":"bldg"},"geometry":{"type":"Polygon","coordinates":[[[126.48741,36.69531],[126.48705,36.6954],[126.48696,36.69516],[126.48733,36.69508],[126.48741,36.69531]]]}},{"type":"Feature","properties":{"k":"bldg"},"geometry":{"type":"Polygon","coordinates":[[[126.48766,36.69043],[126.48728,36.69046],[126.48725,36.69022],[126.48762,36.69019],[126.48766,36.69043]]]}},{"type":"Feature","properties":{"k":"bldg"},"geometry":{"type":"Polygon","coordinates":[[[126.49215,36.69883],[126.49201,36.69859],[126.49232,36.69847],[126.49246,36.69872],[126.49215,36.69883]]]}},{"type":"Feature","properties":{"k":"bldg"},"geometry":{"type":"Polygon","coordinates":[[[126.47603,36.70254],[126.47573,36.70235],[126.47593,36.70216],[126.47622,36.70235],[126.47603,36.70254]]]}},{"type":"Feature","properties":{"k":"bldg"},"geometry":{"type":"Polygon","coordinates":[[[126.48682,36.69272],[126.48717,36.6926],[126.48729,36.69282],[126.48695,36.69294],[126.48682,36.69272]]]}},{"type":"Feature","properties":{"k":"bldg"},"geometry":{"type":"Polygon","coordinates":[[[126.4728,36.70002],[126.47317,36.70008],[126.4731,36.70032],[126.47273,36.70026],[126.4728,36.70002]]]}},{"type":"Feature","properties":{"k":"bldg"},"geometry":{"type":"Polygon","coordinates":[[[126.47802,36.70076],[126.47778,36.70052],[126.47802,36.70037],[126.47826,36.7006],[126.47802,36.70076]]]}},{"type":"Feature","properties":{"k":"bldg"},"geometry":{"type":"Polygon","coordinates":[[[126.48807,36.69343],[126.48828,36.69368],[126.48802,36.69382],[126.48781,36.69357],[126.48807,36.69343]]]}},{"type":"Feature","properties":{"k":"bldg"},"geometry":{"type":"Polygon","coordinates":[[[126.49607,36.71189],[126.49628,36.71182],[126.49616,36.71161],[126.49596,36.71168],[126.49607,36.71189]]]}},{"type":"Feature","properties":{"k":"bldg"},"geometry":{"type":"Polygon","coordinates":[[[126.47409,36.70033],[126.47406,36.70063],[126.47376,36.70061],[126.47379,36.70031],[126.47409,36.70033]]]}},{"type":"Feature","properties":{"k":"bldg"},"geometry":{"type":"Polygon","coordinates":[[[126.48573,36.69288],[126.48545,36.69268],[126.48565,36.6925],[126.48593,36.6927],[126.48573,36.69288]]]}},{"type":"Feature","properties":{"k":"bldg"},"geometry":{"type":"Polygon","coordinates":[[[126.47542,36.70024],[126.47504,36.70021],[126.47507,36.69997],[126.47545,36.7],[126.47542,36.70024]]]}},{"type":"Feature","properties":{"k":"bldg"},"geometry":{"type":"Polygon","coordinates":[[[126.48613,36.69019],[126.48599,36.6899],[126.48627,36.68981],[126.48641,36.69009],[126.48613,36.69019]]]}},{"type":"Feature","properties":{"k":"bldg"},"geometry":{"type":"Polygon","coordinates":[[[126.48855,36.69265],[126.48848,36.69236],[126.48878,36.69231],[126.48885,36.69261],[126.48855,36.69265]]]}},{"type":"Feature","properties":{"k":"bldg"},"geometry":{"type":"Polygon","coordinates":[[[126.48541,36.69167],[126.48567,36.69145],[126.48589,36.69162],[126.48563,36.69184],[126.48541,36.69167]]]}},{"type":"Feature","properties":{"k":"bldg"},"geometry":{"type":"Polygon","coordinates":[[[126.47346,36.69908],[126.47319,36.6993],[126.47297,36.69912],[126.47324,36.69891],[126.47346,36.69908]]]}},{"type":"Feature","properties":{"k":"bldg"},"geometry":{"type":"Polygon","coordinates":[[[126.47559,36.69882],[126.47529,36.69864],[126.47546,36.69844],[126.47577,36.69862],[126.47559,36.69882]]]}},{"type":"Feature","properties":{"k":"bldg"},"geometry":{"type":"Polygon","coordinates":[[[126.47731,36.70297],[126.47694,36.70291],[126.47699,36.70267],[126.47737,36.70273],[126.47731,36.70297]]]}},{"type":"Feature","properties":{"k":"bldg"},"geometry":{"type":"Polygon","coordinates":[[[126.49093,36.69928],[126.4908,36.69904],[126.49046,36.69916],[126.49059,36.6994],[126.49093,36.69928]]]}},{"type":"Feature","properties":{"k":"bldg"},"geometry":{"type":"Polygon","coordinates":[[[126.47805,36.70645],[126.4777,36.70582],[126.47961,36.70514],[126.47996,36.70576],[126.47805,36.70645]]]}},{"type":"Feature","properties":{"k":"bldg"},"geometry":{"type":"Polygon","coordinates":[[[126.4765,36.6996],[126.47616,36.69974],[126.47602,36.69952],[126.47636,36.69938],[126.4765,36.6996]]]}},{"type":"Feature","properties":{"k":"bldg"},"geometry":{"type":"Polygon","coordinates":[[[126.47437,36.69965],[126.47406,36.69947],[126.47425,36.69927],[126.47455,36.69945],[126.47437,36.69965]]]}},{"type":"Feature","properties":{"k":"bldg"},"geometry":{"type":"Polygon","coordinates":[[[126.47242,36.69942],[126.47241,36.69972],[126.47211,36.69971],[126.47212,36.69941],[126.47242,36.69942]]]}},{"type":"Feature","properties":{"k":"bldg"},"geometry":{"type":"Polygon","coordinates":[[[126.49199,36.69985],[126.4919,36.69966],[126.49221,36.69955],[126.49231,36.69974],[126.49199,36.69985]]]}},{"type":"Feature","properties":{"k":"bldg"},"geometry":{"type":"Polygon","coordinates":[[[126.4782,36.70163],[126.47805,36.70135],[126.47832,36.70125],[126.47848,36.70153],[126.4782,36.70163]]]}},{"type":"Feature","properties":{"k":"bldg"},"geometry":{"type":"Polygon","coordinates":[[[126.47802,36.70219],[126.47781,36.70194],[126.47807,36.70181],[126.47828,36.70206],[126.47802,36.70219]]]}},{"type":"Feature","properties":{"k":"bldg"},"geometry":{"type":"Polygon","coordinates":[[[126.47419,36.69853],[126.47392,36.69874],[126.47371,36.69856],[126.47399,36.69835],[126.47419,36.69853]]]}},{"type":"Feature","properties":{"k":"bldg"},"geometry":{"type":"Polygon","coordinates":[[[126.48821,36.69163],[126.48792,36.69142],[126.48813,36.69124],[126.48841,36.69144],[126.48821,36.69163]]]}},{"type":"Feature","properties":{"k":"bldg"},"geometry":{"type":"Polygon","coordinates":[[[126.48493,36.69235],[126.48477,36.69207],[126.48505,36.69197],[126.48521,36.69224],[126.48493,36.69235]]]}},{"type":"Feature","properties":{"k":"bldg"},"geometry":{"type":"Polygon","coordinates":[[[126.49649,36.71173],[126.49638,36.71152],[126.49656,36.71146],[126.49667,36.71166],[126.49649,36.71173]]]}},{"type":"Feature","properties":{"k":"bldg"},"geometry":{"type":"Polygon","coordinates":[[[126.48783,36.69086],[126.48776,36.69056],[126.48806,36.69052],[126.48813,36.69081],[126.48783,36.69086]]]}},{"type":"Feature","properties":{"k":"bldg"},"geometry":{"type":"Polygon","coordinates":[[[126.49589,36.71195],[126.49578,36.71175],[126.49596,36.71168],[126.49607,36.71189],[126.49589,36.71195]]]}},{"type":"Feature","properties":{"k":"bldg"},"geometry":{"type":"Polygon","coordinates":[[[126.48823,36.69485],[126.48793,36.69504],[126.48775,36.69484],[126.48805,36.69466],[126.48823,36.69485]]]}},{"type":"Feature","properties":{"k":"bldg"},"geometry":{"type":"Polygon","coordinates":[[[126.49292,36.69805],[126.49286,36.69807],[126.49283,36.69801],[126.49289,36.69799],[126.49292,36.69805]]]}},{"type":"Feature","properties":{"k":"bldg"},"geometry":{"type":"Polygon","coordinates":[[[126.5022,36.71047],[126.50262,36.7101],[126.50333,36.71061],[126.50291,36.71098],[126.50255,36.71072],[126.5022,36.71047]]]}},{"type":"Feature","properties":{"k":"bldg"},"geometry":{"type":"Polygon","coordinates":[[[126.5022,36.71047],[126.50194,36.7107],[126.50221,36.71089],[126.50214,36.71096],[126.50222,36.71102],[126.50255,36.71072],[126.5022,36.71047]]]}},{"type":"Feature","properties":{"k":"bldg"},"geometry":{"type":"Polygon","coordinates":[[[126.49028,36.69885],[126.49016,36.69864],[126.49063,36.69847],[126.49075,36.69868],[126.49061,36.69873],[126.49068,36.69884],[126.49049,36.69891],[126.49043,36.6988],[126.49028,36.69885]]]}},{"type":"Feature","properties":{"k":"bldg"},"geometry":{"type":"Polygon","coordinates":[[[126.48388,36.71142],[126.48386,36.71111],[126.48416,36.7111],[126.48418,36.7114],[126.48388,36.71142]]]}},{"type":"Feature","properties":{"k":"bldg"},"geometry":{"type":"Polygon","coordinates":[[[126.49579,36.70955],[126.49549,36.70937],[126.49567,36.70917],[126.49598,36.70936],[126.49579,36.70955]]]}},{"type":"Feature","properties":{"k":"bldg"},"geometry":{"type":"Polygon","coordinates":[[[126.49644,36.70621],[126.4962,36.70597],[126.49643,36.70582],[126.49667,36.70605],[126.49644,36.70621]]]}},{"type":"Feature","properties":{"k":"bldg"},"geometry":{"type":"Polygon","coordinates":[[[126.47418,36.69429],[126.47427,36.69394],[126.47393,36.69389],[126.47384,36.69424],[126.47418,36.69429]]]}},{"type":"Feature","properties":{"k":"bldg"},"geometry":{"type":"Polygon","coordinates":[[[126.48415,36.71573],[126.48398,36.71546],[126.48425,36.71535],[126.48442,36.71562],[126.48415,36.71573]]]}},{"type":"Feature","properties":{"k":"bldg"},"geometry":{"type":"Polygon","coordinates":[[[126.4936,36.70471],[126.49394,36.70457],[126.49407,36.70479],[126.49374,36.70493],[126.4936,36.70471]]]}},{"type":"Feature","properties":{"k":"bldg"},"geometry":{"type":"Polygon","coordinates":[[[126.49676,36.70976],[126.49706,36.70958],[126.49724,36.70978],[126.49694,36.70996],[126.49676,36.70976]]]}},{"type":"Feature","properties":{"k":"bldg"},"geometry":{"type":"Polygon","coordinates":[[[126.4866,36.71585],[126.48657,36.71554],[126.48687,36.71552],[126.4869,36.71583],[126.4866,36.71585]]]}},{"type":"Feature","properties":{"k":"bldg"},"geometry":{"type":"Polygon","coordinates":[[[126.49508,36.70459],[126.49541,36.70475],[126.49525,36.70496],[126.49493,36.70481],[126.49508,36.70459]]]}},{"type":"Feature","properties":{"k":"bldg"},"geometry":{"type":"Polygon","coordinates":[[[126.48465,36.71408],[126.48429,36.71418],[126.48419,36.71395],[126.48455,36.71385],[126.48465,36.71408]]]}},{"type":"Feature","properties":{"k":"bldg"},"geometry":{"type":"Polygon","coordinates":[[[126.49742,36.70812],[126.49725,36.70785],[126.49753,36.70774],[126.49769,36.70802],[126.49742,36.70812]]]}},{"type":"Feature","properties":{"k":"bldg"},"geometry":{"type":"Polygon","coordinates":[[[126.48566,36.71615],[126.48528,36.71619],[126.48525,36.71594],[126.48562,36.71591],[126.48566,36.71615]]]}},{"type":"Feature","properties":{"k":"bldg"},"geometry":{"type":"Polygon","coordinates":[[[126.47432,36.6952],[126.47418,36.69453],[126.47384,36.69458],[126.47398,36.69525],[126.47432,36.6952]]]}},{"type":"Feature","properties":{"k":"bldg"},"geometry":{"type":"Polygon","coordinates":[[[126.49282,36.70526],[126.49304,36.70502],[126.49329,36.70517],[126.49306,36.70541],[126.49282,36.70526]]]}},{"type":"Feature","properties":{"k":"bldg"},"geometry":{"type":"Polygon","coordinates":[[[126.48688,36.69179],[126.48669,36.69153],[126.48695,36.6914],[126.48714,36.69167],[126.48688,36.69179]]]}},{"type":"Feature","properties":{"k":"bldg"},"geometry":{"type":"Polygon","coordinates":[[[126.48363,36.7148],[126.4836,36.7145],[126.4839,36.71448],[126.48393,36.71478],[126.48363,36.7148]]]}},{"type":"Feature","properties":{"k":"bldg"},"geometry":{"type":"Polygon","coordinates":[[[126.49631,36.70907],[126.4966,36.70887],[126.4968,36.70905],[126.49651,36.70925],[126.49631,36.70907]]]}},{"type":"Feature","properties":{"k":"bldg"},"geometry":{"type":"Polygon","coordinates":[[[126.48632,36.71513],[126.4861,36.71488],[126.48635,36.71474],[126.48657,36.71499],[126.48632,36.71513]]]}},{"type":"Feature","properties":{"k":"bldg"},"geometry":{"type":"Polygon","coordinates":[[[126.48486,36.71293],[126.48485,36.71264],[126.48515,36.71263],[126.48516,36.71295],[126.48486,36.71293]]]}},{"type":"Feature","properties":{"k":"bldg"},"geometry":{"type":"Polygon","coordinates":[[[126.48439,36.71254],[126.48415,36.71231],[126.48439,36.71216],[126.48462,36.71239],[126.48439,36.71254]]]}},{"type":"Feature","properties":{"k":"bldg"},"geometry":{"type":"Polygon","coordinates":[[[126.49762,36.70885],[126.4976,36.70855],[126.49791,36.70854],[126.49792,36.70884],[126.49762,36.70885]]]}},{"type":"Feature","properties":{"k":"bldg"},"geometry":{"type":"Polygon","coordinates":[[[126.4828,36.71559],[126.48269,36.7153],[126.48298,36.71523],[126.48309,36.71552],[126.4828,36.71559]]]}},{"type":"Feature","properties":{"k":"bldg"},"geometry":{"type":"Polygon","coordinates":[[[126.48481,36.69088],[126.48482,36.69057],[126.48513,36.69058],[126.48512,36.69088],[126.48481,36.69088]]]}},{"type":"Feature","properties":{"k":"bldg"},"geometry":{"type":"Polygon","coordinates":[[[126.49497,36.70817],[126.49525,36.70797],[126.49545,36.70815],[126.49517,36.70835],[126.49497,36.70817]]]}},{"type":"Feature","properties":{"k":"bldg"},"geometry":{"type":"Polygon","coordinates":[[[126.49599,36.70553],[126.49597,36.70523],[126.49628,36.70522],[126.49629,36.70552],[126.49599,36.70553]]]}},{"type":"Feature","properties":{"k":"bldg"},"geometry":{"type":"Polygon","coordinates":[[[126.49476,36.70729],[126.49506,36.7071],[126.49524,36.7073],[126.49494,36.70748],[126.49476,36.70729]]]}},{"type":"Feature","properties":{"k":"bldg"},"geometry":{"type":"Polygon","coordinates":[[[126.4837,36.71214],[126.48356,36.71186],[126.48384,36.71176],[126.48399,36.71204],[126.4837,36.71214]]]}},{"type":"Feature","properties":{"k":"bldg"},"geometry":{"type":"Polygon","coordinates":[[[126.49362,36.70759],[126.49363,36.70728],[126.49393,36.70729],[126.49392,36.70759],[126.49362,36.70759]]]}},{"type":"Feature","properties":{"k":"bldg"},"geometry":{"type":"Polygon","coordinates":[[[126.48465,36.71616],[126.48432,36.71602],[126.48447,36.7158],[126.4848,36.71595],[126.48465,36.71616]]]}},{"type":"Feature","properties":{"k":"bldg"},"geometry":{"type":"Polygon","coordinates":[[[126.48196,36.71244],[126.48192,36.71214],[126.48222,36.71211],[126.48226,36.71241],[126.48196,36.71244]]]}},{"type":"Feature","properties":{"k":"bldg"},"geometry":{"type":"Polygon","coordinates":[[[126.49456,36.70882],[126.49432,36.70858],[126.49457,36.70843],[126.4948,36.70867],[126.49456,36.70882]]]}},{"type":"Feature","properties":{"k":"bldg"},"geometry":{"type":"Polygon","coordinates":[[[126.48268,36.71375],[126.48264,36.71345],[126.48294,36.71343],[126.48298,36.71373],[126.48268,36.71375]]]}},{"type":"Feature","properties":{"k":"bldg"},"geometry":{"type":"Polygon","coordinates":[[[126.48576,36.71432],[126.48569,36.71402],[126.48599,36.71397],[126.48606,36.71427],[126.48576,36.71432]]]}},{"type":"Feature","properties":{"k":"bldg"},"geometry":{"type":"Polygon","coordinates":[[[126.49367,36.70658],[126.49386,36.70632],[126.49412,36.70645],[126.49393,36.70671],[126.49367,36.70658]]]}},{"type":"Feature","properties":{"k":"bldg"},"geometry":{"type":"Polygon","coordinates":[[[126.48198,36.71139],[126.4821,36.7111],[126.48239,36.71118],[126.48227,36.71147],[126.48198,36.71139]]]}},{"type":"Feature","properties":{"k":"bldg"},"geometry":{"type":"Polygon","coordinates":[[[126.48231,36.71081],[126.48233,36.71051],[126.48264,36.71052],[126.48261,36.71083],[126.48231,36.71081]]]}},{"type":"Feature","properties":{"k":"bldg"},"geometry":{"type":"Polygon","coordinates":[[[126.49473,36.70952],[126.49473,36.70921],[126.49503,36.70921],[126.49504,36.70951],[126.49473,36.70952]]]}},{"type":"Feature","properties":{"k":"bldg"},"geometry":{"type":"Polygon","coordinates":[[[126.47785,36.70509],[126.47805,36.70502],[126.47817,36.70523],[126.47797,36.7053],[126.47785,36.70509]]]}},{"type":"Feature","properties":{"k":"bldg"},"geometry":{"type":"Polygon","coordinates":[[[126.48233,36.71306],[126.48219,36.71278],[126.48247,36.71269],[126.48261,36.71297],[126.48233,36.71306]]]}},{"type":"Feature","properties":{"k":"bldg"},"geometry":{"type":"Polygon","coordinates":[[[127.01824,37.08538],[127.0186,37.08542],[127.01855,37.08579],[127.01818,37.08575],[127.01824,37.08538]]]}},{"type":"Feature","properties":{"k":"bldg"},"geometry":{"type":"Polygon","coordinates":[[[127.01904,37.08583],[127.01909,37.08546],[127.01945,37.08549],[127.0194,37.08586],[127.01904,37.08583]]]}},{"type":"Feature","properties":{"k":"bldg"},"geometry":{"type":"Polygon","coordinates":[[[126.42784,37.48089],[126.42664,37.48219],[126.42585,37.48173],[126.42705,37.48043],[126.42784,37.48089]]]}},{"type":"Feature","properties":{"k":"bldg"},"geometry":{"type":"Polygon","coordinates":[[[126.79288,37.55039],[126.79245,37.55073],[126.79223,37.55056],[126.79266,37.55022],[126.79288,37.55039]]]}},{"type":"Feature","properties":{"k":"bldg"},"geometry":{"type":"Polygon","coordinates":[[[126.79176,37.55128],[126.7915,37.55107],[126.79206,37.55062],[126.79232,37.55083],[126.79176,37.55128]]]}},{"type":"Feature","properties":{"k":"bldg"},"geometry":{"type":"Polygon","coordinates":[[[126.79107,37.55183],[126.79079,37.55161],[126.79143,37.5511],[126.79171,37.55132],[126.79107,37.55183]]]}},{"type":"Feature","properties":{"k":"bldg"},"geometry":{"type":"Polygon","coordinates":[[[126.79006,37.55263],[126.7898,37.55243],[126.79049,37.55188],[126.79075,37.55208],[126.79006,37.55263]]]}},{"type":"Feature","properties":{"k":"bldg"},"geometry":{"type":"Polygon","coordinates":[[[126.78968,37.55293],[126.78941,37.55272],[126.78975,37.55245],[126.79002,37.55266],[126.78968,37.55293]]]}},{"type":"Feature","properties":{"k":"bldg"},"geometry":{"type":"Polygon","coordinates":[[[126.78814,37.55415],[126.78964,37.55296],[126.78938,37.55276],[126.78789,37.55395],[126.78814,37.55415]]]}},{"type":"Feature","properties":{"k":"bldg"},"geometry":{"type":"Polygon","coordinates":[[[126.788,37.55427],[126.78814,37.55415],[126.78789,37.55395],[126.78788,37.55394],[126.78774,37.55406],[126.78783,37.55413],[126.78787,37.55416],[126.788,37.55427]]]}},{"type":"Feature","properties":{"k":"bldg"},"geometry":{"type":"Polygon","coordinates":[[[126.78758,37.55439],[126.78771,37.55449],[126.788,37.55427],[126.78787,37.55416],[126.78758,37.55439]]]}},{"type":"Feature","properties":{"k":"bldg"},"geometry":{"type":"Polygon","coordinates":[[[126.78759,37.55459],[126.78735,37.55439],[126.78715,37.55455],[126.78721,37.5546],[126.78709,37.55469],[126.78728,37.55484],[126.78759,37.55459]]]}},{"type":"Feature","properties":{"k":"bldg"},"geometry":{"type":"Polygon","coordinates":[[[126.78711,37.55497],[126.78692,37.55481],[126.78616,37.55541],[126.78636,37.55557],[126.78711,37.55497]]]}},{"type":"Feature","properties":{"k":"bldg"},"geometry":{"type":"Polygon","coordinates":[[[126.38818,34.99293],[126.38815,34.99436],[126.38747,34.99436],[126.38746,34.99453],[126.38729,34.99453],[126.38721,34.99453],[126.38717,34.99453],[126.38718,34.99435],[126.38712,34.99435],[126.38712,34.99426],[126.38716,34.99426],[126.38717,34.99371],[126.38712,34.9937],[126.38712,34.99364],[126.38712,34.9936],[126.38717,34.9936],[126.38718,34.99305],[126.38713,34.99305],[126.38713,34.993],[126.38713,34.99294],[126.38718,34.99294],[126.38719,34.99274],[126.38727,34.99274],[126.38754,34.99275],[126.38753,34.99292],[126.38818,34.99293]]]}},{"type":"Feature","properties":{"k":"bldg"},"geometry":{"type":"Polygon","coordinates":[[[129.46493,36.77907],[129.46518,36.77843],[129.46565,36.77854],[129.46556,36.77877],[129.46548,36.77897],[129.4654,36.77919],[129.46493,36.77907]]]}},{"type":"Feature","properties":{"k":"bldg"},"geometry":{"type":"Polygon","coordinates":[[[126.61493,35.9262],[126.61492,35.92591],[126.61594,35.92588],[126.61595,35.92616],[126.61574,35.92617],[126.61574,35.92621],[126.61533,35.92623],[126.61532,35.92619],[126.61493,35.9262]]]}},{"type":"Feature","properties":{"k":"bldg"},"geometry":{"type":"Polygon","coordinates":[[[127.02641,36.95855],[127.02867,36.95844],[127.02871,36.95891],[127.02881,36.95891],[127.02882,36.95898],[127.02654,36.9591],[127.02654,36.95905],[127.02645,36.95905],[127.02641,36.95855]]]}},{"type":"Feature","properties":{"k":"bldg"},"geometry":{"type":"Polygon","coordinates":[[[127.52404,36.52844],[127.52445,36.5287],[127.52425,36.5289],[127.52384,36.52864],[127.52404,36.52844]]]}},{"type":"Feature","properties":{"k":"bldg"},"geometry":{"type":"Polygon","coordinates":[[[127.00683,37.22947],[127.00683,37.22932],[127.00719,37.22932],[127.00718,37.22948],[127.00683,37.22947]]]}},{"type":"Feature","properties":{"k":"bldg"},"geometry":{"type":"Polygon","coordinates":[[[127.00778,37.22822],[127.00778,37.22792],[127.00806,37.22792],[127.00807,37.22822],[127.00778,37.22822]]]}},{"type":"Feature","properties":{"k":"bldg"},"geometry":{"type":"Polygon","coordinates":[[[127.00853,37.22914],[127.00878,37.22894],[127.00855,37.22877],[127.00831,37.22896],[127.00853,37.22914]]]}},{"type":"Feature","properties":{"k":"bldg"},"geometry":{"type":"Polygon","coordinates":[[[127.00742,37.23005],[127.00768,37.22985],[127.00782,37.22996],[127.00753,37.23018],[127.00743,37.2301],[127.00746,37.23008],[127.00742,37.23005]]]}},{"type":"Feature","properties":{"k":"bldg"},"geometry":{"type":"Polygon","coordinates":[[[127.00856,37.23021],[127.00886,37.22997],[127.00874,37.22987],[127.00848,37.23007],[127.0085,37.23009],[127.00845,37.23012],[127.00856,37.23021]]]}},{"type":"Feature","properties":{"k":"bldg"},"geometry":{"type":"Polygon","coordinates":[[[127.00447,37.23129],[127.00439,37.23116],[127.00471,37.23104],[127.00479,37.23118],[127.00447,37.23129]]]}},{"type":"Feature","properties":{"k":"bldg"},"geometry":{"type":"Polygon","coordinates":[[[127.00501,37.23196],[127.00522,37.23172],[127.00539,37.23182],[127.00515,37.23209],[127.00502,37.23202],[127.00505,37.23198],[127.00501,37.23196]]]}},{"type":"Feature","properties":{"k":"bldg"},"geometry":{"type":"Polygon","coordinates":[[[127.00602,37.2318],[127.0064,37.23166],[127.00632,37.23151],[127.00598,37.23164],[127.006,37.23167],[127.00595,37.23169],[127.00602,37.2318]]]}},{"type":"Feature","properties":{"k":"bldg"},"geometry":{"type":"Polygon","coordinates":[[[127.00573,37.23042],[127.00556,37.23014],[127.00574,37.23007],[127.00591,37.23035],[127.00573,37.23042]]]}},{"type":"Feature","properties":{"k":"bldg"},"geometry":{"type":"Polygon","coordinates":[[[127.0067,37.23071],[127.00653,37.23044],[127.00658,37.23042],[127.00656,37.23039],[127.00669,37.23034],[127.00687,37.23064],[127.0067,37.23071]]]}},{"type":"Feature","properties":{"k":"bldg"},"geometry":{"type":"Polygon","coordinates":[[[127.00702,37.23207],[127.00694,37.23192],[127.00727,37.23181],[127.00735,37.23196],[127.00702,37.23207]]]}},{"type":"Feature","properties":{"k":"bldg"},"geometry":{"type":"Polygon","coordinates":[[[127.00791,37.23223],[127.00825,37.23211],[127.00833,37.23224],[127.00793,37.23239],[127.00787,37.23228],[127.00793,37.23226],[127.00791,37.23223]]]}},{"type":"Feature","properties":{"k":"bldg"},"geometry":{"type":"Polygon","coordinates":[[[127.00767,37.23102],[127.00785,37.23095],[127.00768,37.23067],[127.0075,37.23074],[127.00767,37.23102]]]}},{"type":"Feature","properties":{"k":"bldg"},"geometry":{"type":"Polygon","coordinates":[[[127.00863,37.23129],[127.00848,37.23102],[127.00866,37.23096],[127.00881,37.23123],[127.00863,37.23129]]]}},{"type":"Feature","properties":{"k":"bldg"},"geometry":{"type":"Polygon","coordinates":[[[127.01195,37.22785],[127.01223,37.22763],[127.01218,37.22759],[127.01203,37.22747],[127.01175,37.22769],[127.01195,37.22785]]]}},{"type":"Feature","properties":{"k":"bldg"},"geometry":{"type":"Polygon","coordinates":[[[127.01104,37.22784],[127.01132,37.22761],[127.01111,37.22745],[127.01083,37.22767],[127.01104,37.22784]]]}},{"type":"Feature","properties":{"k":"bldg"},"geometry":{"type":"Polygon","coordinates":[[[127.00992,37.22766],[127.01021,37.22745],[127.01042,37.22763],[127.01014,37.22785],[127.00992,37.22766]]]}},{"type":"Feature","properties":{"k":"bldg"},"geometry":{"type":"Polygon","coordinates":[[[127.00905,37.22765],[127.00932,37.22745],[127.00953,37.22761],[127.00925,37.22782],[127.00905,37.22765]]]}},{"type":"Feature","properties":{"k":"bldg"},"geometry":{"type":"Polygon","coordinates":[[[127.00915,37.22872],[127.00887,37.22849],[127.00907,37.22834],[127.00935,37.22857],[127.00915,37.22872]]]}},{"type":"Feature","properties":{"k":"bldg"},"geometry":{"type":"Polygon","coordinates":[[[127.01015,37.22872],[127.00989,37.2285],[127.01009,37.22835],[127.01034,37.22857],[127.01015,37.22872]]]}},{"type":"Feature","properties":{"k":"bldg"},"geometry":{"type":"Polygon","coordinates":[[[127.01082,37.22851],[127.01104,37.22835],[127.01131,37.22858],[127.01109,37.22874],[127.01082,37.22851]]]}},{"type":"Feature","properties":{"k":"bldg"},"geometry":{"type":"Polygon","coordinates":[[[127.01009,37.22901],[127.01035,37.22882],[127.01054,37.22898],[127.01029,37.22917],[127.01009,37.22901]]]}},{"type":"Feature","properties":{"k":"bldg"},"geometry":{"type":"Polygon","coordinates":[[[127.01496,37.22534],[127.01487,37.22521],[127.01513,37.2251],[127.01522,37.22524],[127.01496,37.22534]]]}},{"type":"Feature","properties":{"k":"bldg"},"geometry":{"type":"Polygon","coordinates":[[[127.01501,37.22556],[127.01491,37.22541],[127.01516,37.2253],[127.01526,37.22545],[127.01501,37.22556]]]}},{"type":"Feature","properties":{"k":"bldg"},"geometry":{"type":"Polygon","coordinates":[[[127.0151,37.22595],[127.015,37.2258],[127.01524,37.22569],[127.01535,37.22583],[127.0151,37.22595]]]}},{"type":"Feature","properties":{"k":"bldg"},"geometry":{"type":"Polygon","coordinates":[[[127.01505,37.22574],[127.01496,37.2256],[127.01521,37.22549],[127.0153,37.22563],[127.01505,37.22574]]]}},{"type":"Feature","properties":{"k":"bldg"},"geometry":{"type":"Polygon","coordinates":[[[127.02022,37.2292],[127.01992,37.22902],[127.02009,37.22885],[127.02039,37.22902],[127.02022,37.2292]]]}},{"type":"Feature","properties":{"k":"bldg"},"geometry":{"type":"Polygon","coordinates":[[[127.01999,37.22955],[127.0202,37.22932],[127.02045,37.22946],[127.02024,37.2297],[127.01999,37.22955]]]}},{"type":"Feature","properties":{"k":"bldg"},"geometry":{"type":"Polygon","coordinates":[[[127.01979,37.22987],[127.02003,37.22966],[127.02026,37.22983],[127.02002,37.23003],[127.01979,37.22987]]]}},{"type":"Feature","properties":{"k":"bldg"},"geometry":{"type":"Polygon","coordinates":[[[127.01942,37.2302],[127.01969,37.23],[127.0199,37.23018],[127.01963,37.23038],[127.01942,37.2302]]]}},{"type":"Feature","properties":{"k":"bldg"},"geometry":{"type":"Polygon","coordinates":[[[127.01899,37.23034],[127.01926,37.23015],[127.01946,37.23033],[127.01919,37.23052],[127.01899,37.23034]]]}},{"type":"Feature","properties":{"k":"bldg"},"geometry":{"type":"Polygon","coordinates":[[[127.01932,37.23096],[127.01934,37.23068],[127.01965,37.23069],[127.01963,37.23098],[127.01932,37.23096]]]}},{"type":"Feature","properties":{"k":"bldg"},"geometry":{"type":"Polygon","coordinates":[[[127.01886,37.23123],[127.01919,37.2311],[127.01932,37.23133],[127.01899,37.23145],[127.01886,37.23123]]]}},{"type":"Feature","properties":{"k":"bldg"},"geometry":{"type":"Polygon","coordinates":[[[127.01826,37.23117],[127.0186,37.23105],[127.01871,37.23127],[127.01838,37.23139],[127.01826,37.23117]]]}},{"type":"Feature","properties":{"k":"bldg"},"geometry":{"type":"Polygon","coordinates":[[[127.02023,37.22866],[127.02021,37.22836],[127.0203,37.22835],[127.0203,37.22827],[127.02042,37.22827],[127.02042,37.22835],[127.02052,37.22834],[127.02053,37.22846],[127.02088,37.22844],[127.02089,37.2285],[127.02052,37.22852],[127.02053,37.22862],[127.02044,37.22863],[127.02045,37.22869],[127.02031,37.2287],[127.02031,37.22865],[127.02023,37.22866]]]}},{"type":"Feature","properties":{"k":"bldg"},"geometry":{"type":"Polygon","coordinates":[[[127.01619,37.23366],[127.01642,37.23342],[127.01666,37.23356],[127.01643,37.23381],[127.01619,37.23366]]]}},{"type":"Feature","properties":{"k":"bldg"},"geometry":{"type":"Polygon","coordinates":[[[127.01639,37.23309],[127.01662,37.23283],[127.01687,37.23296],[127.01663,37.23322],[127.01639,37.23309]]]}},{"type":"Feature","properties":{"k":"bldg"},"geometry":{"type":"Polygon","coordinates":[[[127.01685,37.23268],[127.01705,37.23244],[127.01729,37.23257],[127.01709,37.23281],[127.01685,37.23268]]]}},{"type":"Feature","properties":{"k":"bldg"},"geometry":{"type":"Polygon","coordinates":[[[127.01556,37.234],[127.01579,37.23375],[127.01604,37.2339],[127.0158,37.23415],[127.01556,37.234]]]}},{"type":"Feature","properties":{"k":"bldg"},"geometry":{"type":"Polygon","coordinates":[[[127.01514,37.23447],[127.01537,37.23422],[127.0156,37.23435],[127.01537,37.2346],[127.01514,37.23447]]]}},{"type":"Feature","properties":{"k":"bldg"},"geometry":{"type":"Polygon","coordinates":[[[127.01497,37.23502],[127.01519,37.23477],[127.01543,37.23491],[127.01521,37.23516],[127.01497,37.23502]]]}},{"type":"Feature","properties":{"k":"bldg"},"geometry":{"type":"Polygon","coordinates":[[[127.01436,37.23534],[127.0146,37.23508],[127.01484,37.23522],[127.0146,37.23548],[127.01436,37.23534]]]}},{"type":"Feature","properties":{"k":"bldg"},"geometry":{"type":"Polygon","coordinates":[[[127.01418,37.23589],[127.0144,37.23563],[127.01467,37.23578],[127.01444,37.23604],[127.01418,37.23589]]]}},{"type":"Feature","properties":{"k":"bldg"},"geometry":{"type":"Polygon","coordinates":[[[127.01382,37.23633],[127.01354,37.23617],[127.01375,37.23593],[127.01403,37.23609],[127.01382,37.23633]]]}},{"type":"Feature","properties":{"k":"bldg"},"geometry":{"type":"Polygon","coordinates":[[[127.00954,37.24183],[127.00931,37.2417],[127.00953,37.24146],[127.00976,37.24159],[127.00954,37.24183]]]}},{"type":"Feature","properties":{"k":"bldg"},"geometry":{"type":"Polygon","coordinates":[[[127.00684,37.24443],[127.00705,37.24419],[127.00728,37.24432],[127.00707,37.24455],[127.00684,37.24443]]]}},{"type":"Feature","properties":{"k":"bldg"},"geometry":{"type":"Polygon","coordinates":[[[127.00438,37.24643],[127.00486,37.24592],[127.00557,37.24634],[127.0051,37.24685],[127.00438,37.24643]]]}},{"type":"Feature","properties":{"k":"bldg"},"geometry":{"type":"Polygon","coordinates":[[[127.00421,37.24739],[127.00429,37.2473],[127.00425,37.24727],[127.00463,37.24686],[127.00506,37.24711],[127.00469,37.24752],[127.00452,37.24742],[127.00443,37.24752],[127.00421,37.24739]]]}},{"type":"Feature","properties":{"k":"bldg"},"geometry":{"type":"Polygon","coordinates":[[[127.00383,37.24784],[127.00405,37.2476],[127.00437,37.24777],[127.00415,37.24802],[127.00397,37.24792],[127.00383,37.24784]]]}},{"type":"Feature","properties":{"k":"bldg"},"geometry":{"type":"Polygon","coordinates":[[[127.00397,37.24792],[127.00365,37.24827],[127.00393,37.24843],[127.00425,37.24808],[127.00415,37.24802],[127.00397,37.24792]]]}},{"type":"Feature","properties":{"k":"bldg"},"geometry":{"type":"Polygon","coordinates":[[[127.00322,37.2491],[127.0034,37.2489],[127.00358,37.24901],[127.00341,37.24921],[127.00322,37.2491]]]}},{"type":"Feature","properties":{"k":"bldg"},"geometry":{"type":"Polygon","coordinates":[[[127.00162,37.24944],[127.00181,37.24923],[127.00206,37.24937],[127.00187,37.24959],[127.00162,37.24944]]]}},{"type":"Feature","properties":{"k":"bldg"},"geometry":{"type":"Polygon","coordinates":[[[127.00138,37.24972],[127.00158,37.24951],[127.00183,37.24966],[127.00163,37.24987],[127.00138,37.24972]]]}},{"type":"Feature","properties":{"k":"bldg"},"geometry":{"type":"Polygon","coordinates":[[[127.00086,37.25079],[127.00091,37.25046],[127.00125,37.25049],[127.00121,37.25082],[127.00086,37.25079]]]}},{"type":"Feature","properties":{"k":"bldg"},"geometry":{"type":"Polygon","coordinates":[[[127.00177,37.2513],[127.0018,37.25097],[127.00212,37.25099],[127.00208,37.25132],[127.00177,37.2513]]]}},{"type":"Feature","properties":{"k":"bldg"},"geometry":{"type":"Polygon","coordinates":[[[127.00125,37.25203],[127.00128,37.25178],[127.00169,37.25181],[127.00166,37.25206],[127.00125,37.25203]]]}},{"type":"Feature","properties":{"k":"bldg"},"geometry":{"type":"Polygon","coordinates":[[[127.00038,37.25151],[127.00077,37.25154],[127.0008,37.2513],[127.0004,37.25127],[127.00038,37.25151]]]}},{"type":"Feature","properties":{"k":"bldg"},"geometry":{"type":"Polygon","coordinates":[[[126.99951,37.25177],[126.9998,37.25145],[127.00026,37.25172],[126.99998,37.25204],[126.99951,37.25177]]]}},{"type":"Feature","properties":{"k":"bldg"},"geometry":{"type":"Polygon","coordinates":[[[126.99903,37.25265],[126.99935,37.25257],[126.99942,37.25276],[126.99931,37.25279],[126.99941,37.25305],[126.99933,37.25307],[126.99923,37.2528],[126.9991,37.25283],[126.99903,37.25265]]]}},{"type":"Feature","properties":{"k":"bldg"},"geometry":{"type":"Polygon","coordinates":[[[127.00398,37.2335],[127.00457,37.23284],[127.00499,37.23308],[127.0044,37.23374],[127.00398,37.2335]]]}},{"type":"Feature","properties":{"k":"bldg"},"geometry":{"type":"Polygon","coordinates":[[[127.00525,37.23478],[127.0056,37.23498],[127.00579,37.23476],[127.00544,37.23457],[127.00525,37.23478]]]}},{"type":"Feature","properties":{"k":"bldg"},"geometry":{"type":"Polygon","coordinates":[[[127.00509,37.23469],[127.00469,37.23446],[127.00472,37.23442],[127.00478,37.23445],[127.00493,37.23429],[127.00528,37.23448],[127.00509,37.23469]]]}},{"type":"Feature","properties":{"k":"bldg"},"geometry":{"type":"Polygon","coordinates":[[[126.99796,37.23982],[126.99773,37.23969],[126.99799,37.23941],[126.99821,37.23954],[126.99796,37.23982]]]}},{"type":"Feature","properties":{"k":"bldg"},"geometry":{"type":"Polygon","coordinates":[[[126.99851,37.24013],[126.9983,37.24],[126.99856,37.23972],[126.99878,37.23985],[126.99851,37.24013]]]}},{"type":"Feature","properties":{"k":"bldg"},"geometry":{"type":"Polygon","coordinates":[[[126.99916,37.24036],[126.99894,37.24023],[126.99919,37.23996],[126.99941,37.24009],[126.99916,37.24036]]]}},{"type":"Feature","properties":{"k":"bldg"},"geometry":{"type":"Polygon","coordinates":[[[126.99989,37.24024],[127.00013,37.2402],[127.00006,37.23988],[126.99981,37.23991],[126.99989,37.24024]]]}},{"type":"Feature","properties":{"k":"bldg"},"geometry":{"type":"Polygon","coordinates":[[[126.42589,37.48306],[126.42647,37.48238],[126.42575,37.482],[126.42517,37.48267],[126.42589,37.48306]]]}},{"type":"Feature","properties":{"k":"bldg"},"geometry":{"type":"Polygon","coordinates":[[[126.81349,37.56027],[126.81358,37.56032],[126.81365,37.56025],[126.81377,37.56024],[126.81376,37.56013],[126.8136,37.56014],[126.81349,37.56027]]]}},{"type":"Feature","properties":{"k":"bldg"},"geometry":{"type":"Polygon","coordinates":[[[126.81376,37.56042],[126.8138,37.56038],[126.81378,37.56011],[126.81391,37.5601],[126.81394,37.56041],[126.81387,37.56049],[126.81376,37.56042]]]}},{"type":"Feature","properties":{"k":"bldg"},"geometry":{"type":"Polygon","coordinates":[[[126.4476,37.44567],[126.44741,37.44553],[126.44739,37.4455],[126.4474,37.44547],[126.44744,37.44546],[126.44747,37.44547],[126.44766,37.44562],[126.44762,37.44566],[126.4476,37.44567]]]}},{"type":"Feature","properties":{"k":"bldg"},"geometry":{"type":"Polygon","coordinates":[[[126.44753,37.44593],[126.44726,37.44593],[126.44724,37.44592],[126.44722,37.44591],[126.44722,37.44589],[126.44722,37.44587],[126.44724,37.44586],[126.44725,37.44585],[126.44753,37.44585],[126.44753,37.44593]]]}},{"type":"Feature","properties":{"k":"bldg"},"geometry":{"type":"Polygon","coordinates":[[[126.44784,37.44556],[126.44783,37.44536],[126.44784,37.44534],[126.44786,37.44533],[126.44788,37.44532],[126.4479,37.44532],[126.44793,37.44534],[126.44793,37.44536],[126.44793,37.44556],[126.44784,37.44556]]]}},{"type":"Feature","properties":{"k":"bldg"},"geometry":{"type":"Polygon","coordinates":[[[126.44812,37.44562],[126.44835,37.44544],[126.44836,37.44543],[126.44837,37.44543],[126.44839,37.44543],[126.4484,37.44544],[126.44841,37.44545],[126.44842,37.44546],[126.44842,37.44547],[126.44842,37.44548],[126.44841,37.44549],[126.44818,37.44567],[126.44814,37.44564],[126.44812,37.44562]]]}},{"type":"Feature","properties":{"k":"bldg"},"geometry":{"type":"Polygon","coordinates":[[[126.44759,37.44642],[126.44732,37.44646],[126.44729,37.44646],[126.44728,37.44648],[126.44727,37.4465],[126.44728,37.44652],[126.44729,37.44653],[126.44731,37.44653],[126.4476,37.4465],[126.44759,37.44642]]]}},{"type":"Feature","properties":{"k":"bldg"},"geometry":{"type":"Polygon","coordinates":[[[126.71762,33.40326],[126.71762,33.40307],[126.71765,33.40307],[126.71765,33.40299],[126.71762,33.40299],[126.71762,33.40269],[126.7177,33.40269],[126.7177,33.40266],[126.71775,33.40266],[126.71775,33.40269],[126.71783,33.40269],[126.71782,33.40299],[126.71775,33.40299],[126.71775,33.40306],[126.71798,33.40306],[126.71798,33.40311],[126.71802,33.40311],[126.71802,33.40319],[126.71799,33.40318],[126.71799,33.40326],[126.71762,33.40326]]]}},{"type":"Feature","properties":{"k":"bldg"},"geometry":{"type":"Polygon","coordinates":[[[127.10971,37.45602],[127.10977,37.45632],[127.10987,37.45631],[127.1099,37.45631],[127.11006,37.45629],[127.11025,37.45626],[127.11004,37.4552],[127.10988,37.45522],[127.10972,37.45524],[127.10957,37.45525],[127.10964,37.45561],[127.1096,37.45562],[127.10968,37.45602],[127.10971,37.45602]]]}},{"type":"Feature","properties":{"k":"bldg"},"geometry":{"type":"Polygon","coordinates":[[[126.75949,35.12464],[126.75943,35.12468],[126.75949,35.12474],[126.75955,35.1247],[126.75949,35.12464]]]}},{"type":"Feature","properties":{"k":"bldg"},"geometry":{"type":"Polygon","coordinates":[[[127.10725,37.43508],[127.10722,37.43494],[127.10748,37.43491],[127.10751,37.43505],[127.10725,37.43508]]]}},{"type":"Feature","properties":{"k":"bldg"},"geometry":{"type":"Polygon","coordinates":[[[127.10751,37.43505],[127.10754,37.43521],[127.10728,37.43524],[127.10725,37.43508],[127.10751,37.43505]]]}},{"type":"Feature","properties":{"k":"bldg"},"geometry":{"type":"Polygon","coordinates":[[[127.10772,37.43637],[127.10745,37.4364],[127.10741,37.43616],[127.10767,37.43613],[127.10772,37.43637]]]}},{"type":"Feature","properties":{"k":"bldg"},"geometry":{"type":"Polygon","coordinates":[[[127.10725,37.43635],[127.10699,37.43638],[127.10694,37.43614],[127.10721,37.43611],[127.10725,37.43635]]]}},{"type":"Feature","properties":{"k":"bldg"},"geometry":{"type":"Polygon","coordinates":[[[127.10766,37.43583],[127.10737,37.43586],[127.10735,37.43574],[127.10763,37.43571],[127.10766,37.43583]]]}},{"type":"Feature","properties":{"k":"bldg"},"geometry":{"type":"Polygon","coordinates":[[[127.10768,37.43598],[127.1074,37.43601],[127.10737,37.43586],[127.10766,37.43583],[127.10768,37.43598]]]}},{"type":"Feature","properties":{"k":"bldg"},"geometry":{"type":"Polygon","coordinates":[[[127.10671,37.4361],[127.10642,37.43614],[127.10638,37.43593],[127.10667,37.4359],[127.10671,37.4361]]]}},{"type":"Feature","properties":{"k":"bldg"},"geometry":{"type":"Polygon","coordinates":[[[127.10664,37.43568],[127.10635,37.43572],[127.10631,37.43551],[127.1066,37.43548],[127.10664,37.43568]]]}},{"type":"Feature","properties":{"k":"bldg"},"geometry":{"type":"Polygon","coordinates":[[[127.10655,37.4352],[127.10626,37.43523],[127.10623,37.43503],[127.10652,37.43499],[127.10655,37.4352]]]}},{"type":"Feature","properties":{"k":"bldg"},"geometry":{"type":"Polygon","coordinates":[[[127.10735,37.4336],[127.10706,37.43364],[127.10702,37.43343],[127.10731,37.4334],[127.10735,37.4336]]]}},{"type":"Feature","properties":{"k":"bldg"},"geometry":{"type":"Polygon","coordinates":[[[127.10749,37.43405],[127.10716,37.43409],[127.10711,37.43378],[127.10744,37.43375],[127.10749,37.43405]]]}},{"type":"Feature","properties":{"k":"bldg"},"geometry":{"type":"Polygon","coordinates":[[[127.10755,37.4344],[127.10727,37.43443],[127.10723,37.43422],[127.10752,37.43419],[127.10755,37.4344]]]}},{"type":"Feature","properties":{"k":"bldg"},"geometry":{"type":"Polygon","coordinates":[[[127.10752,37.43477],[127.10723,37.4348],[127.10719,37.4346],[127.10748,37.43457],[127.10752,37.43477]]]}},{"type":"Feature","properties":{"k":"bldg"},"geometry":{"type":"Polygon","coordinates":[[[127.10743,37.43708],[127.10699,37.43713],[127.10687,37.43653],[127.10732,37.43647],[127.10743,37.43708]]]}},{"type":"Feature","properties":{"k":"bldg"},"geometry":{"type":"Polygon","coordinates":[[[127.10755,37.43779],[127.10701,37.43786],[127.10689,37.43727],[127.10742,37.4372],[127.10755,37.43779]]]}},{"type":"Feature","properties":{"k":"bldg"},"geometry":{"type":"Polygon","coordinates":[[[127.10787,37.44428],[127.1078,37.44388],[127.10808,37.44385],[127.10816,37.44425],[127.10787,37.44428]]]}},{"type":"Feature","properties":{"k":"bldg"},"geometry":{"type":"Polygon","coordinates":[[[127.10816,37.44425],[127.10824,37.44464],[127.10795,37.44468],[127.10787,37.44428],[127.10816,37.44425]]]}},{"type":"Feature","properties":{"k":"bldg"},"geometry":{"type":"Polygon","coordinates":[[[127.10845,37.4459],[127.10798,37.44596],[127.10791,37.44555],[127.10838,37.44549],[127.10845,37.4459]]]}},{"type":"Feature","properties":{"k":"bldg"},"geometry":{"type":"Polygon","coordinates":[[[127.10854,37.44637],[127.10807,37.44642],[127.10799,37.44601],[127.10847,37.44596],[127.10854,37.44637]]]}},{"type":"Feature","properties":{"k":"bldg"},"geometry":{"type":"Polygon","coordinates":[[[127.10823,37.4437],[127.10709,37.44383],[127.10694,37.44298],[127.10808,37.44285],[127.10823,37.4437]]]}},{"type":"Feature","properties":{"k":"bldg"},"geometry":{"type":"Polygon","coordinates":[[[128.65148,35.89427],[128.65141,35.89414],[128.65107,35.89423],[128.65113,35.89436],[128.65148,35.89427]]]}},{"type":"Feature","properties":{"k":"bldg"},"geometry":{"type":"Polygon","coordinates":[[[128.65223,35.8943],[128.6521,35.89439],[128.65231,35.89463],[128.65244,35.89454],[128.65223,35.8943]]]}},{"type":"Feature","properties":{"k":"bldg"},"geometry":{"type":"Polygon","coordinates":[[[128.65136,35.89513],[128.6515,35.89521],[128.65173,35.895],[128.6516,35.89491],[128.65136,35.89513]]]}},{"type":"Feature","properties":{"k":"bldg"},"geometry":{"type":"Polygon","coordinates":[[[128.65039,35.89497],[128.65025,35.89506],[128.65047,35.89529],[128.6506,35.89521],[128.65039,35.89497]]]}},{"type":"Feature","properties":{"k":"bldg"},"geometry":{"type":"Polygon","coordinates":[[[128.65008,35.89593],[128.65007,35.89579],[128.64971,35.89579],[128.64972,35.89593],[128.65008,35.89593]]]}},{"type":"Feature","properties":{"k":"bldg"},"geometry":{"type":"Polygon","coordinates":[[[128.65345,35.89322],[128.65335,35.89311],[128.65305,35.89326],[128.65314,35.89337],[128.65345,35.89322]]]}},{"type":"Feature","properties":{"k":"bldg"},"geometry":{"type":"Polygon","coordinates":[[[128.65402,35.89389],[128.65391,35.89378],[128.65362,35.89395],[128.65373,35.89406],[128.65402,35.89389]]]}},{"type":"Feature","properties":{"k":"bldg"},"geometry":{"type":"Polygon","coordinates":[[[128.65415,35.89302],[128.65408,35.89315],[128.6544,35.89329],[128.65447,35.89317],[128.65415,35.89302]]]}},{"type":"Feature","properties":{"k":"bldg"},"geometry":{"type":"Polygon","coordinates":[[[128.65503,35.89235],[128.65486,35.89238],[128.65492,35.89267],[128.65508,35.89264],[128.65503,35.89235]]]}},{"type":"Feature","properties":{"k":"bldg"},"geometry":{"type":"Polygon","coordinates":[[[128.65616,35.89256],[128.65602,35.89247],[128.65578,35.89268],[128.65591,35.89277],[128.65616,35.89256]]]}},{"type":"Feature","properties":{"k":"bldg"},"geometry":{"type":"Polygon","coordinates":[[[128.65758,35.89142],[128.65741,35.89143],[128.65745,35.89172],[128.65762,35.89171],[128.65758,35.89142]]]}},{"type":"Feature","properties":{"k":"bldg"},"geometry":{"type":"Polygon","coordinates":[[[128.65675,35.89123],[128.65669,35.8911],[128.65635,35.89118],[128.6564,35.89131],[128.65675,35.89123]]]}},{"type":"Feature","properties":{"k":"bldg"},"geometry":{"type":"Polygon","coordinates":[[[128.65681,35.89213],[128.65687,35.89199],[128.65655,35.89187],[128.65648,35.892],[128.65681,35.89213]]]}},{"type":"Feature","properties":{"k":"bldg"},"geometry":{"type":"Polygon","coordinates":[[[128.65833,35.89091],[128.6582,35.891],[128.65841,35.89124],[128.65854,35.89115],[128.65833,35.89091]]]}},{"type":"Feature","properties":{"k":"bldg"},"geometry":{"type":"Polygon","coordinates":[[[128.65953,35.89048],[128.65936,35.89045],[128.65926,35.89072],[128.65942,35.89076],[128.65953,35.89048]]]}},{"type":"Feature","properties":{"k":"bldg"},"geometry":{"type":"Polygon","coordinates":[[[128.65899,35.89002],[128.65905,35.88989],[128.65872,35.88977],[128.65866,35.8899],[128.65899,35.89002]]]}},{"type":"Feature","properties":{"k":"bldg"},"geometry":{"type":"Polygon","coordinates":[[[128.65814,35.89024],[128.65799,35.89018],[128.65783,35.89044],[128.65799,35.8905],[128.65814,35.89024]]]}},{"type":"Feature","properties":{"k":"bldg"},"geometry":{"type":"Polygon","coordinates":[[[128.65707,35.8906],[128.65718,35.89049],[128.65692,35.8903],[128.65681,35.8904],[128.65707,35.8906]]]}},{"type":"Feature","properties":{"k":"bldg"},"geometry":{"type":"Polygon","coordinates":[[[128.65979,35.88936],[128.65962,35.88938],[128.65967,35.88967],[128.65983,35.88965],[128.65979,35.88936]]]}},{"type":"Feature","properties":{"k":"bldg"},"geometry":{"type":"Polygon","coordinates":[[[128.6607,35.88992],[128.66053,35.88987],[128.66038,35.89013],[128.66053,35.89018],[128.6607,35.88992]]]}},{"type":"Feature","properties":{"k":"bldg"},"geometry":{"type":"Polygon","coordinates":[[[128.66238,35.88868],[128.66258,35.88891],[128.66237,35.88903],[128.66217,35.8888],[128.66238,35.88868]]]}},{"type":"Feature","properties":{"k":"bldg"},"geometry":{"type":"Polygon","coordinates":[[[128.66279,35.88856],[128.66299,35.88879],[128.66278,35.88891],[128.66258,35.88868],[128.66279,35.88856]]]}},{"type":"Feature","properties":{"k":"bldg"},"geometry":{"type":"Polygon","coordinates":[[[128.66303,35.88829],[128.66323,35.88852],[128.66301,35.88864],[128.66282,35.88842],[128.66303,35.88829]]]}},{"type":"Feature","properties":{"k":"bldg"},"geometry":{"type":"Polygon","coordinates":[[[128.66344,35.88819],[128.66364,35.88841],[128.66343,35.88853],[128.66323,35.88831],[128.66344,35.88819]]]}},{"type":"Feature","properties":{"k":"bldg"},"geometry":{"type":"Polygon","coordinates":[[[128.66371,35.88792],[128.66391,35.88814],[128.6637,35.88826],[128.6635,35.88804],[128.66371,35.88792]]]}},{"type":"Feature","properties":{"k":"bldg"},"geometry":{"type":"Polygon","coordinates":[[[128.66413,35.88784],[128.66433,35.88807],[128.66412,35.88819],[128.66392,35.88796],[128.66413,35.88784]]]}},{"type":"Feature","properties":{"k":"bldg"},"geometry":{"type":"Polygon","coordinates":[[[128.66438,35.88756],[128.66458,35.88779],[128.66437,35.88791],[128.66417,35.88768],[128.66438,35.88756]]]}},{"type":"Feature","properties":{"k":"bldg"},"geometry":{"type":"Polygon","coordinates":[[[128.66479,35.88747],[128.66499,35.88769],[128.66478,35.88782],[128.66458,35.88759],[128.66479,35.88747]]]}},{"type":"Feature","properties":{"k":"bldg"},"geometry":{"type":"Polygon","coordinates":[[[128.66522,35.88721],[128.66542,35.88744],[128.66521,35.88756],[128.66501,35.88733],[128.66522,35.88721]]]}},{"type":"Feature","properties":{"k":"bldg"},"geometry":{"type":"Polygon","coordinates":[[[128.66566,35.88696],[128.66586,35.88719],[128.66565,35.88731],[128.66545,35.88709],[128.66566,35.88696]]]}},{"type":"Feature","properties":{"k":"bldg"},"geometry":{"type":"Polygon","coordinates":[[[128.66714,35.88617],[128.66734,35.8864],[128.66713,35.88652],[128.66693,35.88629],[128.66714,35.88617]]]}},{"type":"Feature","properties":{"k":"bldg"},"geometry":{"type":"Polygon","coordinates":[[[128.66741,35.88588],[128.66761,35.8861],[128.6674,35.88623],[128.6672,35.886],[128.66741,35.88588]]]}},{"type":"Feature","properties":{"k":"bldg"},"geometry":{"type":"Polygon","coordinates":[[[128.66779,35.8858],[128.66799,35.88602],[128.66778,35.88615],[128.66758,35.88592],[128.66779,35.8858]]]}},{"type":"Feature","properties":{"k":"bldg"},"geometry":{"type":"Polygon","coordinates":[[[128.66808,35.88552],[128.66828,35.88574],[128.66807,35.88587],[128.66787,35.88564],[128.66808,35.88552]]]}},{"type":"Feature","properties":{"k":"bldg"},"geometry":{"type":"Polygon","coordinates":[[[128.66847,35.88541],[128.66867,35.88563],[128.66846,35.88575],[128.66826,35.88553],[128.66847,35.88541]]]}},{"type":"Feature","properties":{"k":"bldg"},"geometry":{"type":"Polygon","coordinates":[[[128.66874,35.88515],[128.66894,35.88537],[128.66873,35.88549],[128.66853,35.88527],[128.66874,35.88515]]]}},{"type":"Feature","properties":{"k":"bldg"},"geometry":{"type":"Polygon","coordinates":[[[128.66912,35.88506],[128.66932,35.88528],[128.66911,35.8854],[128.66891,35.88518],[128.66912,35.88506]]]}},{"type":"Feature","properties":{"k":"bldg"},"geometry":{"type":"Polygon","coordinates":[[[128.6694,35.88473],[128.66959,35.88496],[128.66938,35.88508],[128.66918,35.88486],[128.6694,35.88473]]]}},{"type":"Feature","properties":{"k":"bldg"},"geometry":{"type":"Polygon","coordinates":[[[128.66979,35.88464],[128.66999,35.88486],[128.66978,35.88498],[128.66958,35.88476],[128.66979,35.88464]]]}},{"type":"Feature","properties":{"k":"bldg"},"geometry":{"type":"Polygon","coordinates":[[[128.67006,35.88438],[128.67026,35.88461],[128.67005,35.88473],[128.66985,35.8845],[128.67006,35.88438]]]}},{"type":"Feature","properties":{"k":"bldg"},"geometry":{"type":"Polygon","coordinates":[[[128.67441,35.88814],[128.67475,35.8882],[128.67469,35.88842],[128.67435,35.88836],[128.67441,35.88814]]]}},{"type":"Feature","properties":{"k":"bldg"},"geometry":{"type":"Polygon","coordinates":[[[128.67555,35.88843],[128.67595,35.88848],[128.67591,35.88872],[128.67551,35.88867],[128.67555,35.88843]]]}},{"type":"Feature","properties":{"k":"bldg"},"geometry":{"type":"Polygon","coordinates":[[[128.67487,35.88889],[128.67516,35.88872],[128.67533,35.88891],[128.67504,35.88908],[128.67487,35.88889]]]}},{"type":"Feature","properties":{"k":"bldg"},"geometry":{"type":"Polygon","coordinates":[[[128.67419,35.88941],[128.67454,35.88947],[128.67448,35.8897],[128.67413,35.88963],[128.67419,35.88941]]]}},{"type":"Feature","properties":{"k":"bldg"},"geometry":{"type":"Polygon","coordinates":[[[128.67487,35.8896],[128.67509,35.88937],[128.67531,35.88951],[128.6751,35.88974],[128.67487,35.8896]]]}},{"type":"Feature","properties":{"k":"bldg"},"geometry":{"type":"Polygon","coordinates":[[[128.67305,35.88868],[128.67323,35.88892],[128.67299,35.88904],[128.6728,35.88879],[128.67305,35.88868]]]}},{"type":"Feature","properties":{"k":"bldg"},"geometry":{"type":"Polygon","coordinates":[[[128.67087,35.89105],[128.67247,35.89015],[128.67301,35.89079],[128.67139,35.89168],[128.67087,35.89105]]]}},{"type":"Feature","properties":{"k":"bldg"},"geometry":{"type":"Polygon","coordinates":[[[128.67253,35.89013],[128.67305,35.89075],[128.67359,35.89047],[128.67307,35.88984],[128.67253,35.89013]]]}},{"type":"Feature","properties":{"k":"bldg"},"geometry":{"type":"Polygon","coordinates":[[[128.67623,35.88809],[128.67657,35.88815],[128.67648,35.88853],[128.67614,35.88848],[128.67623,35.88809]]]}},{"type":"Feature","properties":{"k":"bldg"},"geometry":{"type":"Polygon","coordinates":[[[128.67638,35.88747],[128.67672,35.88752],[128.67663,35.8879],[128.67629,35.88785],[128.67638,35.88747]]]}},{"type":"Feature","properties":{"k":"bldg"},"geometry":{"type":"Polygon","coordinates":[[[128.67638,35.88701],[128.67658,35.88725],[128.67634,35.88738],[128.67614,35.88714],[128.67638,35.88701]]]}},{"type":"Feature","properties":{"k":"bldg"},"geometry":{"type":"Polygon","coordinates":[[[128.66776,35.89211],[128.66805,35.89195],[128.66822,35.89213],[128.66793,35.8923],[128.66776,35.89211]]]}},{"type":"Feature","properties":{"k":"bldg"},"geometry":{"type":"Polygon","coordinates":[[[128.66889,35.89144],[128.66912,35.89166],[128.6689,35.89181],[128.66867,35.89159],[128.66889,35.89144]]]}},{"type":"Feature","properties":{"k":"bldg"},"geometry":{"type":"Polygon","coordinates":[[[128.66717,35.89259],[128.66713,35.89287],[128.66684,35.89284],[128.66689,35.89256],[128.66717,35.89259]]]}},{"type":"Feature","properties":{"k":"bldg"},"geometry":{"type":"Polygon","coordinates":[[[128.66737,35.89347],[128.66711,35.89366],[128.66692,35.89349],[128.66718,35.89329],[128.66737,35.89347]]]}},{"type":"Feature","properties":{"k":"bldg"},"geometry":{"type":"Polygon","coordinates":[[[128.66683,35.89395],[128.66664,35.8942],[128.6664,35.89407],[128.66659,35.89383],[128.66683,35.89395]]]}},{"type":"Feature","properties":{"k":"bldg"},"geometry":{"type":"Polygon","coordinates":[[[128.66577,35.89404],[128.66606,35.8942],[128.6659,35.89439],[128.66561,35.89423],[128.66577,35.89404]]]}},{"type":"Feature","properties":{"k":"bldg"},"geometry":{"type":"Polygon","coordinates":[[[128.6656,35.89394],[128.66525,35.89389],[128.66529,35.89366],[128.66564,35.89371],[128.6656,35.89394]]]}},{"type":"Feature","properties":{"k":"bldg"},"geometry":{"type":"Polygon","coordinates":[[[128.66618,35.89303],[128.66612,35.89331],[128.66584,35.89327],[128.66589,35.89299],[128.66618,35.89303]]]}},{"type":"Feature","properties":{"k":"bldg"},"geometry":{"type":"Polygon","coordinates":[[[128.66436,35.8935],[128.66458,35.89373],[128.66435,35.89387],[128.66413,35.89364],[128.66436,35.8935]]]}},{"type":"Feature","properties":{"k":"bldg"},"geometry":{"type":"Polygon","coordinates":[[[128.66408,35.89407],[128.66391,35.89433],[128.66366,35.89422],[128.66382,35.89396],[128.66408,35.89407]]]}},{"type":"Feature","properties":{"k":"bldg"},"geometry":{"type":"Polygon","coordinates":[[[128.66333,35.89453],[128.66298,35.89455],[128.66296,35.89432],[128.66331,35.8943],[128.66333,35.89453]]]}},{"type":"Feature","properties":{"k":"bldg"},"geometry":{"type":"Polygon","coordinates":[[[128.66262,35.89466],[128.66256,35.89494],[128.66228,35.8949],[128.66234,35.89462],[128.66262,35.89466]]]}},{"type":"Feature","properties":{"k":"bldg"},"geometry":{"type":"Polygon","coordinates":[[[128.6612,35.89529],[128.66149,35.89512],[128.66166,35.89531],[128.66137,35.89548],[128.6612,35.89529]]]}},{"type":"Feature","properties":{"k":"bldg"},"geometry":{"type":"Polygon","coordinates":[[[128.66205,35.8959],[128.6617,35.89586],[128.66174,35.89563],[128.66209,35.89567],[128.66205,35.8959]]]}},{"type":"Feature","properties":{"k":"bldg"},"geometry":{"type":"Polygon","coordinates":[[[128.66255,35.89596],[128.66284,35.89579],[128.66301,35.89598],[128.66272,35.89615],[128.66255,35.89596]]]}},{"type":"Feature","properties":{"k":"bldg"},"geometry":{"type":"Polygon","coordinates":[[[128.66308,35.89524],[128.66301,35.89553],[128.66273,35.89548],[128.66281,35.8952],[128.66308,35.89524]]]}},{"type":"Feature","properties":{"k":"bldg"},"geometry":{"type":"Polygon","coordinates":[[[128.64971,35.89528],[128.65001,35.89511],[128.65025,35.8954],[128.64996,35.89557],[128.64971,35.89528]]]}},{"type":"Feature","properties":{"k":"bldg"},"geometry":{"type":"Polygon","coordinates":[[[128.6763,35.88787],[128.67666,35.88793],[128.6766,35.88813],[128.67626,35.88807],[128.6763,35.88787]]]}},{"type":"Feature","properties":{"k":"bldg"},"geometry":{"type":"Polygon","coordinates":[[[128.67555,35.88686],[128.6757,35.8871],[128.67595,35.887],[128.6758,35.88676],[128.67555,35.88686]]]}},{"type":"Feature","properties":{"k":"bldg"},"geometry":{"type":"Polygon","coordinates":[[[128.67348,35.88847],[128.67377,35.8883],[128.67394,35.88849],[128.67365,35.88866],[128.67348,35.88847]]]}},{"type":"Feature","properties":{"k":"bldg"},"geometry":{"type":"Polygon","coordinates":[[[126.4881,36.68788],[126.4883,36.68778],[126.48783,36.68721],[126.48763,36.68731],[126.4881,36.68788]]]}},{"type":"Feature","properties":{"k":"bldg"},"geometry":{"type":"Polygon","coordinates":[[[126.48647,36.68806],[126.48667,36.68795],[126.4862,36.68738],[126.486,36.68749],[126.48647,36.68806]]]}},{"type":"Feature","properties":{"k":"bldg"},"geometry":{"type":"Polygon","coordinates":[[[126.48679,36.68671],[126.48666,36.68655],[126.48594,36.68691],[126.48607,36.68707],[126.48679,36.68671]]]}},{"type":"Feature","properties":{"k":"bldg"},"geometry":{"type":"Polygon","coordinates":[[[127.10551,37.43906],[127.10569,37.43904],[127.10566,37.43888],[127.10548,37.4389],[127.10551,37.43906]]]}},{"type":"Feature","properties":{"k":"bldg"},"geometry":{"type":"Polygon","coordinates":[[[127.10591,37.4361],[127.10596,37.43634],[127.10626,37.43631],[127.10622,37.43607],[127.10591,37.4361]]]}},{"type":"Feature","properties":{"k":"bldg"},"geometry":{"type":"Polygon","coordinates":[[[127.03426,37.08607],[127.03477,37.08611],[127.03482,37.08564],[127.03432,37.0856],[127.03426,37.08607]]]}},{"type":"Feature","properties":{"k":"bldg"},"geometry":{"type":"Polygon","coordinates":[[[127.03336,37.08598],[127.03386,37.08602],[127.03392,37.08555],[127.03342,37.08551],[127.03336,37.08598]]]}},{"type":"Feature","properties":{"k":"bldg"},"geometry":{"type":"Polygon","coordinates":[[[126.40076,37.47287],[126.40193,37.47352],[126.40328,37.47199],[126.40211,37.47134],[126.40076,37.47287]]]}},{"type":"Feature","properties":{"k":"bldg"},"geometry":{"type":"Polygon","coordinates":[[[126.99911,37.24171],[126.99947,37.24191],[126.99932,37.24208],[126.99895,37.24189],[126.99911,37.24171]]]}},{"type":"Feature","properties":{"k":"bldg"},"geometry":{"type":"Polygon","coordinates":[[[126.99924,37.24133],[126.9996,37.24153],[126.99945,37.2417],[126.99908,37.24151],[126.99924,37.24133]]]}},{"type":"Feature","properties":{"k":"bldg"},"geometry":{"type":"Polygon","coordinates":[[[126.99966,37.24108],[127.00003,37.24128],[126.99987,37.24145],[126.99951,37.24126],[126.99966,37.24108]]]}},{"type":"Feature","properties":{"k":"bldg"},"geometry":{"type":"Polygon","coordinates":[[[126.99868,37.24194],[126.99904,37.24214],[126.99889,37.24232],[126.99852,37.24213],[126.99868,37.24194]]]}},{"type":"Feature","properties":{"k":"bldg"},"geometry":{"type":"Polygon","coordinates":[[[126.99855,37.24235],[126.99891,37.24255],[126.99876,37.24272],[126.99839,37.24253],[126.99855,37.24235]]]}},{"type":"Feature","properties":{"k":"bldg"},"geometry":{"type":"Polygon","coordinates":[[[126.99839,37.24129],[126.99876,37.24148],[126.9986,37.24166],[126.99824,37.24147],[126.99839,37.24129]]]}},{"type":"Feature","properties":{"k":"bldg"},"geometry":{"type":"Polygon","coordinates":[[[127.89287,37.02425],[127.89288,37.02408],[127.89314,37.02408],[127.89313,37.02426],[127.89287,37.02425]]]}},{"type":"Feature","properties":{"k":"bldg"},"geometry":{"type":"Polygon","coordinates":[[[127.8926,37.02355],[127.89291,37.02371],[127.89308,37.02342],[127.89283,37.02329],[127.8926,37.02355]]]}},{"type":"Feature","properties":{"k":"bldg"},"geometry":{"type":"Polygon","coordinates":[[[127.89544,37.02379],[127.8956,37.02408],[127.89613,37.02391],[127.89597,37.02358],[127.89544,37.02379]]]}},{"type":"Feature","properties":{"k":"bldg"},"geometry":{"type":"Polygon","coordinates":[[[127.89437,37.02355],[127.8946,37.02373],[127.89427,37.02398],[127.89406,37.02381],[127.89437,37.02355]]]}},{"type":"Feature","properties":{"k":"bldg"},"geometry":{"type":"Polygon","coordinates":[[[127.89548,37.02309],[127.89561,37.02298],[127.89583,37.02316],[127.89569,37.02326],[127.89548,37.02309]]]}},{"type":"Feature","properties":{"k":"bldg"},"geometry":{"type":"Polygon","coordinates":[[[127.89463,37.02275],[127.89446,37.023],[127.89405,37.02277],[127.89422,37.02253],[127.89463,37.02275]]]}},{"type":"Feature","properties":{"k":"bldg"},"geometry":{"type":"Polygon","coordinates":[[[127.89573,37.02189],[127.89585,37.02169],[127.89625,37.02186],[127.8961,37.02205],[127.89573,37.02189]]]}},{"type":"Feature","properties":{"k":"bldg"},"geometry":{"type":"Polygon","coordinates":[[[127.8944,37.02188],[127.8947,37.02202],[127.89442,37.02228],[127.89417,37.02216],[127.8944,37.02188]]]}},{"type":"Feature","properties":{"k":"bldg"},"geometry":{"type":"Polygon","coordinates":[[[127.8959,37.02117],[127.89608,37.02134],[127.89634,37.02112],[127.89616,37.02099],[127.8959,37.02117]]]}},{"type":"Feature","properties":{"k":"bldg"},"geometry":{"type":"Polygon","coordinates":[[[127.89555,37.0204],[127.89587,37.02045],[127.89591,37.02017],[127.8956,37.02012],[127.89555,37.0204]]]}},{"type":"Feature","properties":{"k":"bldg"},"geometry":{"type":"Polygon","coordinates":[[[127.89442,37.02076],[127.89473,37.02092],[127.89441,37.02123],[127.89415,37.02107],[127.89442,37.02076]]]}},{"type":"Feature","properties":{"k":"bldg"},"geometry":{"type":"Polygon","coordinates":[[[127.89357,37.0204],[127.89379,37.02042],[127.89374,37.02065],[127.89354,37.02063],[127.89357,37.0204]]]}},{"type":"Feature","properties":{"k":"bldg"},"geometry":{"type":"Polygon","coordinates":[[[127.89303,37.02095],[127.89326,37.02077],[127.8935,37.02103],[127.89328,37.02116],[127.89303,37.02095]]]}},{"type":"Feature","properties":{"k":"bldg"},"geometry":{"type":"Polygon","coordinates":[[[127.89273,37.02159],[127.89298,37.0216],[127.89292,37.02186],[127.89272,37.02186],[127.89273,37.02159]]]}},{"type":"Feature","properties":{"k":"bldg"},"geometry":{"type":"Polygon","coordinates":[[[127.89214,37.02134],[127.89244,37.02138],[127.89239,37.02159],[127.89208,37.02155],[127.89214,37.02134]]]}},{"type":"Feature","properties":{"k":"bldg"},"geometry":{"type":"Polygon","coordinates":[[[127.89182,37.02215],[127.89205,37.02205],[127.89224,37.02232],[127.89198,37.02242],[127.89182,37.02215]]]}},{"type":"Feature","properties":{"k":"bldg"},"geometry":{"type":"Polygon","coordinates":[[[127.89175,37.02287],[127.89195,37.02306],[127.8922,37.02288],[127.89202,37.02268],[127.89175,37.02287]]]}},{"type":"Feature","properties":{"k":"bldg"},"geometry":{"type":"Polygon","coordinates":[[[127.89207,37.02325],[127.89203,37.02344],[127.8924,37.02348],[127.89247,37.02331],[127.89207,37.02325]]]}},{"type":"Feature","properties":{"k":"bldg"},"geometry":{"type":"Polygon","coordinates":[[[127.89104,37.01708],[127.89136,37.01702],[127.89142,37.01719],[127.89109,37.01725],[127.89104,37.01708]]]}},{"type":"Feature","properties":{"k":"bldg"},"geometry":{"type":"Polygon","coordinates":[[[127.89109,37.01725],[127.89115,37.01743],[127.89147,37.01736],[127.89142,37.01719],[127.89109,37.01725]]]}},{"type":"Feature","properties":{"k":"bldg"},"geometry":{"type":"Polygon","coordinates":[[[127.89122,37.01772],[127.89151,37.01773],[127.8915,37.01788],[127.89121,37.01787],[127.89122,37.01772]]]}},{"type":"Feature","properties":{"k":"bldg"},"geometry":{"type":"Polygon","coordinates":[[[127.89121,37.01787],[127.8915,37.01788],[127.89149,37.01804],[127.8912,37.01803],[127.89121,37.01787]]]}},{"type":"Feature","properties":{"k":"bldg"},"geometry":{"type":"Polygon","coordinates":[[[127.87877,37.02441],[127.87895,37.02415],[127.87931,37.02432],[127.87914,37.02457],[127.87877,37.02441]]]}},{"type":"Feature","properties":{"k":"bldg"},"geometry":{"type":"Polygon","coordinates":[[[127.87909,37.02314],[127.87886,37.02341],[127.87931,37.0236],[127.87952,37.02333],[127.87909,37.02314]]]}},{"type":"Feature","properties":{"k":"bldg"},"geometry":{"type":"Polygon","coordinates":[[[127.88014,37.02293],[127.88034,37.0231],[127.88008,37.0233],[127.87988,37.02316],[127.88014,37.02293]]]}},{"type":"Feature","properties":{"k":"bldg"},"geometry":{"type":"Polygon","coordinates":[[[127.88089,37.02182],[127.88114,37.02207],[127.88148,37.02176],[127.88126,37.02154],[127.88089,37.02182]]]}},{"type":"Feature","properties":{"k":"bldg"},"geometry":{"type":"Polygon","coordinates":[[[127.88005,37.02208],[127.8798,37.02226],[127.87939,37.022],[127.87964,37.02177],[127.88005,37.02208]]]}},{"type":"Feature","properties":{"k":"bldg"},"geometry":{"type":"Polygon","coordinates":[[[127.88063,37.02401],[127.88068,37.02432],[127.88016,37.02434],[127.88011,37.02403],[127.88063,37.02401]]]}},{"type":"Feature","properties":{"k":"bldg"},"geometry":{"type":"Polygon","coordinates":[[[127.88079,37.02348],[127.88059,37.02375],[127.88018,37.02353],[127.88039,37.02327],[127.88079,37.02348]]]}},{"type":"Feature","properties":{"k":"bldg"},"geometry":{"type":"Polygon","coordinates":[[[127.88068,37.02477],[127.88053,37.02502],[127.88008,37.02478],[127.88022,37.02456],[127.88068,37.02477]]]}},{"type":"Feature","properties":{"k":"bldg"},"geometry":{"type":"Polygon","coordinates":[[[127.87893,37.02483],[127.87918,37.02506],[127.87956,37.02472],[127.87928,37.02452],[127.87893,37.02483]]]}},{"type":"Feature","properties":{"k":"bldg"},"geometry":{"type":"Polygon","coordinates":[[[127.88092,37.02124],[127.88089,37.02155],[127.88146,37.02154],[127.88149,37.02126],[127.88092,37.02124]]]}},{"type":"Feature","properties":{"k":"bldg"},"geometry":{"type":"Polygon","coordinates":[[[127.88002,37.02153],[127.88012,37.02169],[127.87972,37.0218],[127.87962,37.02164],[127.88002,37.02153]]]}},{"type":"Feature","properties":{"k":"bldg"},"geometry":{"type":"Polygon","coordinates":[[[127.88016,37.0211],[127.88006,37.02133],[127.87957,37.02116],[127.87967,37.02094],[127.88016,37.0211]]]}},{"type":"Feature","properties":{"k":"bldg"},"geometry":{"type":"Polygon","coordinates":[[[127.88026,37.02024],[127.88023,37.02056],[127.87955,37.02055],[127.87957,37.02021],[127.88026,37.02024]]]}},{"type":"Feature","properties":{"k":"bldg"},"geometry":{"type":"Polygon","coordinates":[[[127.88056,37.01986],[127.88084,37.0197],[127.88053,37.01946],[127.88023,37.01965],[127.88056,37.01986]]]}},{"type":"Feature","properties":{"k":"bldg"},"geometry":{"type":"Polygon","coordinates":[[[127.88284,37.01927],[127.88303,37.01945],[127.88287,37.01956],[127.88268,37.01937],[127.88284,37.01927]]]}},{"type":"Feature","properties":{"k":"bldg"},"geometry":{"type":"Polygon","coordinates":[[[127.88267,37.01938],[127.88287,37.01956],[127.8827,37.01967],[127.88251,37.01949],[127.88267,37.01938]]]}},{"type":"Feature","properties":{"k":"bldg"},"geometry":{"type":"Polygon","coordinates":[[[127.88241,37.01956],[127.8826,37.01974],[127.88244,37.01985],[127.88225,37.01967],[127.88241,37.01956]]]}},{"type":"Feature","properties":{"k":"bldg"},"geometry":{"type":"Polygon","coordinates":[[[127.88225,37.01968],[127.88244,37.01985],[127.88228,37.01996],[127.88209,37.01978],[127.88225,37.01968]]]}},{"type":"Feature","properties":{"k":"bldg"},"geometry":{"type":"Polygon","coordinates":[[[127.8805,37.03868],[127.88028,37.03814],[127.88086,37.038],[127.88107,37.03854],[127.8805,37.03868]]]}},{"type":"Feature","properties":{"k":"bldg"},"geometry":{"type":"Polygon","coordinates":[[[127.88057,37.03944],[127.88096,37.03928],[127.88113,37.03956],[127.88074,37.03972],[127.88057,37.03944]]]}},{"type":"Feature","properties":{"k":"bldg"},"geometry":{"type":"Polygon","coordinates":[[[127.87971,37.03931],[127.87941,37.0395],[127.87963,37.03971],[127.87993,37.03952],[127.87971,37.03931]]]}},{"type":"Feature","properties":{"k":"bldg"},"geometry":{"type":"Polygon","coordinates":[[[127.87908,37.03991],[127.87935,37.03964],[127.87965,37.03984],[127.87938,37.04011],[127.87908,37.03991]]]}},{"type":"Feature","properties":{"k":"bldg"},"geometry":{"type":"Polygon","coordinates":[[[127.87907,37.04048],[127.8791,37.04016],[127.87943,37.04018],[127.87939,37.0405],[127.87907,37.04048]]]}},{"type":"Feature","properties":{"k":"bldg"},"geometry":{"type":"Polygon","coordinates":[[[127.88017,37.03923],[127.88049,37.03941],[127.88028,37.03966],[127.87996,37.03949],[127.88017,37.03923]]]}},{"type":"Feature","properties":{"k":"bldg"},"geometry":{"type":"Polygon","coordinates":[[[127.87952,37.04125],[127.87918,37.04111],[127.87896,37.04146],[127.87929,37.0416],[127.87952,37.04125]]]}},{"type":"Feature","properties":{"k":"bldg"},"geometry":{"type":"Polygon","coordinates":[[[127.87899,37.04068],[127.87921,37.04099],[127.87947,37.04087],[127.87925,37.04056],[127.87899,37.04068]]]}},{"type":"Feature","properties":{"k":"bldg"},"geometry":{"type":"Polygon","coordinates":[[[127.87971,37.04147],[127.87993,37.04116],[127.88028,37.04131],[127.88006,37.04163],[127.87971,37.04147]]]}},{"type":"Feature","properties":{"k":"bldg"},"geometry":{"type":"Polygon","coordinates":[[[127.88037,37.04166],[127.88037,37.04134],[127.88081,37.04135],[127.88081,37.04166],[127.88037,37.04166]]]}},{"type":"Feature","properties":{"k":"bldg"},"geometry":{"type":"Polygon","coordinates":[[[128.94594,35.16836],[128.94619,35.16836],[128.94643,35.16837],[128.94645,35.16814],[128.94594,35.16813],[128.94594,35.16821],[128.94585,35.16821],[128.94585,35.16828],[128.94594,35.16828],[128.94594,35.16836]]]}},{"type":"Feature","properties":{"k":"bldg"},"geometry":{"type":"Polygon","coordinates":[[[127.89152,37.03829],[127.89156,37.03798],[127.892,37.03801],[127.89196,37.03833],[127.89152,37.03829]]]}},{"type":"Feature","properties":{"k":"bldg"},"geometry":{"type":"Polygon","coordinates":[[[127.89144,37.03724],[127.89162,37.03696],[127.89196,37.0371],[127.89179,37.03738],[127.89144,37.03724]]]}},{"type":"Feature","properties":{"k":"bldg"},"geometry":{"type":"Polygon","coordinates":[[[127.89189,37.03775],[127.89194,37.03744],[127.89236,37.03748],[127.89231,37.03779],[127.89189,37.03775]]]}},{"type":"Feature","properties":{"k":"bldg"},"geometry":{"type":"Polygon","coordinates":[[[127.89146,37.03864],[127.89164,37.03835],[127.89199,37.03849],[127.89181,37.03878],[127.89146,37.03864]]]}},{"type":"Feature","properties":{"k":"bldg"},"geometry":{"type":"Polygon","coordinates":[[[127.89163,37.03921],[127.89178,37.03895],[127.89214,37.03909],[127.892,37.03934],[127.89163,37.03921]]]}},{"type":"Feature","properties":{"k":"bldg"},"geometry":{"type":"Polygon","coordinates":[[[127.8917,37.03955],[127.89195,37.03934],[127.89224,37.03956],[127.89198,37.03977],[127.8917,37.03955]]]}},{"type":"Feature","properties":{"k":"bldg"},"geometry":{"type":"Polygon","coordinates":[[[127.89162,37.04008],[127.89196,37.03992],[127.89216,37.0402],[127.89181,37.04035],[127.89162,37.04008]]]}},{"type":"Feature","properties":{"k":"bldg"},"geometry":{"type":"Polygon","coordinates":[[[127.89107,37.03633],[127.89127,37.03603],[127.89163,37.03618],[127.89143,37.03649],[127.89107,37.03633]]]}},{"type":"Feature","properties":{"k":"bldg"},"geometry":{"type":"Polygon","coordinates":[[[127.89164,37.03683],[127.89168,37.03654],[127.89205,37.03657],[127.89201,37.03687],[127.89164,37.03683]]]}},{"type":"Feature","properties":{"k":"bldg"},"geometry":{"type":"Polygon","coordinates":[[[127.89024,37.0359],[127.89062,37.03577],[127.8908,37.03608],[127.89042,37.03622],[127.89024,37.0359]]]}},{"type":"Feature","properties":{"k":"bldg"},"geometry":{"type":"Polygon","coordinates":[[[127.89092,37.03565],[127.8911,37.03539],[127.89142,37.03553],[127.89124,37.03579],[127.89092,37.03565]]]}},{"type":"Feature","properties":{"k":"bldg"},"geometry":{"type":"Polygon","coordinates":[[[127.89113,37.0352],[127.89102,37.03492],[127.89142,37.03482],[127.89152,37.0351],[127.89113,37.0352]]]}},{"type":"Feature","properties":{"k":"bldg"},"geometry":{"type":"Polygon","coordinates":[[[127.89001,37.03472],[127.89036,37.03458],[127.89056,37.03491],[127.89022,37.03505],[127.89001,37.03472]]]}},{"type":"Feature","properties":{"k":"bldg"},"geometry":{"type":"Polygon","coordinates":[[[127.89035,37.03437],[127.8906,37.03411],[127.89092,37.03431],[127.89067,37.03457],[127.89035,37.03437]]]}},{"type":"Feature","properties":{"k":"bldg"},"geometry":{"type":"Polygon","coordinates":[[[127.89101,37.03373],[127.89127,37.03345],[127.8916,37.03365],[127.89133,37.03393],[127.89101,37.03373]]]}},{"type":"Feature","properties":{"k":"bldg"},"geometry":{"type":"Polygon","coordinates":[[[127.89113,37.03309],[127.89149,37.03302],[127.89158,37.0333],[127.89122,37.03337],[127.89113,37.03309]]]}},{"type":"Feature","properties":{"k":"bldg"},"geometry":{"type":"Polygon","coordinates":[[[127.89105,37.03279],[127.89125,37.03257],[127.89158,37.03276],[127.89137,37.03298],[127.89105,37.03279]]]}},{"type":"Feature","properties":{"k":"bldg"},"geometry":{"type":"Polygon","coordinates":[[[127.89129,37.03243],[127.8912,37.03215],[127.89164,37.03207],[127.89172,37.03235],[127.89129,37.03243]]]}},{"type":"Feature","properties":{"k":"bldg"},"geometry":{"type":"Polygon","coordinates":[[[127.88878,37.04221],[127.8888,37.04197],[127.88902,37.04198],[127.889,37.04222],[127.88878,37.04221]]]}},{"type":"Feature","properties":{"k":"bldg"},"geometry":{"type":"Polygon","coordinates":[[[127.889,37.04222],[127.88921,37.04224],[127.88923,37.04199],[127.88902,37.04198],[127.889,37.04222]]]}},{"type":"Feature","properties":{"k":"bldg"},"geometry":{"type":"Polygon","coordinates":[[[127.88933,37.04224],[127.88936,37.04199],[127.88959,37.042],[127.88956,37.04226],[127.88933,37.04224]]]}},{"type":"Feature","properties":{"k":"bldg"},"geometry":{"type":"Polygon","coordinates":[[[127.88956,37.04226],[127.88959,37.042],[127.88981,37.04202],[127.88978,37.04228],[127.88956,37.04226]]]}},{"type":"Feature","properties":{"k":"bldg"},"geometry":{"type":"Polygon","coordinates":[[[127.88917,37.04303],[127.88917,37.04297],[127.8891,37.04297],[127.8891,37.04285],[127.88918,37.04285],[127.88918,37.04279],[127.88952,37.04279],[127.88953,37.04286],[127.88963,37.04286],[127.88963,37.04295],[127.88951,37.04296],[127.88952,37.04303],[127.88938,37.04303],[127.88938,37.04333],[127.88933,37.04333],[127.88933,37.04303],[127.88917,37.04303]]]}},{"type":"Feature","properties":{"k":"bldg"},"geometry":{"type":"Polygon","coordinates":[[[127.47056,37.20173],[127.47056,37.20151],[127.47082,37.20151],[127.47083,37.20172],[127.47056,37.20173]]]}},{"type":"Feature","properties":{"k":"bldg"},"geometry":{"type":"Polygon","coordinates":[[[127.47087,37.20172],[127.47087,37.20151],[127.47114,37.20151],[127.47114,37.20172],[127.47087,37.20172]]]}},{"type":"Feature","properties":{"k":"bldg"},"geometry":{"type":"Polygon","coordinates":[[[127.47118,37.20172],[127.47118,37.20151],[127.47145,37.2015],[127.47145,37.20171],[127.47118,37.20172]]]}},{"type":"Feature","properties":{"k":"bldg"},"geometry":{"type":"Polygon","coordinates":[[[127.4715,37.20172],[127.4715,37.20151],[127.47176,37.20151],[127.47177,37.20172],[127.4715,37.20172]]]}},{"type":"Feature","properties":{"k":"bldg"},"geometry":{"type":"Polygon","coordinates":[[[127.4718,37.20172],[127.4718,37.20151],[127.47206,37.20151],[127.47207,37.20172],[127.4718,37.20172]]]}},{"type":"Feature","properties":{"k":"bldg"},"geometry":{"type":"Polygon","coordinates":[[[127.4721,37.20172],[127.4721,37.20151],[127.47236,37.2015],[127.47237,37.20171],[127.4721,37.20172]]]}},{"type":"Feature","properties":{"k":"bldg"},"geometry":{"type":"Polygon","coordinates":[[[127.47242,37.20173],[127.47242,37.20151],[127.47269,37.20151],[127.47269,37.20172],[127.47242,37.20173]]]}},{"type":"Feature","properties":{"k":"bldg"},"geometry":{"type":"Polygon","coordinates":[[[127.47272,37.20172],[127.47271,37.20151],[127.47298,37.2015],[127.47298,37.20171],[127.47272,37.20172]]]}},{"type":"Feature","properties":{"k":"bldg"},"geometry":{"type":"Polygon","coordinates":[[[127.47302,37.20172],[127.47302,37.20151],[127.47329,37.2015],[127.47329,37.20172],[127.47302,37.20172]]]}},{"type":"Feature","properties":{"k":"bldg"},"geometry":{"type":"Polygon","coordinates":[[[127.47335,37.20171],[127.47334,37.2015],[127.47361,37.2015],[127.47361,37.20171],[127.47335,37.20171]]]}},{"type":"Feature","properties":{"k":"bldg"},"geometry":{"type":"Polygon","coordinates":[[[127.47366,37.20172],[127.47366,37.2015],[127.47392,37.2015],[127.47393,37.20171],[127.47366,37.20172]]]}},{"type":"Feature","properties":{"k":"bldg"},"geometry":{"type":"Polygon","coordinates":[[[127.47395,37.20171],[127.47395,37.2015],[127.47422,37.2015],[127.47422,37.20171],[127.47395,37.20171]]]}},{"type":"Feature","properties":{"k":"bldg"},"geometry":{"type":"Polygon","coordinates":[[[127.47426,37.20172],[127.47426,37.20151],[127.47453,37.2015],[127.47453,37.20171],[127.47426,37.20172]]]}},{"type":"Feature","properties":{"k":"bldg"},"geometry":{"type":"Polygon","coordinates":[[[127.47458,37.20172],[127.47458,37.20151],[127.47484,37.2015],[127.47485,37.20171],[127.47458,37.20172]]]}},{"type":"Feature","properties":{"k":"bldg"},"geometry":{"type":"Polygon","coordinates":[[[127.47882,37.20364],[127.47882,37.20334],[127.47909,37.20334],[127.47908,37.20364],[127.47882,37.20364]]]}},{"type":"Feature","properties":{"k":"bldg"},"geometry":{"type":"Polygon","coordinates":[[[127.47909,37.20364],[127.47908,37.20333],[127.47935,37.20334],[127.47935,37.20364],[127.47909,37.20364]]]}},{"type":"Feature","properties":{"k":"bldg"},"geometry":{"type":"Polygon","coordinates":[[[127.47935,37.20364],[127.47935,37.20333],[127.47962,37.20333],[127.47961,37.20364],[127.47935,37.20364]]]}},{"type":"Feature","properties":{"k":"bldg"},"geometry":{"type":"Polygon","coordinates":[[[127.47844,37.20426],[127.47844,37.20395],[127.47871,37.20395],[127.47871,37.20426],[127.47844,37.20426]]]}},{"type":"Feature","properties":{"k":"bldg"},"geometry":{"type":"Polygon","coordinates":[[[127.47816,37.20426],[127.47816,37.20395],[127.47843,37.20395],[127.47842,37.20425],[127.47816,37.20426]]]}},{"type":"Feature","properties":{"k":"bldg"},"geometry":{"type":"Polygon","coordinates":[[[127.47787,37.20426],[127.47787,37.20395],[127.47814,37.20395],[127.47814,37.20426],[127.47787,37.20426]]]}},{"type":"Feature","properties":{"k":"bldg"},"geometry":{"type":"Polygon","coordinates":[[[127.47726,37.20426],[127.47726,37.20396],[127.47752,37.20396],[127.47752,37.20426],[127.47726,37.20426]]]}},{"type":"Feature","properties":{"k":"bldg"},"geometry":{"type":"Polygon","coordinates":[[[127.47696,37.20427],[127.47696,37.20396],[127.47722,37.20397],[127.47722,37.20427],[127.47696,37.20427]]]}},{"type":"Feature","properties":{"k":"bldg"},"geometry":{"type":"Polygon","coordinates":[[[127.4767,37.20427],[127.4767,37.20396],[127.47697,37.20396],[127.47696,37.20427],[127.4767,37.20427]]]}},{"type":"Feature","properties":{"k":"bldg"},"geometry":{"type":"Polygon","coordinates":[[[127.47642,37.20427],[127.47642,37.20396],[127.47669,37.20396],[127.47669,37.20427],[127.47642,37.20427]]]}},{"type":"Feature","properties":{"k":"bldg"},"geometry":{"type":"Polygon","coordinates":[[[127.47615,37.20427],[127.47614,37.20396],[127.47641,37.20396],[127.47641,37.20427],[127.47615,37.20427]]]}},{"type":"Feature","properties":{"k":"bldg"},"geometry":{"type":"Polygon","coordinates":[[[127.47962,37.20364],[127.47962,37.20333],[127.47988,37.20334],[127.47988,37.20364],[127.47962,37.20364]]]}},{"type":"Feature","properties":{"k":"bldg"},"geometry":{"type":"Polygon","coordinates":[[[127.47989,37.20364],[127.47989,37.20333],[127.48016,37.20333],[127.48016,37.20364],[127.47989,37.20364]]]}},{"type":"Feature","properties":{"k":"bldg"},"geometry":{"type":"Polygon","coordinates":[[[127.48016,37.20365],[127.48016,37.20334],[127.48043,37.20334],[127.48042,37.20365],[127.48016,37.20365]]]}},{"type":"Feature","properties":{"k":"bldg"},"geometry":{"type":"Polygon","coordinates":[[[127.48043,37.20364],[127.48043,37.20333],[127.48069,37.20333],[127.48069,37.20364],[127.48043,37.20364]]]}},{"type":"Feature","properties":{"k":"bldg"},"geometry":{"type":"Polygon","coordinates":[[[127.47882,37.20366],[127.47918,37.20366],[127.47918,37.2039],[127.47881,37.2039],[127.47882,37.20366]]]}},{"type":"Feature","properties":{"k":"bldg"},"geometry":{"type":"Polygon","coordinates":[[[127.46314,37.20178],[127.46314,37.20157],[127.4634,37.20157],[127.4634,37.20177],[127.46314,37.20178]]]}},{"type":"Feature","properties":{"k":"bldg"},"geometry":{"type":"Polygon","coordinates":[[[127.46345,37.20178],[127.46345,37.20157],[127.46371,37.20157],[127.46371,37.20177],[127.46345,37.20178]]]}},{"type":"Feature","properties":{"k":"bldg"},"geometry":{"type":"Polygon","coordinates":[[[127.46375,37.20178],[127.46375,37.20157],[127.46389,37.20157],[127.46401,37.20157],[127.46401,37.20177],[127.46375,37.20178]]]}},{"type":"Feature","properties":{"k":"bldg"},"geometry":{"type":"Polygon","coordinates":[[[127.46405,37.20177],[127.46405,37.20157],[127.46431,37.20157],[127.46431,37.20177],[127.46405,37.20177]]]}},{"type":"Feature","properties":{"k":"bldg"},"geometry":{"type":"Polygon","coordinates":[[[127.46437,37.20177],[127.46437,37.20157],[127.46463,37.20156],[127.46463,37.20177],[127.46437,37.20177]]]}},{"type":"Feature","properties":{"k":"bldg"},"geometry":{"type":"Polygon","coordinates":[[[127.46469,37.20176],[127.46468,37.20156],[127.46494,37.20156],[127.46494,37.20176],[127.46469,37.20176]]]}},{"type":"Feature","properties":{"k":"bldg"},"geometry":{"type":"Polygon","coordinates":[[[127.46499,37.20177],[127.46499,37.20157],[127.46525,37.20157],[127.46525,37.20177],[127.46499,37.20177]]]}},{"type":"Feature","properties":{"k":"bldg"},"geometry":{"type":"Polygon","coordinates":[[[127.4653,37.20177],[127.4653,37.20157],[127.46556,37.20157],[127.46555,37.20177],[127.4653,37.20177]]]}},{"type":"Feature","properties":{"k":"bldg"},"geometry":{"type":"Polygon","coordinates":[[[127.46564,37.20177],[127.46563,37.20157],[127.46589,37.20156],[127.46589,37.20176],[127.46564,37.20177]]]}},{"type":"Feature","properties":{"k":"bldg"},"geometry":{"type":"Polygon","coordinates":[[[127.46591,37.20178],[127.46591,37.20157],[127.46617,37.20157],[127.46617,37.20177],[127.46591,37.20178]]]}},{"type":"Feature","properties":{"k":"bldg"},"geometry":{"type":"Polygon","coordinates":[[[127.46624,37.20178],[127.46624,37.20157],[127.4665,37.20157],[127.4665,37.20177],[127.46624,37.20178]]]}},{"type":"Feature","properties":{"k":"bldg"},"geometry":{"type":"Polygon","coordinates":[[[127.46263,37.20138],[127.46263,37.20117],[127.46292,37.20117],[127.46292,37.20138],[127.46263,37.20138]]]}},{"type":"Feature","properties":{"k":"bldg"},"geometry":{"type":"Polygon","coordinates":[[[127.46262,37.20113],[127.46263,37.20092],[127.46291,37.20092],[127.46291,37.20113],[127.46262,37.20113]]]}},{"type":"Feature","properties":{"k":"bldg"},"geometry":{"type":"Polygon","coordinates":[[[127.46262,37.20088],[127.46263,37.20067],[127.46292,37.20067],[127.46291,37.20088],[127.46262,37.20088]]]}},{"type":"Feature","properties":{"k":"apron"},"geometry":{"type":"Polygon","coordinates":[[[126.44075,37.45382],[126.4439,37.45561],[126.44388,37.45563],[126.44395,37.45567],[126.44389,37.45577],[126.44554,37.45669],[126.44561,37.4566],[126.4457,37.45665],[126.44572,37.45663],[126.44882,37.45839],[126.45053,37.45932],[126.44918,37.46081],[126.43784,37.4544],[126.43917,37.45291],[126.44075,37.45382]]]}},{"type":"Feature","properties":{"k":"apron"},"geometry":{"type":"Polygon","coordinates":[[[126.43686,37.4555],[126.43583,37.45664],[126.43653,37.45703],[126.43825,37.458],[126.4392,37.45854],[126.44173,37.45996],[126.44237,37.46033],[126.44264,37.46048],[126.44406,37.46128],[126.44504,37.46183],[126.44641,37.46261],[126.44719,37.46304],[126.44821,37.4619],[126.43686,37.4555]]]}},{"type":"Feature","properties":{"k":"apron"},"geometry":{"type":"Polygon","coordinates":[[[126.44825,37.44595],[126.44824,37.44581],[126.44821,37.44572],[126.44818,37.44567],[126.44814,37.44564],[126.44812,37.44562],[126.44805,37.44559],[126.44793,37.44556],[126.44784,37.44556],[126.44782,37.44556],[126.44771,37.4456],[126.44766,37.44562],[126.44762,37.44566],[126.4476,37.44567],[126.44756,37.44574],[126.44753,37.44585],[126.44753,37.44593],[126.44754,37.44608],[126.44759,37.44642],[126.4476,37.4465],[126.44762,37.44667],[126.44777,37.44718],[126.448,37.44772],[126.44823,37.44811],[126.44856,37.44858],[126.44659,37.44971],[126.44654,37.44966],[126.44567,37.45014],[126.44558,37.45022],[126.44553,37.45032],[126.44552,37.45044],[126.44556,37.45054],[126.44564,37.45063],[126.44576,37.45069],[126.44589,37.45072],[126.44603,37.45071],[126.44616,37.45066],[126.44699,37.45018],[126.44694,37.45011],[126.44892,37.44897],[126.44912,37.44916],[126.44941,37.44941],[126.44976,37.44966],[126.45022,37.44994],[126.4506,37.45015],[126.45111,37.45037],[126.4517,37.45057],[126.45188,37.45061],[126.45119,37.45251],[126.4511,37.45249],[126.4508,37.45335],[126.45079,37.45346],[126.45085,37.45358],[126.45095,37.45366],[126.45107,37.45372],[126.45121,37.45373],[126.45134,37.45371],[126.45145,37.45366],[126.45153,37.45358],[126.45158,37.45349],[126.45185,37.45267],[126.45175,37.45264],[126.45245,37.45074],[126.4525,37.45075],[126.45284,37.45081],[126.45311,37.45084],[126.45341,37.45087],[126.45359,37.45088],[126.45381,37.45089],[126.45395,37.45089],[126.45413,37.45089],[126.4544,37.45088],[126.4546,37.45087],[126.4548,37.45085],[126.45516,37.45081],[126.45544,37.45077],[126.45576,37.4507],[126.45597,37.45066],[126.45608,37.45062],[126.45616,37.45055],[126.4562,37.45046],[126.4562,37.45037],[126.45617,37.45028],[126.45609,37.45021],[126.456,37.45016],[126.45589,37.45014],[126.45577,37.45015],[126.4557,37.45016],[126.45563,37.44992],[126.45562,37.44981],[126.45563,37.44968],[126.45567,37.44957],[126.45573,37.44947],[126.45579,37.4494],[126.45589,37.44931],[126.45598,37.44925],[126.45612,37.44921],[126.45633,37.44917],[126.45642,37.44918],[126.4565,37.44921],[126.45692,37.4495],[126.45716,37.4497],[126.45727,37.44985],[126.45736,37.45001],[126.45741,37.45017],[126.45743,37.45034],[126.45742,37.45051],[126.45738,37.45065],[126.4573,37.45084],[126.4572,37.45099],[126.45711,37.45109],[126.45691,37.45124],[126.45673,37.45135],[126.45626,37.45154],[126.4561,37.45159],[126.45568,37.45167],[126.4552,37.45174],[126.45463,37.4518],[126.45428,37.45182],[126.45384,37.45181],[126.45347,37.45188],[126.45328,37.45212],[126.45246,37.45441],[126.45239,37.45453],[126.45232,37.45461],[126.45225,37.45467],[126.45217,37.45471],[126.45207,37.45475],[126.45196,37.45479],[126.45184,37.45483],[126.45171,37.45485],[126.45161,37.45486],[126.45151,37.45485],[126.45139,37.45484],[126.4513,37.45482],[126.4512,37.45479],[126.45111,37.45475],[126.44989,37.45407],[126.44975,37.45397],[126.44968,37.4539],[126.44962,37.45379],[126.44961,37.45365],[126.44964,37.45352],[126.45044,37.45134],[126.4505,37.45113],[126.4504,37.45101],[126.44995,37.4508],[126.44954,37.45057],[126.4491,37.45029],[126.44885,37.45021],[126.44863,37.45031],[126.44617,37.45171],[126.44599,37.45174],[126.44577,37.45173],[126.44558,37.45166],[126.44433,37.45096],[126.44413,37.4508],[126.44401,37.45059],[126.44398,37.45038],[126.44403,37.45016],[126.44418,37.44999],[126.44442,37.44981],[126.44683,37.44845],[126.44703,37.44826],[126.44702,37.44803],[126.44685,37.44766],[126.44659,37.44688],[126.44648,37.4462],[126.44648,37.44566],[126.44653,37.44546],[126.4467,37.44518],[126.44691,37.44498],[126.44723,37.44481],[126.44758,37.4447],[126.44796,37.44467],[126.44832,37.44473],[126.44867,37.44485],[126.44896,37.44499],[126.44917,37.44516],[126.44923,37.44525],[126.44924,37.44545],[126.44917,37.44558],[126.44907,37.44571],[126.44896,37.44581],[126.44879,37.44589],[126.44857,37.44595],[126.44825,37.44595]]]}},{"type":"Feature","properties":{"k":"apron"},"geometry":{"type":"Polygon","coordinates":[[[126.43917,37.45291],[126.43954,37.45251],[126.43944,37.45245],[126.44044,37.45135],[126.44149,37.45194],[126.44218,37.45233],[126.45189,37.45785],[126.45053,37.45932],[126.44882,37.45839],[126.44894,37.45844],[126.44905,37.45845],[126.44915,37.45844],[126.44922,37.4584],[126.44927,37.45835],[126.44932,37.45826],[126.44933,37.45816],[126.44928,37.45809],[126.44919,37.45802],[126.44598,37.45621],[126.44609,37.45607],[126.44442,37.45513],[126.44433,37.45525],[126.4411,37.45345],[126.441,37.45341],[126.4409,37.4534],[126.44077,37.45343],[126.44069,37.45349],[126.44064,37.45359],[126.44063,37.45368],[126.44067,37.45375],[126.44075,37.45382],[126.43917,37.45291]]]}},{"type":"Feature","properties":{"k":"bldg"},"geometry":{"type":"Polygon","coordinates":[[[126.44825,37.44595],[126.44825,37.44608],[126.44825,37.4462],[126.44829,37.44641],[126.44833,37.4466],[126.44838,37.44681],[126.44885,37.44672],[126.4495,37.4466],[126.44951,37.44664],[126.4496,37.44703],[126.44977,37.44738],[126.44979,37.44741],[126.44982,37.44745],[126.45005,37.44777],[126.45007,37.4478],[126.45035,37.4481],[126.45038,37.44813],[126.45069,37.4484],[126.45071,37.44841],[126.45108,37.44867],[126.45128,37.4488],[126.4513,37.4488],[126.45152,37.44892],[126.45155,37.44894],[126.45196,37.44912],[126.45239,37.44927],[126.45245,37.44928],[126.45294,37.4494],[126.45342,37.44946],[126.45345,37.44946],[126.45398,37.44949],[126.45443,37.44947],[126.45459,37.44943],[126.45466,37.44997],[126.45471,37.45033],[126.45508,37.45029],[126.45534,37.45025],[126.45549,37.45021],[126.4557,37.45016],[126.45577,37.45015],[126.45589,37.45014],[126.456,37.45016],[126.45609,37.45021],[126.45617,37.45028],[126.4562,37.45037],[126.4562,37.45046],[126.45616,37.45055],[126.45608,37.45062],[126.45597,37.45066],[126.45576,37.4507],[126.45544,37.45077],[126.45516,37.45081],[126.4548,37.45085],[126.4546,37.45087],[126.4544,37.45088],[126.45413,37.45089],[126.45395,37.45089],[126.45381,37.45089],[126.45359,37.45088],[126.45341,37.45087],[126.45311,37.45084],[126.45284,37.45081],[126.4525,37.45075],[126.45245,37.45074],[126.45175,37.45264],[126.45185,37.45267],[126.45158,37.45349],[126.45153,37.45358],[126.45145,37.45366],[126.45134,37.45371],[126.45121,37.45373],[126.45107,37.45372],[126.45095,37.45366],[126.45085,37.45358],[126.45079,37.45346],[126.4508,37.45335],[126.4511,37.45249],[126.45119,37.45251],[126.45188,37.45061],[126.4517,37.45057],[126.45111,37.45037],[126.4506,37.45015],[126.45022,37.44994],[126.44976,37.44966],[126.44941,37.44941],[126.44912,37.44916],[126.44892,37.44897],[126.44694,37.45011],[126.44699,37.45018],[126.44616,37.45066],[126.44603,37.45071],[126.44589,37.45072],[126.44576,37.45069],[126.44564,37.45063],[126.44556,37.45054],[126.44552,37.45044],[126.44553,37.45032],[126.44558,37.45022],[126.44567,37.45014],[126.44654,37.44966],[126.44659,37.44971],[126.44856,37.44858],[126.44823,37.44811],[126.448,37.44772],[126.44777,37.44718],[126.44762,37.44667],[126.4476,37.4465],[126.44759,37.44642],[126.44754,37.44608],[126.44753,37.44593],[126.44753,37.44585],[126.44756,37.44574],[126.4476,37.44567],[126.44762,37.44566],[126.44766,37.44562],[126.44771,37.4456],[126.44782,37.44556],[126.44784,37.44556],[126.44793,37.44556],[126.44805,37.44559],[126.44812,37.44562],[126.44814,37.44564],[126.44818,37.44567],[126.44821,37.44572],[126.44824,37.44581],[126.44825,37.44595]]]}},{"type":"Feature","properties":{"k":"apron"},"geometry":{"type":"Polygon","coordinates":[[[127.61429,34.84176],[127.61372,34.84157],[127.6146,34.83978],[127.61558,34.83946],[127.61567,34.83928],[127.61574,34.8393],[127.61597,34.83938],[127.61623,34.83946],[127.61498,34.84199],[127.61429,34.84176]]]}},{"type":"Feature","properties":{"k":"apron"},"geometry":{"type":"Polygon","coordinates":[[[127.61383,34.84271],[127.61429,34.84176],[127.61498,34.84199],[127.61445,34.84306],[127.61434,34.84302],[127.6142,34.84298],[127.61419,34.8429],[127.61417,34.84283],[127.61408,34.84276],[127.61396,34.84272],[127.61383,34.84271]]]}},{"type":"Feature","properties":{"k":"apron"},"geometry":{"type":"Polygon","coordinates":[[[127.61372,34.84157],[127.61319,34.84266],[127.6132,34.84274],[127.61362,34.84287],[127.61364,34.84283],[127.61372,34.84276],[127.61383,34.84271],[127.61429,34.84176],[127.61372,34.84157]]]}},{"type":"Feature","properties":{"k":"bldg"},"geometry":{"type":"Polygon","coordinates":[[[127.61448,34.83983],[127.6145,34.83983],[127.61441,34.84002],[127.61414,34.84058],[127.61404,34.84079],[127.61379,34.84071],[127.61384,34.84061],[127.61348,34.84049],[127.61384,34.83974],[127.6142,34.83986],[127.61425,34.83975],[127.61448,34.83983]]]}},{"type":"Feature","properties":{"k":"bldg"},"geometry":{"type":"Polygon","coordinates":[[[128.9511,35.16907],[128.95032,35.16936],[128.95013,35.16943],[128.95029,35.16972],[128.95034,35.16981],[128.95037,35.1698],[128.95045,35.16995],[128.95141,35.16959],[128.95137,35.16951],[128.95138,35.16951],[128.95134,35.16944],[128.95132,35.16945],[128.95111,35.16908],[128.9511,35.16907]]]}},{"type":"Feature","properties":{"k":"bldg"},"geometry":{"type":"Polygon","coordinates":[[[128.94735,35.17058],[128.94741,35.1707],[128.94744,35.17076],[128.94752,35.17073],[128.94773,35.17065],[128.9479,35.17059],[128.9479,35.17058],[128.94791,35.17058],[128.94791,35.17059],[128.94792,35.1706],[128.94793,35.17062],[128.94794,35.17062],[128.94796,35.17063],[128.94798,35.17064],[128.94808,35.17084],[128.94827,35.17078],[128.94836,35.17096],[128.94883,35.17078],[128.94886,35.17085],[128.94891,35.17093],[128.94904,35.17088],[128.94917,35.17083],[128.94912,35.17075],[128.94911,35.17072],[128.94909,35.17069],[128.94958,35.17051],[128.94949,35.17033],[128.94961,35.17029],[128.94957,35.17019],[128.94951,35.17009],[128.94947,35.17],[128.94958,35.16996],[128.9496,35.16997],[128.94969,35.16993],[128.9499,35.16986],[128.95011,35.16978],[128.95005,35.16968],[128.95001,35.1696],[128.9498,35.16967],[128.94972,35.1697],[128.94977,35.16979],[128.94953,35.16987],[128.94955,35.16989],[128.94943,35.16993],[128.94939,35.16986],[128.94926,35.1699],[128.9492,35.16977],[128.94915,35.16979],[128.94858,35.17],[128.9481,35.17017],[128.94797,35.17022],[128.94804,35.17035],[128.94796,35.17037],[128.94786,35.17041],[128.94791,35.17049],[128.94785,35.17052],[128.94783,35.17049],[128.94769,35.17055],[128.94764,35.17046],[128.94761,35.17047],[128.94735,35.17058]]]}},{"type":"Feature","properties":{"k":"bldg"},"geometry":{"type":"Polygon","coordinates":[[[128.94667,35.17095],[128.94704,35.17082],[128.94734,35.1707],[128.94735,35.17072],[128.94741,35.1707],[128.94744,35.17076],[128.94741,35.17077],[128.94764,35.17119],[128.9476,35.17148],[128.94758,35.1716],[128.94755,35.17175],[128.94751,35.172],[128.9475,35.17211],[128.94744,35.17254],[128.94738,35.17297],[128.94735,35.17325],[128.94732,35.17348],[128.94728,35.17378],[128.9472,35.17378],[128.94704,35.17377],[128.94686,35.17376],[128.94673,35.17374],[128.94668,35.17374],[128.94663,35.17373],[128.94664,35.1737],[128.94645,35.17369],[128.94642,35.1739],[128.94642,35.17393],[128.94641,35.17397],[128.9464,35.17409],[128.946,35.17406],[128.946,35.17404],[128.94607,35.17354],[128.94601,35.17354],[128.94602,35.17344],[128.9461,35.17276],[128.94612,35.17263],[128.94613,35.17254],[128.94619,35.17254],[128.94626,35.17205],[128.94626,35.17198],[128.94631,35.17164],[128.94635,35.17132],[128.94635,35.17131],[128.94638,35.17111],[128.94639,35.17104],[128.94666,35.17106],[128.94667,35.17095]]]}},{"type":"Feature","properties":{"k":"bldg"},"geometry":{"type":"Polygon","coordinates":[[[128.94811,35.17968],[128.94813,35.17966],[128.94816,35.17963],[128.94818,35.1796],[128.9483,35.17966],[128.94836,35.17958],[128.9485,35.17964],[128.94874,35.17933],[128.94908,35.17888],[128.9492,35.17873],[128.94907,35.17866],[128.94912,35.1786],[128.94899,35.17854],[128.94908,35.17843],[128.94897,35.17838],[128.94901,35.17832],[128.94891,35.17827],[128.94886,35.17832],[128.94863,35.1782],[128.94867,35.17815],[128.94855,35.17809],[128.94852,35.17814],[128.94843,35.1781],[128.94841,35.17809],[128.94831,35.17822],[128.94825,35.17819],[128.94745,35.17925],[128.94747,35.17926],[128.94745,35.17929],[128.94747,35.17929],[128.94744,35.17933],[128.94768,35.17946],[128.94767,35.17947],[128.94775,35.17951],[128.94776,35.1795],[128.94781,35.17952],[128.9478,35.17954],[128.94788,35.17958],[128.94789,35.17957],[128.94811,35.17968]]]}},{"type":"Feature","properties":{"k":"apron"},"geometry":{"type":"Polygon","coordinates":[[[126.43372,37.45889],[126.43454,37.45804],[126.43521,37.45731],[126.43862,37.45919],[126.43794,37.45991],[126.43931,37.46071],[126.43993,37.46107],[126.44064,37.46142],[126.44127,37.46064],[126.44665,37.46367],[126.44513,37.46535],[126.43372,37.45889]]]}},{"type":"Feature","properties":{"k":"bldg"},"geometry":{"type":"Polygon","coordinates":[[[126.44882,37.45839],[126.44894,37.45844],[126.44905,37.45845],[126.44915,37.45844],[126.44922,37.4584],[126.44927,37.45835],[126.44932,37.45826],[126.44933,37.45816],[126.44928,37.45809],[126.44919,37.45802],[126.44598,37.45621],[126.44609,37.45607],[126.44442,37.45513],[126.44433,37.45525],[126.4411,37.45345],[126.441,37.45341],[126.4409,37.4534],[126.44077,37.45343],[126.44069,37.45349],[126.44064,37.45359],[126.44063,37.45368],[126.44067,37.45375],[126.44075,37.45382],[126.4439,37.45561],[126.44388,37.45563],[126.44395,37.45567],[126.44389,37.45577],[126.44554,37.45669],[126.44561,37.4566],[126.4457,37.45665],[126.44572,37.45663],[126.44882,37.45839]]]}},{"type":"Feature","properties":{"k":"bldg"},"geometry":{"type":"Polygon","coordinates":[[[128.08644,35.0921],[128.0863,35.09201],[128.0863,35.09218],[128.08603,35.09218],[128.08601,35.09178],[128.08629,35.09177],[128.08629,35.09191],[128.08649,35.09204],[128.08659,35.09194],[128.08699,35.09221],[128.08655,35.09262],[128.08617,35.09234],[128.08644,35.0921]]]}},{"type":"Feature","properties":{"k":"bldg"},"geometry":{"type":"Polygon","coordinates":[[[126.43146,37.46588],[126.42989,37.4673],[126.42842,37.46873],[126.42799,37.46916],[126.42748,37.46961],[126.4272,37.46986],[126.42715,37.46992],[126.42713,37.46997],[126.42712,37.47002],[126.42713,37.47007],[126.42714,37.47012],[126.42718,37.47021],[126.42723,37.4703],[126.42742,37.47038],[126.42812,37.47059],[126.42836,37.47052],[126.42852,37.47046],[126.42845,37.47002],[126.4284,37.46957],[126.4284,37.46951],[126.42842,37.46945],[126.42844,37.46941],[126.42867,37.46916],[126.42912,37.46867],[126.42998,37.46781],[126.43091,37.46703],[126.4321,37.46744],[126.4319,37.46787],[126.43248,37.46807],[126.4328,37.46821],[126.43325,37.46843],[126.43349,37.46855],[126.43381,37.46873],[126.43406,37.46888],[126.43433,37.46905],[126.43491,37.46945],[126.43533,37.46978],[126.43588,37.46958],[126.43635,37.47008],[126.43653,37.47044],[126.43556,37.47161],[126.43494,37.47237],[126.43463,37.47275],[126.43455,37.47282],[126.43444,37.47287],[126.43436,37.4729],[126.43387,37.47299],[126.43319,37.47311],[126.43318,37.47325],[126.43318,37.47343],[126.4332,37.47349],[126.43354,37.4738],[126.43385,37.47408],[126.43398,37.4741],[126.43418,37.4741],[126.43431,37.47407],[126.43437,37.47401],[126.43444,37.47392],[126.43494,37.47323],[126.43544,37.47252],[126.436,37.47183],[126.43704,37.47055],[126.43752,37.47],[126.43768,37.46978],[126.43774,37.46963],[126.43777,37.46947],[126.43782,37.46923],[126.43874,37.46838],[126.43904,37.46831],[126.43934,37.46818],[126.44016,37.46764],[126.44063,37.46733],[126.441,37.46708],[126.44122,37.46692],[126.44131,37.46685],[126.44134,37.46677],[126.44134,37.46666],[126.44128,37.46656],[126.44118,37.46646],[126.44111,37.46643],[126.441,37.4664],[126.4409,37.46637],[126.44078,37.46637],[126.44071,37.46639],[126.44066,37.4664],[126.44059,37.46643],[126.44055,37.46647],[126.44051,37.46654],[126.44048,37.46665],[126.44039,37.46687],[126.44027,37.46704],[126.44015,37.4672],[126.43964,37.46751],[126.43915,37.46785],[126.43889,37.46798],[126.43872,37.46805],[126.43851,37.46812],[126.4384,37.46814],[126.43822,37.46817],[126.43809,37.46817],[126.43794,37.46817],[126.43777,37.46815],[126.43758,37.46812],[126.43731,37.46804],[126.43664,37.46774],[126.43627,37.46758],[126.4351,37.46683],[126.43399,37.46628],[126.43361,37.46601],[126.43328,37.46578],[126.43316,37.4657],[126.43303,37.46557],[126.43291,37.46545],[126.43282,37.46532],[126.43274,37.46517],[126.43266,37.46497],[126.43264,37.46478],[126.43265,37.46461],[126.43267,37.46446],[126.43272,37.46426],[126.4328,37.46407],[126.43309,37.46344],[126.43316,37.46328],[126.43321,37.46318],[126.4333,37.46305],[126.43339,37.46294],[126.43354,37.46282],[126.43367,37.46274],[126.4338,37.46267],[126.43386,37.46264],[126.43392,37.4626],[126.43396,37.46257],[126.43398,37.46251],[126.434,37.46242],[126.43399,37.46235],[126.43395,37.46227],[126.43393,37.46223],[126.43389,37.46218],[126.43381,37.46212],[126.43373,37.46207],[126.43364,37.46203],[126.4335,37.462],[126.43341,37.462],[126.43333,37.46203],[126.43327,37.46206],[126.4332,37.46215],[126.43309,37.46237],[126.43263,37.46337],[126.43232,37.46403],[126.43227,37.4642],[126.43224,37.46435],[126.43223,37.46446],[126.43223,37.46457],[126.43209,37.46488],[126.43146,37.46588]]]}},{"type":"Feature","properties":{"k":"apron"},"geometry":{"type":"Polygon","coordinates":[[[126.43768,37.46978],[126.43774,37.46963],[126.43777,37.46947],[126.43782,37.46923],[126.43874,37.46838],[126.43904,37.46831],[126.43934,37.46818],[126.44016,37.46764],[126.44063,37.46733],[126.441,37.46708],[126.44122,37.46692],[126.44131,37.46685],[126.44134,37.46677],[126.44134,37.46666],[126.44128,37.46656],[126.44118,37.46646],[126.44111,37.46643],[126.441,37.4664],[126.4409,37.46637],[126.44078,37.46637],[126.44071,37.46639],[126.44066,37.4664],[126.44059,37.46643],[126.44055,37.46647],[126.44051,37.46654],[126.44048,37.46665],[126.44039,37.46687],[126.44027,37.46704],[126.44015,37.4672],[126.43964,37.46751],[126.43915,37.46785],[126.43889,37.46798],[126.43872,37.46805],[126.43851,37.46812],[126.4384,37.46814],[126.43822,37.46817],[126.43809,37.46817],[126.43794,37.46817],[126.43777,37.46815],[126.43758,37.46812],[126.43731,37.46804],[126.43664,37.46774],[126.43627,37.46758],[126.4351,37.46683],[126.43399,37.46628],[126.43361,37.46601],[126.43328,37.46578],[126.43316,37.4657],[126.43303,37.46557],[126.43291,37.46545],[126.43282,37.46532],[126.43274,37.46517],[126.43266,37.46497],[126.43264,37.46478],[126.43265,37.46461],[126.43267,37.46446],[126.43272,37.46426],[126.4328,37.46407],[126.43309,37.46344],[126.43316,37.46328],[126.43321,37.46318],[126.4333,37.46305],[126.43339,37.46294],[126.43354,37.46282],[126.43367,37.46274],[126.4338,37.46267],[126.43386,37.46264],[126.43392,37.4626],[126.43396,37.46257],[126.43398,37.46251],[126.434,37.46242],[126.43399,37.46235],[126.43395,37.46227],[126.43393,37.46223],[126.43389,37.46218],[126.43381,37.46212],[126.43373,37.46207],[126.43364,37.46203],[126.4335,37.462],[126.43341,37.462],[126.43333,37.46203],[126.43327,37.46206],[126.4332,37.46215],[126.43309,37.46237],[126.43263,37.46337],[126.43232,37.46403],[126.43227,37.4642],[126.43224,37.46435],[126.43223,37.46446],[126.43223,37.46457],[126.43209,37.46488],[126.43146,37.46588],[126.4304,37.46517],[126.43023,37.46519],[126.43166,37.46271],[126.43196,37.46218],[126.43202,37.46207],[126.43212,37.46194],[126.4322,37.46184],[126.43271,37.46127],[126.43285,37.46115],[126.43301,37.46105],[126.43321,37.46099],[126.43335,37.46096],[126.43352,37.46095],[126.43368,37.46096],[126.43382,37.46099],[126.43396,37.46104],[126.43509,37.46167],[126.43525,37.46175],[126.43533,37.46185],[126.4354,37.46193],[126.43548,37.46206],[126.43553,37.46218],[126.43556,37.46232],[126.43557,37.46249],[126.43555,37.46261],[126.43547,37.46276],[126.4354,37.46286],[126.43427,37.46412],[126.43416,37.46428],[126.43415,37.46448],[126.43407,37.46467],[126.4341,37.46488],[126.43419,37.46505],[126.43432,37.46518],[126.43548,37.46589],[126.4364,37.4664],[126.43713,37.46682],[126.43736,37.46695],[126.43764,37.46702],[126.43782,37.46704],[126.43795,37.46704],[126.43819,37.46699],[126.4384,37.46693],[126.43862,37.46681],[126.43878,37.46668],[126.4389,37.46656],[126.43982,37.46551],[126.43994,37.46539],[126.44,37.46535],[126.44011,37.46527],[126.44028,37.46518],[126.44046,37.46512],[126.44064,37.4651],[126.44088,37.46509],[126.44114,37.46514],[126.44134,37.46521],[126.44247,37.46584],[126.44258,37.46592],[126.44269,37.46602],[126.44279,37.46614],[126.44285,37.46627],[126.44287,37.46641],[126.44287,37.4666],[126.4428,37.46677],[126.44272,37.4669],[126.44218,37.4675],[126.44201,37.46766],[126.44183,37.46782],[126.44028,37.46898],[126.43917,37.46982],[126.43868,37.47023],[126.43833,37.47055],[126.43817,37.47044],[126.43768,37.46978]]]}},{"type":"Feature","properties":{"k":"apron"},"geometry":{"type":"Polygon","coordinates":[[[127.01967,36.96866],[127.02525,36.96471],[127.02369,36.96325],[127.02354,36.96338],[127.02316,36.96362],[127.0229,36.96337],[127.02235,36.9638],[127.02256,36.96401],[127.02246,36.96408],[127.0225,36.96412],[127.02245,36.96416],[127.02241,36.96411],[127.02222,36.96423],[127.02227,36.96428],[127.02221,36.96432],[127.02195,36.96449],[127.02197,36.96451],[127.02214,36.96465],[127.02215,36.96466],[127.02224,36.96459],[127.02248,36.96479],[127.02254,36.96489],[127.0225,36.96492],[127.02242,36.96484],[127.02231,36.96493],[127.02239,36.96499],[127.02221,36.96512],[127.02185,36.96538],[127.02176,36.96538],[127.02153,36.96516],[127.02159,36.96511],[127.02145,36.96498],[127.02138,36.96502],[127.02128,36.96509],[127.02128,36.96521],[127.02134,36.96526],[127.02102,36.96549],[127.02097,36.96552],[127.02122,36.96575],[127.02121,36.96585],[127.02081,36.96613],[127.02065,36.96598],[127.01837,36.96759],[127.01967,36.96866]]]}}]}