{"type": "FeatureCollection", "features": [{"type": "Feature", "properties": {"name": "China"}, "geometry": {"type": "MultiPolygon", "coordinates": [[[[120.0, 28.0], [120.0, 44.0], [131.213, 44.0], [131.2129, 43.9932], [131.2067, 43.9748], [131.2079, 43.9595], [131.2184, 43.9259], [131.2173, 43.9085], [131.1928, 43.8602], [131.1728, 43.7991], [131.1703, 43.7811], [131.1779, 43.7255], [131.175, 43.7015], [131.1751, 43.6938], [131.1774, 43.6845], [131.1854, 43.6663], [131.188, 43.6567], [131.1873, 43.648], [131.1815, 43.6298], [131.1802, 43.623], [131.1824, 43.614], [131.1908, 43.5959], [131.192, 43.5886], [131.1857, 43.5744], [131.1657, 43.549], [131.1607, 43.5328], [131.1669, 43.5211], [131.2528, 43.4692], [131.2617, 43.4638], [131.2743, 43.4512], [131.2778, 43.4385], [131.2818, 43.3931], [131.2809, 43.3802], [131.2696, 43.3647], [131.2578, 43.3557], [131.2479, 43.3442], [131.2425, 43.3214], [131.242, 43.2838], [131.2377, 43.2658], [131.2255, 43.2519], [131.1931, 43.2308], [131.1786, 43.2174], [131.1691, 43.2017], [131.1672, 43.1816], [131.175, 43.1684], [131.1849, 43.1563], [131.1899, 43.1392], [131.184, 43.1208], [131.1694, 43.1078], [131.1344, 43.0893], [131.1266, 43.0824], [131.124, 43.0754], [131.123, 43.0677], [131.1199, 43.059], [131.1124, 43.0519], [131.094, 43.0468], [131.0855, 43.0421], [131.0783, 43.0318], [131.0752, 43.0196], [131.0743, 42.9934], [131.0828, 42.9652], [131.0993, 42.9354], [131.103, 42.9104], [131.074, 42.8966], [131.0395, 42.898], [131.0239, 42.8963], [131.0088, 42.8869], [131.002, 42.8733], [130.9996, 42.8588], [130.9924, 42.8487], [130.8562, 42.8498], [130.8165, 42.8641], [130.7943, 42.8691], [130.7695, 42.8658], [130.7568, 42.8533], [130.748, 42.8375], [130.7349, 42.8245], [130.731, 42.8259], [130.6491, 42.8289], [130.5865, 42.8173], [130.491, 42.7808], [130.4072, 42.7354], [130.3797, 42.6967], [130.4038, 42.6776], [130.4381, 42.6753], [130.4743, 42.679], [130.5039, 42.6778], [130.5267, 42.6658], [130.5511, 42.6456], [130.5719, 42.6218], [130.5843, 42.5989], [130.5845, 42.5689], [130.5676, 42.5528], [130.5308, 42.5305], [130.5252, 42.5492], [130.5195, 42.5886], [130.5165, 42.5994], [130.5014, 42.6108], [130.4842, 42.61], [130.4678, 42.6004], [130.4551, 42.5852], [130.471, 42.5698], [130.4679, 42.5549], [130.4525, 42.5493], [130.4312, 42.5615], [130.4264, 42.5721], [130.43, 42.5915], [130.4277, 42.5994], [130.4205, 42.6043], [130.4127, 42.6046], [130.404, 42.6041], [130.393, 42.6062], [130.3248, 42.6503], [130.3171, 42.6674], [130.2627, 42.7086], [130.243, 42.7434], [130.2422, 42.782], [130.2565, 42.8669], [130.239, 42.9022], [130.1938, 42.9082], [130.1404, 42.9071], [130.0988, 42.9215], [130.1116, 42.9291], [130.1225, 42.9433], [130.1305, 42.9595], [130.1336, 42.9727], [130.1215, 42.9818], [130.0943, 42.9769], [130.0473, 42.9619], [130.0082, 42.9606], [129.9957, 42.9619], [129.9813, 42.9667], [129.9717, 42.9737], [129.9416, 43.0036], [129.9341, 43.0084], [129.9207, 43.0103], [129.9092, 43.0084], [129.8907, 42.9994], [129.8798, 42.996], [129.8841, 42.9885], [129.8901, 42.9828], [129.8977, 42.9787], [129.907, 42.9761], [129.8933, 42.9715], [129.8631, 42.969], [129.8517, 42.9619], [129.8476, 42.9513], [129.8467, 42.9282], [129.8415, 42.9178], [129.8342, 42.9075], [129.799, 42.8367], [129.795, 42.8065], [129.7895, 42.7925], [129.7735, 42.767], [129.7613, 42.746], [129.7573, 42.7347], [129.7556, 42.7223], [129.7576, 42.7036], [129.7644, 42.6969], [129.7745, 42.6933], [129.7865, 42.6847], [129.7876, 42.6769], [129.7794, 42.6704], [129.7723, 42.6617], [129.7767, 42.6472], [129.7511, 42.6429], [129.7416, 42.629], [129.7462, 42.6155], [129.7631, 42.6124], [129.7631, 42.6062], [129.7365, 42.5852], [129.7314, 42.5509], [129.7336, 42.5118], [129.7289, 42.4759], [129.7033, 42.4424], [129.6712, 42.4379], [129.6335, 42.4454], [129.5917, 42.448], [129.5956, 42.4356], [129.5945, 42.4222], [129.5877, 42.4114], [129.5632, 42.4041], [129.5603, 42.3968], [129.5595, 42.387], [129.5542, 42.3769], [129.5453, 42.3713], [129.5352, 42.3696], [129.5268, 42.3731], [129.5234, 42.3834], [129.5171, 42.391], [129.4889, 42.4026], [129.4825, 42.4107], [129.4341, 42.4411], [129.4188, 42.4411], [129.4062, 42.436], [129.3954, 42.4302], [129.3862, 42.4281], [129.3721, 42.4326], [129.3631, 42.445], [129.3521, 42.448], [129.3401, 42.4455], [129.3386, 42.4384], [129.3438, 42.4292], [129.3521, 42.4206], [129.3379, 42.4144], [129.3265, 42.4268], [129.3154, 42.4223], [129.3071, 42.4076], [129.3038, 42.3896], [129.2966, 42.3872], [129.2431, 42.3787], [129.2361, 42.3744], [129.2311, 42.3676], [129.228, 42.3592], [129.2286, 42.3502], [129.2342, 42.3466], [129.2403, 42.344], [129.2423, 42.3387], [129.2363, 42.3239], [129.2261, 42.3181], [129.1939, 42.3182], [129.1939, 42.3108], [129.2037, 42.3102], [129.2124, 42.3078], [129.2207, 42.3037], [129.228, 42.2977], [129.2161, 42.2911], [129.2142, 42.2837], [129.2148, 42.2756], [129.2112, 42.267], [129.2029, 42.2627], [129.1921, 42.2599], [129.1834, 42.2546], [129.1808, 42.2431], [129.1869, 42.236], [129.2093, 42.2347], [129.2143, 42.2257], [129.2112, 42.22], [129.2042, 42.2143], [129.1964, 42.2092], [129.1777, 42.1934], [129.148, 42.1737], [129.1198, 42.1494], [129.1055, 42.1421], [129.0885, 42.1432], [129.0647, 42.1538], [129.0635, 42.1361], [129.0533, 42.1229], [129.0266, 42.1019], [129.0089, 42.0951], [128.985, 42.0929], [128.9638, 42.0885], [128.9548, 42.0752], [128.9401, 42.0354], [128.9035, 42.0263], [128.8832, 42.0304], [128.8171, 42.0439], [128.721, 42.0476], [128.7093, 42.0302], [128.6825, 42.0257], [128.6079, 42.0302], [128.5976, 42.0271], [128.5877, 42.02], [128.5737, 42.0043], [128.5644, 42.0008], [128.5533, 42.0066], [128.5437, 42.0081], [128.5024, 41.9961], [128.4883, 41.9975], [128.454, 42.0103], [128.4076, 42.0083], [128.3871, 42.0207], [128.3638, 42.0265], [128.262, 42.0329], [128.1005, 41.9991], [128.0546, 41.9983], [128.0346, 41.9937], [128.0215, 41.9798], [128.0204, 41.9651], [128.04, 41.8796], [128.0478, 41.864], [128.0576, 41.8499], [128.091, 41.8417], [128.097, 41.8226], [128.1442, 41.7547], [128.1549, 41.7338], [128.1591, 41.7118], [128.186, 41.6929], [128.2241, 41.6694], [128.2509, 41.6601], [128.269, 41.6434], [128.2814, 41.623], [128.2833, 41.6051], [128.303, 41.5834], [128.2876, 41.5447], [128.1857, 41.4045], [128.1461, 41.3763], [128.1039, 41.3791], [128.1182, 41.3934], [128.1039, 41.3996], [128.0881, 41.3889], [128.0642, 41.3884], [128.0469, 41.3988], [128.0506, 41.4207], [128.0337, 41.4138], [128.0238, 41.4115], [128.0152, 41.4133], [128.0115, 41.4243], [128.0131, 41.4423], [128.0124, 41.4601], [128.0014, 41.4709], [127.9927, 41.4611], [127.9845, 41.454], [127.9742, 41.4503], [127.9442, 41.4709], [127.9036, 41.4663], [127.8815, 41.4609], [127.8719, 41.4537], [127.8651, 41.4374], [127.8489, 41.4313], [127.8289, 41.434], [127.8104, 41.4436], [127.7846, 41.4369], [127.6903, 41.439], [127.6627, 41.447], [127.6581, 41.4466], [127.6471, 41.433], [127.6383, 41.4299], [127.6307, 41.4329], [127.5975, 41.4503], [127.5588, 41.4582], [127.5448, 41.4689], [127.5429, 41.4913], [127.5258, 41.4843], [127.5085, 41.4882], [127.491, 41.4954], [127.4741, 41.4988], [127.4571, 41.4947], [127.4431, 41.488], [127.4273, 41.4831], [127.4051, 41.4845], [127.4013, 41.4868], [127.3959, 41.4914], [127.3885, 41.496], [127.379, 41.4988], [127.3711, 41.4981], [127.3537, 41.4927], [127.3442, 41.4913], [127.3051, 41.4947], [127.2864, 41.499], [127.2691, 41.505], [127.2752, 41.5073], [127.2836, 41.5122], [127.2898, 41.5186], [127.289, 41.5255], [127.2815, 41.5311], [127.2747, 41.5304], [127.2675, 41.5273], [127.2583, 41.5255], [127.2445, 41.528], [127.222, 41.5408], [127.2071, 41.5459], [127.2003, 41.5421], [127.1873, 41.5215], [127.1797, 41.517], [127.1743, 41.5193], [127.1704, 41.5239], [127.1651, 41.5285], [127.1559, 41.5305], [127.1424, 41.5239], [127.1346, 41.522], [127.1282, 41.5316], [127.1209, 41.5348], [127.112, 41.5366], [127.1047, 41.5374], [127.118, 41.5558], [127.1365, 41.5692], [127.1578, 41.5786], [127.1797, 41.5852], [127.1661, 41.595], [127.114, 41.6104], [127.0972, 41.6124], [127.1019, 41.6223], [127.1047, 41.6262], [127.074, 41.6357], [127.059, 41.6433], [127.0494, 41.6534], [127.0455, 41.668], [127.049, 41.6777], [127.0596, 41.6822], [127.0766, 41.6808], [127.0683, 41.6936], [127.0468, 41.7192], [127.0427, 41.7326], [127.0332, 41.7316], [126.9996, 41.752], [126.9812, 41.7633], [126.9586, 41.7668], [126.9461, 41.7662], [126.9407, 41.7718], [126.9396, 41.7937], [126.9298, 41.801], [126.9085, 41.7962], [126.8871, 41.7849], [126.8775, 41.7736], [126.8648, 41.7473], [126.8089, 41.7298], [126.7963, 41.7049], [126.7886, 41.6959], [126.7714, 41.7045], [126.7415, 41.7292], [126.7273, 41.7369], [126.7125, 41.7412], [126.6966, 41.7412], [126.6795, 41.736], [126.6871, 41.724], [126.6996, 41.7164], [126.7142, 41.7099], [126.728, 41.7013], [126.7122, 41.6942], [126.6801, 41.6719], [126.6693, 41.6671], [126.634, 41.6686], [126.6179, 41.6659], [126.6021, 41.6421], [126.567, 41.6142], [126.5665, 41.6019], [126.5773, 41.5883], [126.5809, 41.5752], [126.5773, 41.5618], [126.5588, 41.5342], [126.5422, 41.489], [126.5076, 41.4472], [126.5013, 41.4344], [126.5083, 41.4092], [126.5221, 41.3776], [126.5221, 41.3519], [126.4877, 41.3444], [126.4877, 41.3518], [126.4938, 41.3548], [126.4965, 41.358], [126.4982, 41.3618], [126.5013, 41.3661], [126.4725, 41.3665], [126.4409, 41.3484], [126.3915, 41.3034], [126.3806, 41.2908], [126.3573, 41.2494], [126.3462, 41.2377], [126.321, 41.2189], [126.3095, 41.2078], [126.2844, 41.1641], [126.2748, 41.1526], [126.2607, 41.1431], [126.1474, 41.0923], [126.1238, 41.0755], [126.1382, 41.057], [126.1264, 41.0432], [126.1115, 41.0324], [126.1013, 41.0221], [126.1041, 41.0092], [126.0934, 41.0062], [126.0837, 41.0025], [126.0756, 40.9971], [126.0693, 40.9894], [126.072, 40.9806], [126.0658, 40.9686], [126.0455, 40.9447], [126.0286, 40.9353], [126.0095, 40.9327], [125.992, 40.9284], [125.9806, 40.9136], [125.9966, 40.9149], [126.01, 40.9139], [126.0153, 40.9091], [126.0078, 40.8993], [125.9951, 40.8941], [125.9643, 40.8913], [125.9496, 40.8826], [125.9362, 40.8774], [125.924, 40.8841], [125.9123, 40.8941], [125.9015, 40.8993], [125.8852, 40.8975], [125.8727, 40.8927], [125.8317, 40.8708], [125.822, 40.8698], [125.7792, 40.8846], [125.7708, 40.8862], [125.7609, 40.8857], [125.7547, 40.8817], [125.7508, 40.8748], [125.7459, 40.8682], [125.737, 40.8652], [125.7064, 40.8605], [125.7041, 40.8592], [125.6832, 40.8479], [125.6448, 40.8106], [125.6733, 40.7841], [125.6826, 40.7689], [125.6687, 40.7622], [125.6099, 40.7613], [125.6081, 40.7642], [125.6003, 40.7727], [125.5865, 40.7819], [125.5717, 40.7849], [125.5601, 40.7783], [125.5554, 40.7588], [125.5533, 40.7371], [125.5465, 40.7259], [125.5331, 40.7218], [125.4916, 40.7209], [125.4788, 40.7188], [125.4691, 40.7129], [125.4598, 40.7013], [125.4569, 40.6937], [125.4563, 40.6797], [125.453, 40.6734], [125.4437, 40.6687], [125.4263, 40.6712], [125.4189, 40.6666], [125.4152, 40.6527], [125.415, 40.6519], [125.4171, 40.6393], [125.4133, 40.6318], [125.3909, 40.6325], [125.3846, 40.6351], [125.3725, 40.6439], [125.3636, 40.6467], [125.356, 40.646], [125.3367, 40.6411], [125.3232, 40.6449], [125.3082, 40.6498], [125.2933, 40.6486], [125.2772, 40.6436], [125.271, 40.6325], [125.2648, 40.6225], [125.2561, 40.615], [125.2424, 40.6113], [125.2164, 40.6026], [125.1815, 40.594], [125.1531, 40.584], [125.1331, 40.5729], [125.1146, 40.5641], [125.0897, 40.5555], [125.0736, 40.548], [125.05, 40.5418], [125.0251, 40.5344], [125.0153, 40.522], [125.0153, 40.5083], [125.0277, 40.4959], [125.0389, 40.4835], [125.0463, 40.4711], [125.0413, 40.4611], [125.0263, 40.4574], [125.0066, 40.4561], [124.9866, 40.4574], [124.9596, 40.4537], [124.9353, 40.4556], [124.9259, 40.4579], [124.9179, 40.4611], [124.9151, 40.4659], [124.9056, 40.4765], [124.8955, 40.4836], [124.8906, 40.4779], [124.8838, 40.4655], [124.8499, 40.4316], [124.8008, 40.3941], [124.7799, 40.3835], [124.7568, 40.3792], [124.7412, 40.3704], [124.7313, 40.3497], [124.723, 40.3267], [124.7125, 40.3103], [124.693, 40.3028], [124.6426, 40.2943], [124.6272, 40.2861], [124.6112, 40.2722], [124.5709, 40.2524], [124.5549, 40.2414], [124.5518, 40.2362], [124.5502, 40.2247], [124.5487, 40.2209], [124.543, 40.2176], [124.5324, 40.216], [124.5282, 40.2141], [124.3856, 40.1105], [124.37, 40.0983], [124.3582, 40.0891], [124.3569, 40.0763], [124.3626, 40.0468], [124.364, 40.0209], [124.3613, 40.0112], [124.3523, 39.999], [124.3079, 39.9611], [124.303, 39.9541], [124.2991, 39.9404], [124.2942, 39.9338], [124.2867, 39.9293], [124.2803, 39.9287], [124.2737, 39.9289], [124.2664, 39.9269], [124.2022, 39.8786], [124.155, 39.8613], [124.1372, 39.8424], [124.1182, 39.8332], [124.0881, 39.8519], [124.0669, 39.8362], [124.0554, 39.8299], [124.041, 39.8245], [123.9981, 39.8159], [123.9857, 39.8102], [123.9751, 39.815], [123.9678, 39.8205], [123.9549, 39.8342], [123.9421, 39.8406], [123.9307, 39.8369], [123.9203, 39.8295], [123.9107, 39.8245], [123.8875, 39.8229], [123.8604, 39.8244], [123.8341, 39.8292], [123.8145, 39.8376], [123.8076, 39.8376], [123.773, 39.8183], [123.7201, 39.8306], [123.6697, 39.8566], [123.6431, 39.8786], [123.6567, 39.9195], [123.6401, 39.9147], [123.631, 39.904], [123.6262, 39.8891], [123.6226, 39.8717], [123.6016, 39.8171], [123.5977, 39.7926], [123.5914, 39.7843], [123.5637, 39.7709], [123.5632, 39.7688], [123.5632, 39.7704], [123.5537, 39.7761], [123.5508, 39.7795], [123.5474, 39.7853], [123.5418, 39.7917], [123.5332, 39.7966], [123.5132, 39.7978], [123.4956, 39.7907], [123.4815, 39.7797], [123.4456, 39.737], [123.4277, 39.7266], [123.4104, 39.7352], [123.4085, 39.746], [123.4104, 39.7966], [123.4131, 39.8018], [123.4182, 39.8065], [123.4212, 39.8132], [123.4171, 39.8245], [123.4116, 39.8257], [123.4031, 39.8236], [123.3982, 39.8183], [123.4036, 39.8102], [123.3867, 39.7896], [123.3645, 39.7852], [123.3394, 39.7849], [123.3141, 39.7761], [123.303, 39.7845], [123.285, 39.8035], [123.2732, 39.8102], [123.2642, 39.7973], [123.2572, 39.8011], [123.2528, 39.8112], [123.252, 39.8171], [123.2447, 39.814], [123.238, 39.8092], [123.2358, 39.8024], [123.2422, 39.7935], [123.2528, 39.7829], [123.2635, 39.7676], [123.2654, 39.7541], [123.249, 39.7482], [123.223, 39.755], [123.21, 39.755], [123.2042, 39.7451], [123.2064, 39.7347], [123.2122, 39.7314], [123.2208, 39.7307], [123.2423, 39.7255], [123.2493, 39.7253], [123.2551, 39.7241], [123.263, 39.7181], [123.2691, 39.7076], [123.2659, 39.7011], [123.2232, 39.6798], [123.1743, 39.6658], [123.1284, 39.6649], [123.108, 39.6901], [123.0999, 39.6858], [123.0581, 39.6748], [123.0398, 39.6731], [123.0296, 39.6747], [123.0166, 39.6795], [123.0091, 39.6805], [123.0057, 39.6774], [123.0006, 39.6711], [122.992, 39.6659], [122.9776, 39.6662], [122.9776, 39.6588], [122.9963, 39.6496], [122.9924, 39.6367], [122.9641, 39.6116], [122.9449, 39.6197], [122.8716, 39.6058], [122.8486, 39.6179], [122.7882, 39.5723], [122.7798, 39.5605], [122.7691, 39.5582], [122.7108, 39.536], [122.6965, 39.5239], [122.6882, 39.5186], [122.6768, 39.5154], [122.6729, 39.52], [122.661, 39.528], [122.6484, 39.5324], [122.6426, 39.526], [122.6366, 39.5085], [122.5879, 39.467], [122.5769, 39.4757], [122.5691, 39.4835], [122.5621, 39.4868], [122.5532, 39.4813], [122.5532, 39.4775], [122.5572, 39.4733], [122.561, 39.468], [122.5601, 39.4608], [122.5554, 39.456], [122.5511, 39.456], [122.5465, 39.4566], [122.54, 39.454], [122.4956, 39.4272], [122.4698, 39.4167], [122.447, 39.4124], [122.4138, 39.4136], [122.3963, 39.411], [122.3833, 39.3957], [122.356, 39.3879], [122.3447, 39.382], [122.3333, 39.3721], [122.3189, 39.362], [122.3036, 39.3542], [122.29, 39.351], [122.2837, 39.3434], [122.2771, 39.3285], [122.2674, 39.318], [122.2515, 39.3237], [122.2507, 39.319], [122.2495, 39.3166], [122.2454, 39.3106], [122.2402, 39.2856], [122.1986, 39.2512], [122.115, 39.2008], [122.1167, 39.1887], [122.1106, 39.175], [122.104, 39.1638], [122.1045, 39.1591], [122.1358, 39.1581], [122.1499, 39.1544], [122.1627, 39.1461], [122.1427, 39.1463], [122.1275, 39.142], [122.0733, 39.1046], [122.064, 39.1018], [122.0557, 39.1014], [122.0479, 39.0992], [122.0393, 39.0909], [122.0513, 39.0671], [122.0423, 39.0597], [121.988, 39.0629], [121.9805, 39.0588], [121.9713, 39.0496], [121.9593, 39.0405], [121.943, 39.0363], [121.9295, 39.0399], [121.9172, 39.0463], [121.9043, 39.0494], [121.8884, 39.0425], [121.9019, 39.038], [121.9129, 39.0307], [121.9203, 39.0209], [121.9232, 39.009], [121.8794, 39.0274], [121.856, 39.0338], [121.8269, 39.0363], [121.838, 39.0151], [121.8801, 38.997], [121.8953, 38.981], [121.8948, 38.9708], [121.8875, 38.9624], [121.8713, 38.9506], [121.8599, 38.9446], [121.8479, 38.9475], [121.8115, 38.9728], [121.7871, 39.0069], [121.7725, 39.022], [121.7449, 39.0335], [121.7247, 39.0302], [121.7201, 39.0195], [121.7388, 39.009], [121.7388, 39.0015], [121.7105, 39.0067], [121.6802, 39.009], [121.6709, 39.0077], [121.6358, 38.9953], [121.6493, 38.9945], [121.656, 38.9906], [121.6578, 38.9839], [121.6563, 38.9742], [121.6526, 38.9634], [121.6478, 38.9594], [121.6289, 38.9543], [121.6043, 38.952], [121.5921, 38.9487], [121.5874, 38.9401], [121.5925, 38.936], [121.6182, 38.9264], [121.6592, 38.9263], [121.6768, 38.9215], [121.6936, 38.9096], [121.7036, 38.8919], [121.7048, 38.8731], [121.6963, 38.8629], [121.6761, 38.8712], [121.6548, 38.8579], [121.5811, 38.863], [121.5527, 38.8581], [121.5122, 38.827], [121.5049, 38.8265], [121.4989, 38.8146], [121.485, 38.8099], [121.3801, 38.8166], [121.3447, 38.8146], [121.2876, 38.7881], [121.2608, 38.7951], [121.2367, 38.7985], [121.2175, 38.7756], [121.2256, 38.7763], [121.2447, 38.7756], [121.1985, 38.7279], [121.1795, 38.7209], [121.1531, 38.7276], [121.1414, 38.7427], [121.1324, 38.7587], [121.1145, 38.7681], [121.1241, 38.7784], [121.134, 38.7822], [121.1393, 38.7895], [121.1349, 38.8098], [121.1278, 38.8189], [121.1179, 38.8282], [121.1113, 38.8403], [121.1145, 38.8581], [121.1401, 38.8743], [121.1524, 38.8863], [121.1485, 38.8991], [121.0904, 38.8991], [121.0862, 38.9057], [121.0962, 38.9206], [121.1179, 38.9434], [121.1288, 38.9473], [121.1795, 38.9543], [121.1888, 38.9523], [121.202, 38.9429], [121.2107, 38.9401], [121.2195, 38.9405], [121.2344, 38.9456], [121.2568, 38.9497], [121.2918, 38.9674], [121.3203, 38.9665], [121.3343, 38.9686], [121.3403, 38.9776], [121.3381, 38.9853], [121.3289, 39.0014], [121.3268, 39.012], [121.3342, 39.0266], [121.3523, 39.0381], [121.3748, 39.0442], [121.3955, 39.0425], [121.4033, 39.0383], [121.4085, 39.0329], [121.4192, 39.0185], [121.4281, 39.0147], [121.4415, 39.0139], [121.4673, 39.0151], [121.4863, 39.0196], [121.5465, 39.0493], [121.6323, 39.0695], [121.6741, 39.088], [121.6898, 39.1181], [121.681, 39.1364], [121.6492, 39.1581], [121.6419, 39.1762], [121.6299, 39.1732], [121.6067, 39.1808], [121.5926, 39.1922], [121.6079, 39.2008], [121.606, 39.2054], [121.6034, 39.2165], [121.6017, 39.2213], [121.6263, 39.2245], [121.6331, 39.2362], [121.6041, 39.2529], [121.5899, 39.2641], [121.612, 39.275], [121.637, 39.2726], [121.6419, 39.2722], [121.647, 39.2649], [121.6585, 39.2668], [121.6802, 39.2752], [121.7178, 39.2969], [121.7361, 39.3118], [121.7383, 39.3196], [121.7313, 39.3305], [121.7535, 39.3552], [121.7651, 39.3654], [121.7798, 39.3715], [121.7913, 39.3713], [121.8375, 39.3647], [121.8655, 39.3706], [121.915, 39.3954], [121.943, 39.3994], [121.9312, 39.4172], [121.9224, 39.4152], [121.9127, 39.4053], [121.8987, 39.3994], [121.881, 39.3972], [121.8489, 39.3874], [121.8307, 39.3851], [121.7454, 39.3979], [121.7078, 39.3957], [121.7178, 39.3715], [121.5489, 39.3619], [121.5259, 39.3647], [121.492, 39.389], [121.4614, 39.4737], [121.436, 39.5086], [121.4199, 39.5161], [121.3995, 39.5202], [121.354, 39.5222], [121.3404, 39.5193], [121.3194, 39.5057], [121.3062, 39.5018], [121.2998, 39.5034], [121.2825, 39.5122], [121.2727, 39.5154], [121.2368, 39.5147], [121.2278, 39.5189], [121.2234, 39.5286], [121.2285, 39.5364], [121.2384, 39.5415], [121.2485, 39.5434], [121.26, 39.5637], [121.2915, 39.5864], [121.3062, 39.598], [121.3265, 39.6024], [121.3822, 39.6013], [121.4498, 39.6151], [121.4707, 39.6321], [121.4639, 39.6458], [121.4982, 39.6529], [121.5259, 39.6179], [121.5333, 39.6223], [121.5361, 39.6267], [121.5372, 39.632], [121.5396, 39.639], [121.5377, 39.6414], [121.5278, 39.6496], [121.5259, 39.6527], [121.5287, 39.656], [121.5377, 39.6629], [121.5396, 39.6662], [121.5423, 39.6694], [121.5474, 39.6732], [121.5501, 39.6787], [121.5465, 39.6867], [121.5374, 39.6925], [121.5303, 39.691], [121.524, 39.6873], [121.5184, 39.6867], [121.5068, 39.6943], [121.4909, 39.721], [121.4639, 39.7386], [121.4627, 39.7415], [121.4598, 39.7443], [121.4573, 39.7485], [121.4742, 39.7561], [121.4846, 39.764], [121.4873, 39.778], [121.4775, 39.7868], [121.4715, 39.8051], [121.4707, 39.8102], [121.5099, 39.824], [121.5359, 39.8618], [121.5663, 39.8588], [121.6161, 39.8717], [121.636, 39.8967], [121.6849, 39.9225], [121.7071, 39.9269], [121.7344, 39.9233], [121.7546, 39.9183], [121.7744, 39.9208], [121.7997, 39.94], [121.8038, 39.9487], [121.8052, 39.9578], [121.8097, 39.965], [121.836, 39.9711], [121.8547, 39.9852], [121.8738, 39.9914], [121.8801, 39.9987], [121.881, 40.008], [121.8748, 40.0163], [121.8648, 40.0194], [121.8379, 40.0205], [121.8269, 40.0225], [121.8805, 40.0415], [121.9295, 40.0773], [121.9331, 40.1014], [121.9957, 40.1239], [122.0064, 40.1563], [121.9915, 40.187], [122.016, 40.1881], [122.0386, 40.1964], [122.0588, 40.2092], [122.0916, 40.2272], [122.1023, 40.2487], [122.1075, 40.2622], [122.1094, 40.2755], [122.1082, 40.2839], [122.1087, 40.2918], [122.1061, 40.3101], [122.1287, 40.3259], [122.1803, 40.3524], [122.211, 40.3806], [122.2036, 40.4272], [122.242, 40.4272], [122.2501, 40.4306], [122.251, 40.4384], [122.2498, 40.4473], [122.2515, 40.4539], [122.2656, 40.4614], [122.2796, 40.4657], [122.2881, 40.4728], [122.2869, 40.4887], [122.3019, 40.5023], [122.294, 40.523], [122.2756, 40.5436], [122.2249, 40.5785], [122.1765, 40.5866], [122.1504, 40.6039], [122.1376, 40.624], [122.168, 40.6535], [122.1707, 40.6865], [122.1594, 40.7016], [122.137, 40.6851], [122.1218, 40.6801], [122.1087, 40.6995], [122.0671, 40.7351], [122.0491, 40.7461], [121.8972, 40.8078], [121.872, 40.8151], [121.8511, 40.8323], [121.8438, 40.8597], [121.8406, 40.9138], [121.8362, 40.9197], [121.8284, 40.9339], [121.8259, 40.9482], [121.8375, 40.9548], [121.8489, 40.9584], [121.8589, 40.9675], [121.8748, 40.9896], [121.8679, 40.9958], [121.826, 40.974], [121.8074, 40.96], [121.7777, 40.935], [121.7801, 40.9079], [121.7692, 40.8889], [121.7584, 40.872], [121.7396, 40.8491], [121.6944, 40.8484], [121.595, 40.8459], [121.575, 40.8415], [121.5676, 40.8455], [121.5289, 40.8673], [121.5104, 40.8794], [121.48, 40.8845], [121.4502, 40.8859], [121.4409, 40.8913], [121.4369, 40.8991], [121.4346, 40.9072], [121.4298, 40.9138], [121.4185, 40.9189], [121.3945, 40.9242], [121.3848, 40.9306], [121.3613, 40.9396], [121.3372, 40.9282], [121.3155, 40.9101], [121.2993, 40.8996], [121.2857, 40.8992], [121.2739, 40.903], [121.2649, 40.9104], [121.2584, 40.9206], [121.2447, 40.9064], [121.2249, 40.9271], [121.2003, 40.9307], [121.1758, 40.9223], [121.1554, 40.9064], [121.1424, 40.9007], [121.1306, 40.8933], [121.12, 40.8849], [121.1111, 40.876], [121.106, 40.8732], [121.0836, 40.8654], [121.0799, 40.863], [121.0801, 40.8571], [121.0811, 40.8502], [121.0802, 40.8449], [121.0803, 40.8284], [121.0657, 40.8184], [121.0684, 40.8034], [121.0499, 40.7974], [121.0419, 40.8144], [121.0296, 40.8265], [121.005, 40.8331], [120.991, 40.8313], [120.9819, 40.8268], [120.9705, 40.8179], [120.9632, 40.8066], [120.9671, 40.794], [120.9685, 40.7836], [120.9579, 40.7747], [120.9439, 40.7659], [120.9363, 40.7556], [120.9395, 40.7405], [120.956, 40.7373], [120.9758, 40.7393], [120.9944, 40.7363], [121.0103, 40.7309], [121.0207, 40.7193], [120.9956, 40.7153], [120.9626, 40.7093], [120.9402, 40.6912], [120.923, 40.6892], [120.8953, 40.6852], [120.8848, 40.6805], [120.8677, 40.6787], [120.8478, 40.6831], [120.8253, 40.674], [120.8196, 40.6569], [120.8164, 40.64], [120.8086, 40.6184], [120.7984, 40.5997], [120.7886, 40.5917], [120.77, 40.5858], [120.7001, 40.5372], [120.6788, 40.5219], [120.6696, 40.5028], [120.6657, 40.4908], [120.6591, 40.4838], [120.6333, 40.4752], [120.6209, 40.4744], [120.6041, 40.4652], [120.597, 40.45], [120.5985, 40.4318], [120.5974, 40.4224], [120.5841, 40.4137], [120.5621, 40.4113], [120.5457, 40.4024], [120.5391, 40.3829], [120.5475, 40.3762], [120.5673, 40.3802], [120.5884, 40.3843], [120.5912, 40.3673], [120.5649, 40.3542], [120.5346, 40.3441], [120.5018, 40.3269], [120.501, 40.3078], [120.5013, 40.2919], [120.5066, 40.2733], [120.5049, 40.2491], [120.4925, 40.2313], [120.472, 40.2143], [120.4507, 40.2011], [120.436, 40.1945], [120.3944, 40.1943], [120.358, 40.1918], [120.3336, 40.187], [120.309, 40.1797], [120.2895, 40.1635], [120.2613, 40.1467], [120.2464, 40.1441], [120.2255, 40.1349], [120.1939, 40.1267], [120.189, 40.1262], [120.1832, 40.1232], [120.155, 40.1114], [120.1184, 40.1], [120.0, 40.0694], [120.0, 37.4219], [120.009, 37.4223], [120.0598, 37.4404], [120.1876, 37.5118], [120.2976, 37.5979], [120.3225, 37.6324], [120.3064, 37.6652], [120.2938, 37.6703], [120.2786, 37.6724], [120.2476, 37.6726], [120.2354, 37.6748], [120.2229, 37.6794], [120.2157, 37.6841], [120.22, 37.6863], [120.3119, 37.6863], [120.3685, 37.6947], [120.386, 37.7045], [120.3914, 37.7067], [120.411, 37.7121], [120.4431, 37.7382], [120.4634, 37.7477], [120.5562, 37.7614], [120.5645, 37.7644], [120.5936, 37.7819], [120.6353, 37.7887], [120.6743, 37.802], [120.7049, 37.821], [120.738, 37.834], [120.7849, 37.8297], [120.8216, 37.8173], [120.8367, 37.816], [120.8464, 37.8181], [120.866, 37.8275], [120.8777, 37.8297], [120.8994, 37.8271], [120.9258, 37.8193], [120.9408, 37.8065], [120.9288, 37.7887], [120.9409, 37.774], [120.9569, 37.7609], [120.9754, 37.7514], [120.9946, 37.7477], [121.0054, 37.7443], [121.0115, 37.7359], [121.0161, 37.7257], [121.022, 37.7167], [121.0326, 37.7104], [121.0435, 37.7104], [121.0547, 37.7127], [121.0667, 37.7136], [121.1133, 37.7082], [121.138, 37.7012], [121.1485, 37.6894], [121.1424, 37.6768], [121.1322, 37.6645], [121.1301, 37.6518], [121.1485, 37.6379], [121.1355, 37.6263], [121.1344, 37.6105], [121.1421, 37.5947], [121.1554, 37.5826], [121.1716, 37.5771], [121.1915, 37.5752], [121.3081, 37.5812], [121.3447, 37.5908], [121.3745, 37.6105], [121.3606, 37.6313], [121.354, 37.6379], [121.3722, 37.6327], [121.3936, 37.6225], [121.4141, 37.6097], [121.4298, 37.5969], [121.3984, 37.5949], [121.3814, 37.583], [121.3817, 37.5661], [121.4017, 37.5491], [121.4246, 37.5363], [121.4468, 37.5196], [121.464, 37.4995], [121.4707, 37.4765], [121.4769, 37.468], [121.4915, 37.463], [121.5222, 37.4597], [121.5371, 37.4562], [121.5498, 37.4478], [121.5703, 37.4287], [121.5916, 37.4245], [121.6516, 37.4371], [121.6761, 37.4392], [121.6549, 37.4577], [121.6343, 37.4624], [121.5874, 37.4536], [121.5928, 37.4639], [121.6025, 37.4719], [121.613, 37.4773], [121.6214, 37.4802], [121.635, 37.4813], [121.6448, 37.4785], [121.6524, 37.4747], [121.6594, 37.4727], [121.7324, 37.4617], [121.9378, 37.4643], [121.9573, 37.4597], [121.9573, 37.4536], [121.9491, 37.4484], [121.9446, 37.4407], [121.9446, 37.4325], [121.9498, 37.4256], [121.9573, 37.4238], [121.988, 37.4256], [121.9974, 37.4341], [121.9778, 37.4717], [121.9812, 37.4802], [121.9946, 37.4867], [122.0164, 37.5176], [122.0256, 37.528], [122.0438, 37.5339], [122.0615, 37.5372], [122.0718, 37.5445], [122.0671, 37.5627], [122.0733, 37.5627], [122.082, 37.5529], [122.0951, 37.5491], [122.1095, 37.5522], [122.1218, 37.5627], [122.1395, 37.5506], [122.1519, 37.5329], [122.1526, 37.5146], [122.1355, 37.5007], [122.1299, 37.4835], [122.1414, 37.4566], [122.1621, 37.4331], [122.1832, 37.4182], [122.1978, 37.4324], [122.2097, 37.4473], [122.2242, 37.458], [122.2454, 37.4597], [122.2618, 37.4509], [122.2786, 37.4239], [122.2965, 37.4182], [122.457, 37.4182], [122.4615, 37.4196], [122.4661, 37.4227], [122.4712, 37.4254], [122.478, 37.4256], [122.4822, 37.4227], [122.485, 37.4138], [122.488, 37.4119], [122.5706, 37.4016], [122.5916, 37.4044], [122.6009, 37.415], [122.6124, 37.4186], [122.665, 37.414], [122.6804, 37.415], [122.6882, 37.4098], [122.6887, 37.3897], [122.679, 37.3747], [122.6561, 37.3846], [122.6146, 37.3709], [122.5851, 37.3527], [122.5774, 37.3498], [122.5708, 37.3448], [122.5912, 37.3142], [122.5947, 37.2952], [122.5576, 37.3191], [122.5497, 37.3198], [122.5491, 37.3109], [122.5601, 37.2747], [122.5667, 37.2663], [122.5899, 37.2434], [122.5947, 37.2369], [122.5967, 37.2209], [122.6029, 37.2099], [122.6135, 37.2031], [122.6289, 37.1997], [122.6289, 37.1928], [122.5852, 37.1887], [122.5743, 37.1854], [122.5632, 37.1732], [122.5689, 37.1657], [122.5772, 37.1578], [122.5743, 37.1444], [122.5435, 37.1566], [122.51, 37.1552], [122.4827, 37.14], [122.4707, 37.1103], [122.4644, 37.1103], [122.4658, 37.1452], [122.4644, 37.1518], [122.4539, 37.1543], [122.4476, 37.1474], [122.4443, 37.1365], [122.4417, 37.1171], [122.4363, 37.0992], [122.4364, 37.0898], [122.4405, 37.0849], [122.4475, 37.0823], [122.4541, 37.0775], [122.457, 37.0659], [122.4485, 37.0572], [122.4112, 37.0365], [122.4024, 37.0215], [122.4092, 37.0063], [122.4243, 37.0036], [122.437, 37.0116], [122.4364, 37.0277], [122.4612, 37.0308], [122.513, 37.0205], [122.54, 37.0277], [122.5254, 36.9445], [122.5327, 36.9259], [122.5265, 36.9143], [122.5173, 36.9031], [122.5074, 36.898], [122.4985, 36.9042], [122.5001, 36.9156], [122.509, 36.9263], [122.5127, 36.9346], [122.4985, 36.9389], [122.4939, 36.9326], [122.4773, 36.926], [122.4566, 36.9206], [122.44, 36.9184], [122.4305, 36.9201], [122.4209, 36.9231], [122.4122, 36.9248], [122.4058, 36.9222], [122.4022, 36.9145], [122.4034, 36.9066], [122.4075, 36.9005], [122.4126, 36.898], [122.4214, 36.8952], [122.4295, 36.8881], [122.4352, 36.8792], [122.4364, 36.8707], [122.431, 36.8647], [122.4207, 36.8608], [122.4024, 36.857], [122.3972, 36.8569], [122.3933, 36.8591], [122.3899, 36.862], [122.3856, 36.8632], [122.3797, 36.8614], [122.3778, 36.8571], [122.3772, 36.8525], [122.3757, 36.8496], [122.3712, 36.8456], [122.3611, 36.8334], [122.3552, 36.8291], [122.3198, 36.8229], [122.2003, 36.8428], [122.1853, 36.8499], [122.1807, 36.8664], [122.1848, 36.885], [122.1969, 36.898], [122.2659, 36.898], [122.2529, 36.906], [122.2112, 36.9184], [122.1747, 36.9411], [122.1627, 36.9458], [122.1786, 36.9863], [122.1797, 37.0058], [122.1661, 37.0141], [122.15, 37.0053], [122.148, 36.985], [122.1492, 36.9621], [122.1429, 36.9458], [122.1284, 36.9456], [122.1101, 36.9519], [122.0943, 36.9509], [122.0877, 36.929], [122.0809, 36.9166], [122.0652, 36.9067], [122.0469, 36.9003], [122.0331, 36.898], [122.0354, 36.9168], [122.0348, 36.9418], [122.0376, 36.9637], [122.0498, 36.9731], [122.0538, 36.9752], [122.0492, 36.9799], [122.0396, 36.9846], [122.0293, 36.9868], [122.0042, 36.986], [121.9614, 36.9929], [121.9263, 36.9936], [121.9149, 36.9858], [121.9233, 36.9685], [121.9498, 36.9389], [121.9151, 36.9202], [121.786, 36.8912], [121.7769, 36.8865], [121.7559, 36.8723], [121.7518, 36.8669], [121.75, 36.8574], [121.7449, 36.8472], [121.7372, 36.8392], [121.728, 36.8359], [121.7085, 36.8328], [121.6715, 36.8193], [121.6494, 36.8161], [121.6494, 36.8223], [121.6741, 36.8332], [121.6842, 36.8359], [121.6842, 36.8428], [121.6582, 36.8402], [121.6375, 36.8314], [121.6245, 36.8148], [121.6214, 36.7888], [121.6321, 36.7612], [121.6343, 36.7466], [121.6253, 36.7404], [121.6126, 36.743], [121.6035, 36.7497], [121.5977, 36.7585], [121.5942, 36.7676], [121.583, 36.7628], [121.573, 36.7636], [121.5601, 36.7676], [121.5504, 36.7644], [121.5371, 36.7558], [121.5259, 36.754], [121.5035, 36.7604], [121.4964, 36.7745], [121.5032, 36.7886], [121.5222, 36.795], [121.5371, 36.7956], [121.5474, 36.7982], [121.5552, 36.8034], [121.5632, 36.8123], [121.573, 36.8196], [121.5952, 36.8263], [121.6047, 36.8325], [121.6072, 36.845], [121.5881, 36.8462], [121.5628, 36.8414], [121.5465, 36.8359], [121.5381, 36.8288], [121.5305, 36.8199], [121.5222, 36.8122], [121.5116, 36.8086], [121.4981, 36.8109], [121.4942, 36.8169], [121.4923, 36.8239], [121.4844, 36.8291], [121.4595, 36.8287], [121.453, 36.8164], [121.458, 36.8019], [121.4673, 36.795], [121.4707, 36.7896], [121.4662, 36.7776], [121.4534, 36.7574], [121.4448, 36.7535], [121.4325, 36.7528], [121.4089, 36.754], [121.3901, 36.7468], [121.3778, 36.7315], [121.3794, 36.717], [121.4017, 36.7124], [121.3853, 36.7065], [121.3684, 36.7068], [121.3335, 36.7124], [121.3142, 36.7118], [121.1577, 36.6686], [121.128, 36.6509], [121.0897, 36.6164], [121.0802, 36.61], [121.0628, 36.6101], [121.0425, 36.6277], [121.0325, 36.6243], [121.0308, 36.6171], [121.034, 36.5968], [121.0325, 36.5895], [121.0235, 36.5839], [121.0147, 36.5845], [121.0061, 36.5876], [120.9984, 36.5895], [120.9447, 36.5912], [120.9288, 36.5963], [120.9365, 36.612], [120.9334, 36.6203], [120.9221, 36.6237], [120.9055, 36.6243], [120.8927, 36.6285], [120.8648, 36.6467], [120.8506, 36.6509], [120.8241, 36.644], [120.7708, 36.6172], [120.7506, 36.6168], [120.7473, 36.6082], [120.7469, 36.6032], [120.75, 36.5998], [120.7576, 36.5963], [120.7473, 36.5773], [120.7423, 36.5559], [120.7503, 36.5408], [120.7787, 36.5411], [120.7938, 36.551], [120.8136, 36.5837], [120.8264, 36.5963], [120.8504, 36.6046], [120.8646, 36.5977], [120.8948, 36.5616], [120.9053, 36.5571], [120.9141, 36.557], [120.9203, 36.5533], [120.9226, 36.5377], [120.9275, 36.5329], [120.9385, 36.5344], [120.9502, 36.54], [120.9568, 36.5479], [120.9636, 36.5479], [120.9614, 36.5314], [120.9519, 36.5199], [120.9412, 36.5097], [120.9363, 36.497], [120.9378, 36.4877], [120.95, 36.4592], [120.9343, 36.4568], [120.9195, 36.4565], [120.9063, 36.4524], [120.8948, 36.4387], [120.901, 36.4277], [120.9014, 36.419], [120.8983, 36.4116], [120.8904, 36.3979], [120.8827, 36.3887], [120.8743, 36.3806], [120.8674, 36.3772], [120.8497, 36.3861], [120.844, 36.4227], [120.8264, 36.4325], [120.832, 36.4553], [120.8069, 36.4639], [120.7725, 36.4635], [120.7506, 36.4592], [120.7478, 36.4556], [120.7405, 36.4428], [120.7371, 36.4387], [120.7317, 36.4362], [120.719, 36.4324], [120.7141, 36.4287], [120.6865, 36.3872], [120.6907, 36.3708], [120.7096, 36.3494], [120.7222, 36.3306], [120.7073, 36.3227], [120.6937, 36.3249], [120.669, 36.3346], [120.662, 36.3363], [120.6477, 36.3309], [120.6436, 36.3225], [120.6487, 36.3124], [120.662, 36.3015], [120.6546, 36.2883], [120.6602, 36.2773], [120.6704, 36.2658], [120.6756, 36.2506], [120.6875, 36.1879], [120.6934, 36.1749], [120.7048, 36.1562], [120.6968, 36.144], [120.6278, 36.1165], [120.6239, 36.1177], [120.6206, 36.1213], [120.6167, 36.1234], [120.5936, 36.1098], [120.5652, 36.1158], [120.5516, 36.1137], [120.5459, 36.0998], [120.5362, 36.0915], [120.5142, 36.0886], [120.4736, 36.0893], [120.4619, 36.0858], [120.4356, 36.0685], [120.4217, 36.062], [120.3695, 36.0488], [120.3535, 36.0408], [120.3394, 36.05], [120.3247, 36.0572], [120.3091, 36.0615], [120.292, 36.062], [120.292, 36.0681], [120.3084, 36.0795], [120.3123, 36.0913], [120.3135, 36.1045], [120.3228, 36.1199], [120.335, 36.1361], [120.3616, 36.1916], [120.3485, 36.2134], [120.3392, 36.2226], [120.3228, 36.2264], [120.3118, 36.2659], [120.3064, 36.2742], [120.2865, 36.2638], [120.2735, 36.2343], [120.2752, 36.2041], [120.2988, 36.1916], [120.2845, 36.176], [120.2643, 36.1809], [120.244, 36.1911], [120.23, 36.1916], [120.2261, 36.1941], [120.2239, 36.1965], [120.2213, 36.1984], [120.2163, 36.1991], [120.2191, 36.2219], [120.1868, 36.2191], [120.1445, 36.2089], [120.1173, 36.2097], [120.1124, 36.2175], [120.1114, 36.2227], [120.1082, 36.2255], [120.0972, 36.2264], [120.0929, 36.2232], [120.0879, 36.2162], [120.0859, 36.2091], [120.0903, 36.206], [120.1053, 36.2009], [120.1092, 36.1888], [120.1052, 36.1742], [120.0894, 36.1477], [120.0864, 36.13], [120.0897, 36.1117], [120.1002, 36.0961], [120.1168, 36.0876], [120.1358, 36.0834], [120.1541, 36.0771], [120.1685, 36.062], [120.1719, 36.0461], [120.1707, 36.0087], [120.1753, 35.9936], [120.186, 35.9845], [120.1978, 35.9853], [120.23, 35.9999], [120.2295, 35.9728], [120.2428, 35.9736], [120.2749, 35.9936], [120.2808, 35.9982], [120.282, 36.0067], [120.2849, 36.0109], [120.2954, 36.0033], [120.3031, 35.994], [120.3053, 35.987], [120.3035, 35.9805], [120.2988, 35.9731], [120.2844, 35.9626], [120.2444, 35.9531], [120.2268, 35.9418], [120.1852, 35.9038], [120.1753, 35.89], [120.1705, 35.9075], [120.1795, 35.9201], [120.1897, 35.9315], [120.189, 35.9453], [120.1685, 35.9384], [120.1629, 35.9333], [120.1455, 35.9138], [120.1419, 35.9079], [120.1358, 35.9041], [120.1072, 35.904], [120.0972, 35.9008], [120.0523, 35.8626], [120.0388, 35.8428], [120.0198, 35.7598], [120.0029, 35.7278], [120.0, 35.7282], [120.0, 34.4316], [120.023, 34.4194], [120.0787, 34.3775], [120.1182, 34.3596], [120.2398, 34.3237], [120.2571, 34.3118], [120.264, 34.2908], [120.2667, 34.2663], [120.2742, 34.2445], [120.2988, 34.2043], [120.3094, 34.1741], [120.3172, 34.1521], [120.325, 34.1365], [120.3252, 34.1113], [120.3482, 34.0769], [120.3535, 34.0608], [120.3585, 34.0535], [120.3653, 34.0456], [120.3713, 34.036], [120.385, 33.9704], [120.408, 33.9168], [120.4133, 33.8974], [120.4126, 33.8875], [120.3984, 33.879], [120.3997, 33.8693], [120.4071, 33.8598], [120.419, 33.8554], [120.4314, 33.846], [120.4434, 33.8247], [120.4509, 33.8015], [120.4497, 33.7864], [120.4641, 33.775], [120.4824, 33.7651], [120.4983, 33.7533], [120.5049, 33.7356], [120.5059, 33.6972], [120.5117, 33.6567], [120.5027, 33.6616], [120.4951, 33.6622], [120.489, 33.6584], [120.4837, 33.65], [120.526, 33.6107], [120.5391, 33.5947], [120.5632, 33.548], [120.5733, 33.5333], [120.6278, 33.478], [120.6344, 33.4669], [120.6521, 33.4281], [120.6558, 33.4132], [120.662, 33.338], [120.6672, 33.3251], [120.68, 33.308], [120.6951, 33.2932], [120.7073, 33.2868], [120.7205, 33.285], [120.7379, 33.2793], [120.7503, 33.2696], [120.7476, 33.2558], [120.7427, 33.2527], [120.7371, 33.2509], [120.7322, 33.2482], [120.7302, 33.2421], [120.7325, 33.2371], [120.7425, 33.2278], [120.7444, 33.2241], [120.7435, 33.2086], [120.7401, 33.2055], [120.7302, 33.2049], [120.7852, 33.165], [120.807, 33.1378], [120.7922, 33.1087], [120.8125, 33.1058], [120.8189, 33.0922], [120.8196, 33.0541], [120.8259, 33.0302], [120.8338, 33.0256], [120.8464, 33.0299], [120.8674, 33.0324], [120.8901, 33.0261], [120.8958, 33.0136], [120.8885, 32.9777], [120.8887, 32.9627], [120.9078, 32.8439], [120.9048, 32.8126], [120.8803, 32.772], [120.8524, 32.756], [120.8614, 32.7197], [120.8604, 32.6898], [120.8502, 32.6966], [120.8431, 32.7039], [120.8414, 32.7111], [120.8469, 32.7177], [120.8401, 32.7245], [120.8302, 32.7094], [120.8303, 32.6977], [120.8639, 32.6711], [120.9066, 32.6597], [120.9112, 32.6301], [120.9439, 32.6052], [120.975, 32.5951], [121.0207, 32.5685], [121.0428, 32.5575], [121.0663, 32.544], [121.0862, 32.536], [121.0987, 32.5211], [121.1008, 32.498], [121.1077, 32.498], [121.1202, 32.5074], [121.1573, 32.4956], [121.1738, 32.4876], [121.1915, 32.4787], [121.2151, 32.4727], [121.2717, 32.4477], [121.3541, 32.4148], [121.3894, 32.3849], [121.4011, 32.3521], [121.416, 32.2689], [121.4177, 32.2553], [121.4193, 32.2503], [121.4158, 32.2486], [121.4017, 32.2447], [121.3772, 32.2416], [121.3667, 32.239], [121.3608, 32.2316], [121.368, 32.2274], [121.3987, 32.1689], [121.4251, 32.164], [121.4312, 32.1514], [121.4321, 32.1339], [121.4434, 32.1143], [121.4495, 32.1127], [121.4561, 32.1155], [121.4624, 32.1197], [121.4673, 32.1218], [121.473, 32.1196], [121.4819, 32.1103], [121.488, 32.1081], [121.4966, 32.1103], [121.5308, 32.1085], [121.5542, 32.1025], [121.5942, 32.0871], [121.6554, 32.0629], [121.6831, 32.0426], [121.7178, 32.0256], [121.7273, 32.0166], [121.7644, 31.9953], [121.7986, 31.9705], [121.8219, 31.9525], [121.8252, 31.9277], [121.8478, 31.9046], [121.875, 31.8637], [121.8747, 31.8259], [121.9018, 31.7865], [121.9221, 31.7544], [121.9304, 31.7267], [121.9148, 31.7064], [121.872, 31.6907], [121.8173, 31.6909], [121.749, 31.7116], [121.7029, 31.7206], [121.6756, 31.7236], [121.6551, 31.7324], [121.6072, 31.7486], [121.5743, 31.7655], [121.5516, 31.7737], [121.5291, 31.7792], [121.5174, 31.7834], [121.5079, 31.7929], [121.5005, 31.8022], [121.4949, 31.8065], [121.4802, 31.811], [121.416, 31.8406], [121.3174, 31.8832], [121.2864, 31.8906], [121.2279, 31.8659], [121.1852, 31.8367], [121.1151, 31.7963], [121.0866, 31.8018], [121.0624, 31.8135], [121.0399, 31.8193], [121.0054, 31.8208], [120.9778, 31.8144], [120.9506, 31.8252], [120.9406, 31.8446], [120.9431, 31.8679], [120.9431, 31.8753], [120.9448, 31.8846], [120.9414, 31.8925], [120.9258, 31.8959], [120.9193, 31.8994], [120.9109, 31.9177], [120.9055, 31.926], [120.8469, 31.9914], [120.8108, 32.0226], [120.7436, 32.036], [120.6344, 32.077], [120.5655, 32.0767], [120.5224, 32.0826], [120.4908, 32.0825], [120.4278, 32.0529], [120.3616, 32.0256], [120.3003, 31.9717], [120.2671, 31.9487], [120.2237, 31.9368], [120.1759, 31.9367], [120.1314, 31.9432], [120.0901, 31.955], [120.0523, 31.9709], [120.02, 31.9908], [120.0, 32.0087], [120.0, 31.9546], [120.0064, 31.9503], [120.0388, 31.9431], [120.131, 31.9123], [120.1783, 31.9042], [120.23, 31.9089], [120.3412, 31.9563], [120.4182, 31.9697], [120.4322, 31.9752], [120.4558, 31.9825], [120.4542, 32.0032], [120.4554, 32.0214], [120.4695, 32.0251], [120.5178, 32.0187], [120.6043, 31.9914], [120.67, 31.9988], [120.69, 31.9982], [120.7504, 31.9783], [120.7798, 31.9159], [120.8074, 31.8738], [120.8248, 31.8287], [120.8078, 31.8097], [120.7515, 31.8247], [120.7385, 31.8368], [120.7276, 31.8507], [120.7171, 31.8611], [120.7208, 31.8319], [120.7315, 31.8139], [120.7484, 31.8022], [120.8319, 31.7778], [120.8954, 31.7633], [120.9485, 31.7579], [120.9807, 31.7512], [121.0138, 31.743], [121.067, 31.7241], [121.1444, 31.6847], [121.2117, 31.6276], [121.2447, 31.6004], [121.3203, 31.5048], [121.3409, 31.491], [121.3608, 31.4775], [121.4177, 31.4528], [121.448, 31.4265], [121.5462, 31.3661], [121.6316, 31.3358], [121.6699, 31.3131], [121.7252, 31.2816], [121.7775, 31.2144], [121.877, 31.0991], [121.9508, 30.9821], [121.9774, 30.9149], [121.9601, 30.8743], [121.9074, 30.8571], [121.8108, 30.8532], [121.7328, 30.8463], [121.6311, 30.8366], [121.5429, 30.8165], [121.492, 30.7977], [121.4564, 30.7833], [121.4106, 30.7674], [121.3506, 30.7134], [121.3335, 30.7031], [121.2647, 30.6892], [121.2219, 30.675], [121.2029, 30.6651], [121.1777, 30.6457], [121.1589, 30.6367], [121.1485, 30.6278], [121.1416, 30.6177], [121.1366, 30.6081], [121.1309, 30.5998], [121.1213, 30.593], [121.1024, 30.5891], [121.0474, 30.5828], [121.0202, 30.5711], [120.9981, 30.5579], [120.9778, 30.5433], [120.9489, 30.5068], [120.9317, 30.473], [120.9288, 30.4531], [120.9324, 30.4394], [120.9385, 30.4307], [120.9395, 30.4219], [120.9288, 30.4081], [120.9216, 30.4052], [120.9017, 30.4036], [120.8948, 30.4013], [120.9046, 30.3886], [120.909, 30.3844], [120.9151, 30.3808], [120.9151, 30.3746], [120.9007, 30.3736], [120.8882, 30.3686], [120.8506, 30.3302], [120.8318, 30.3053], [120.8107, 30.2966], [120.7874, 30.2936], [120.7696, 30.306], [120.754, 30.3271], [120.745, 30.3596], [120.7271, 30.3758], [120.6981, 30.394], [120.667, 30.4015], [120.6192, 30.4061], [120.4791, 30.4035], [120.4303, 30.3898], [120.416, 30.3677], [120.4072, 30.3542], [120.3975, 30.3216], [120.3888, 30.2908], [120.379, 30.2735], [120.3646, 30.2686], [120.3423, 30.2742], [120.3163, 30.2909], [120.2852, 30.2988], [120.2579, 30.2981], [120.2398, 30.2889], [120.1958, 30.2329], [120.1471, 30.1989], [120.179, 30.2007], [120.2, 30.2178], [120.2302, 30.236], [120.25, 30.2701], [120.2744, 30.2776], [120.2955, 30.2787], [120.3146, 30.2635], [120.3314, 30.2492], [120.3503, 30.2407], [120.3681, 30.2409], [120.3847, 30.2496], [120.395, 30.2647], [120.4046, 30.2799], [120.421, 30.3054], [120.4505, 30.3689], [120.4771, 30.3748], [120.5249, 30.3779], [120.6216, 30.3726], [120.6517, 30.3593], [120.6573, 30.3363], [120.6849, 30.2718], [120.6987, 30.2518], [120.7255, 30.2426], [120.7344, 30.2322], [120.6914, 30.1975], [120.666, 30.1662], [120.6438, 30.1459], [120.6301, 30.135], [120.6318, 30.1224], [120.6533, 30.1025], [120.6825, 30.0849], [120.701, 30.0808], [120.7234, 30.0797], [120.755, 30.0869], [120.765, 30.0866], [120.772, 30.0832], [120.784, 30.0717], [120.7922, 30.0661], [120.7837, 30.0893], [120.7647, 30.0966], [120.7141, 30.0933], [120.688, 30.0978], [120.6646, 30.1096], [120.6463, 30.1269], [120.6629, 30.1412], [120.701, 30.1846], [120.7514, 30.2256], [120.8135, 30.2133], [120.8286, 30.185], [120.8532, 30.1744], [120.8928, 30.1698], [120.9235, 30.1859], [120.9542, 30.192], [120.9602, 30.1958], [120.9944, 30.2111], [121.1091, 30.2828], [121.1288, 30.3016], [121.1497, 30.3258], [121.1854, 30.3376], [121.2541, 30.3484], [121.3132, 30.3382], [121.3774, 30.3251], [121.4296, 30.293], [121.5068, 30.22], [121.5546, 30.1609], [121.587, 30.1115], [121.6233, 30.0599], [121.6432, 30.0365], [121.6583, 30.0184], [121.6778, 30.0006], [121.7068, 29.9851], [121.7323, 29.9786], [121.7219, 29.9605], [121.7322, 29.9621], [121.7501, 29.9725], [121.7675, 29.9732], [121.7966, 29.963], [121.8164, 29.9515], [121.8498, 29.9404], [121.8732, 29.9323], [121.8993, 29.9231], [121.9149, 29.9187], [121.9356, 29.8874], [121.9496, 29.8869], [121.9624, 29.8885], [121.9817, 29.8903], [122.0562, 29.8874], [122.0676, 29.8896], [122.0867, 29.8994], [122.1059, 29.907], [122.1291, 29.9038], [122.1364, 29.8845], [122.1148, 29.8716], [122.0686, 29.8515], [122.0282, 29.836], [121.983, 29.8232], [121.966, 29.8112], [121.9368, 29.7917], [121.9244, 29.7735], [121.9022, 29.7525], [121.8853, 29.7613], [121.8731, 29.7538], [121.8661, 29.7366], [121.8624, 29.708], [121.8346, 29.6871], [121.7765, 29.6526], [121.7177, 29.5887], [121.7041, 29.572], [121.6873, 29.5626], [121.667, 29.5566], [121.6482, 29.5567], [121.6359, 29.5544], [121.6239, 29.5544], [121.6091, 29.5457], [121.5925, 29.5436], [121.5743, 29.5522], [121.5308, 29.51], [121.5225, 29.5129], [121.5201, 29.5281], [121.5168, 29.5461], [121.511, 29.549], [121.4993, 29.5493], [121.4844, 29.5447], [121.4754, 29.5388], [121.4679, 29.5312], [121.4583, 29.5252], [121.4434, 29.5242], [121.4434, 29.518], [121.4483, 29.5141], [121.457, 29.5009], [121.4553, 29.4894], [121.4412, 29.4815], [121.4278, 29.4679], [121.4427, 29.4398], [121.4426, 29.4154], [121.4651, 29.4209], [121.4735, 29.4489], [121.4797, 29.4748], [121.5049, 29.4838], [121.5001, 29.4759], [121.4918, 29.456], [121.5137, 29.452], [121.5117, 29.4376], [121.4972, 29.4222], [121.481, 29.415], [121.4776, 29.4127], [121.4767, 29.4078], [121.4789, 29.4029], [121.4849, 29.3905], [121.4973, 29.3934], [121.5089, 29.3983], [121.5197, 29.407], [121.5313, 29.417], [121.538, 29.4242], [121.5488, 29.4386], [121.5538, 29.4501], [121.5597, 29.4631], [121.5696, 29.4746], [121.5813, 29.4781], [121.602, 29.4831], [121.6427, 29.4952], [121.6755, 29.5105], [121.6743, 29.5203], [121.6818, 29.5239], [121.6998, 29.5343], [121.7109, 29.5386], [121.7246, 29.5385], [121.7254, 29.5355], [121.7254, 29.529], [121.7266, 29.5223], [121.7313, 29.518], [121.7376, 29.519], [121.7459, 29.5231], [121.764, 29.5308], [121.7665, 29.5206], [121.7572, 29.499], [121.7613, 29.486], [121.7646, 29.4766], [121.7784, 29.4694], [121.7903, 29.4758], [121.812, 29.4901], [121.8213, 29.5146], [121.8306, 29.5281], [121.8474, 29.5242], [121.8448, 29.5362], [121.8365, 29.5424], [121.8255, 29.5464], [121.814, 29.5522], [121.7998, 29.5456], [121.7827, 29.5434], [121.7657, 29.5457], [121.7583, 29.5481], [121.745, 29.5447], [121.7484, 29.5626], [121.7743, 29.5754], [121.7961, 29.6006], [121.8184, 29.6066], [121.8345, 29.6156], [121.854, 29.6159], [121.8679, 29.6273], [121.8801, 29.6235], [121.8996, 29.6275], [121.9158, 29.6409], [121.9273, 29.6345], [121.9426, 29.6113], [121.9536, 29.6061], [121.9663, 29.6025], [121.9712, 29.5933], [121.971, 29.5689], [121.9637, 29.5602], [121.9497, 29.5563], [121.9412, 29.5512], [121.9498, 29.5385], [121.9221, 29.5312], [121.9104, 29.5246], [121.9124, 29.5143], [121.9222, 29.5092], [121.9356, 29.5044], [121.9441, 29.4977], [121.94, 29.487], [121.9427, 29.4797], [121.971, 29.4491], [121.9693, 29.4392], [121.9632, 29.432], [121.9578, 29.4231], [121.9573, 29.4081], [121.9475, 29.4211], [121.9363, 29.4277], [121.9301, 29.4253], [121.9226, 29.4181], [121.9291, 29.4087], [121.9216, 29.3986], [121.9157, 29.3907], [121.9214, 29.3813], [121.9163, 29.3633], [121.9162, 29.3489], [121.927, 29.3386], [121.9295, 29.3393], [121.9315, 29.3312], [121.9314, 29.3239], [121.9251, 29.3191], [121.9089, 29.3188], [121.9116, 29.315], [121.9158, 29.3051], [121.9005, 29.2987], [121.9059, 29.2846], [121.9222, 29.2705], [121.94, 29.2641], [121.9496, 29.2673], [121.9627, 29.2814], [121.9744, 29.2846], [121.9756, 29.281], [121.9858, 29.2633], [121.9915, 29.2573], [121.9666, 29.2558], [121.9532, 29.2497], [121.9507, 29.2371], [121.9573, 29.2164], [121.943, 29.2232], [121.9397, 29.2101], [121.94, 29.2043], [121.943, 29.1959], [121.9221, 29.1958], [121.8938, 29.1871], [121.8406, 29.1611], [121.8126, 29.1615], [121.7853, 29.1681], [121.788, 29.2019], [121.7898, 29.2156], [121.7949, 29.2437], [121.7959, 29.266], [121.8018, 29.2927], [121.7997, 29.3051], [121.8087, 29.3118], [121.8184, 29.3162], [121.8289, 29.3185], [121.8406, 29.3188], [121.8307, 29.3339], [121.817, 29.3322], [121.8049, 29.3237], [121.7997, 29.3188], [121.7882, 29.3286], [121.7879, 29.3426], [121.7997, 29.374], [121.7866, 29.3745], [121.7759, 29.3726], [121.7669, 29.3677], [121.7586, 29.3598], [121.7708, 29.3378], [121.7779, 29.2964], [121.7743, 29.2539], [121.7586, 29.2294], [121.7457, 29.2016], [121.7388, 29.1959], [121.7243, 29.182], [121.7045, 29.1742], [121.6706, 29.1757], [121.6525, 29.183], [121.6419, 29.2021], [121.6392, 29.2173], [121.6416, 29.2676], [121.6458, 29.2812], [121.6546, 29.3], [121.6404, 29.3066], [121.6248, 29.3015], [121.6289, 29.2846], [121.6229, 29.2641], [121.6323, 29.2106], [121.6289, 29.1884], [121.6148, 29.206], [121.6065, 29.2274], [121.5887, 29.2915], [121.584, 29.2999], [121.5743, 29.3051], [121.5631, 29.3042], [121.562, 29.2958], [121.5672, 29.2853], [121.5743, 29.2778], [121.5628, 29.2719], [121.5505, 29.2714], [121.5259, 29.2778], [121.5259, 29.271], [121.5364, 29.2583], [121.5305, 29.2382], [121.5169, 29.2191], [121.5049, 29.2089], [121.5049, 29.2021], [121.5117, 29.1893], [121.5035, 29.1789], [121.491, 29.176], [121.4844, 29.1853], [121.4802, 29.1972], [121.4712, 29.1914], [121.4615, 29.1765], [121.4564, 29.1611], [121.4314, 29.1722], [121.4198, 29.1715], [121.4085, 29.1611], [121.4434, 29.1474], [121.4393, 29.1455], [121.4385, 29.1448], [121.4381, 29.1439], [121.436, 29.1406], [121.4564, 29.1406], [121.4564, 29.1338], [121.4415, 29.1311], [121.4283, 29.1271], [121.4154, 29.1197], [121.4017, 29.1065], [121.4968, 29.1044], [121.5287, 29.1151], [121.6214, 29.1133], [121.6245, 29.1044], [121.6246, 29.0883], [121.6214, 29.0709], [121.6148, 29.0581], [121.5992, 29.0502], [121.5851, 29.0536], [121.5711, 29.0609], [121.5564, 29.0649], [121.5369, 29.0612], [121.5303, 29.0512], [121.5321, 29.0205], [121.5381, 29.0181], [121.5486, 29.0214], [121.5527, 29.0287], [121.5396, 29.0376], [121.5574, 29.049], [121.6174, 29.04], [121.6419, 29.0513], [121.6817, 29.0268], [121.6898, 29.0171], [121.6759, 29.0133], [121.6617, 29.0029], [121.6538, 28.9886], [121.6594, 28.9727], [121.6638, 28.9699], [121.669, 28.969], [121.6802, 28.9693], [121.6847, 28.9675], [121.6842, 28.9634], [121.6829, 28.9589], [121.6842, 28.9556], [121.6921, 28.9534], [121.7095, 28.9512], [121.7178, 28.9488], [121.6975, 28.9368], [121.6895, 28.9278], [121.6842, 28.9147], [121.6285, 28.932], [121.6053, 28.9426], [121.5874, 28.9631], [121.5853, 28.9383], [121.5708, 28.9301], [121.5543, 28.9357], [121.5465, 28.9522], [121.5371, 28.955], [121.5169, 28.9564], [121.4978, 28.9497], [121.4918, 28.9284], [121.5049, 28.9352], [121.5077, 28.925], [121.5118, 28.9169], [121.5177, 28.9128], [121.5259, 28.9147], [121.5352, 28.9037], [121.5498, 28.8979], [121.5662, 28.8934], [121.5806, 28.8868], [121.5903, 28.8919], [121.6017, 28.8936], [121.6108, 28.8912], [121.617, 28.8803], [121.6267, 28.8808], [121.6289, 28.8771], [121.6278, 28.8708], [121.6227, 28.8613], [121.6214, 28.8563], [121.6235, 28.8423], [121.6283, 28.8413], [121.635, 28.8452], [121.6419, 28.8459], [121.6565, 28.838], [121.6624, 28.8334], [121.6699, 28.8253], [121.6538, 28.812], [121.6467, 28.8077], [121.6358, 28.8048], [121.6358, 28.798], [121.6626, 28.798], [121.6626, 28.7906], [121.6511, 28.7879], [121.6426, 28.784], [121.6355, 28.7785], [121.6289, 28.7707], [121.6262, 28.7681], [121.6223, 28.7655], [121.6183, 28.7619], [121.6148, 28.7564], [121.6197, 28.7483], [121.6224, 28.7419], [121.6214, 28.7359], [121.6056, 28.7247], [121.5028, 28.7004], [121.3512, 28.7119], [121.3342, 28.717], [121.3202, 28.7248], [121.3062, 28.7359], [121.2984, 28.7436], [121.2949, 28.7481], [121.2903, 28.7516], [121.2789, 28.7564], [121.2689, 28.7583], [121.2464, 28.7601], [121.2379, 28.7639], [121.2347, 28.77], [121.2274, 28.7914], [121.2244, 28.798], [121.2144, 28.8073], [121.208, 28.8096], [121.201, 28.8095], [121.19, 28.8117], [121.1736, 28.8179], [121.1629, 28.8253], [121.1577, 28.8315], [121.1558, 28.8376], [121.1521, 28.8425], [121.1423, 28.8459], [121.1423, 28.8396], [121.1597, 28.8135], [121.1719, 28.807], [121.1935, 28.8048], [121.2061, 28.7991], [121.2183, 28.7858], [121.2274, 28.7707], [121.2312, 28.7602], [121.2408, 28.7528], [121.2859, 28.7383], [121.2993, 28.7229], [121.2987, 28.7012], [121.2865, 28.6927], [121.2704, 28.6874], [121.2584, 28.6751], [121.3276, 28.692], [121.365, 28.696], [121.3814, 28.682], [121.4138, 28.6966], [121.4548, 28.6895], [121.49, 28.6657], [121.5101, 28.6571], [121.5256, 28.6247], [121.5304, 28.5995], [121.5384, 28.5714], [121.5494, 28.551], [121.5732, 28.5251], [121.5816, 28.5047], [121.5509, 28.5021], [121.5349, 28.5034], [121.521, 28.501], [121.5116, 28.4895], [121.5213, 28.4907], [121.5449, 28.4925], [121.5846, 28.4891], [121.6077, 28.4772], [121.6004, 28.4654], [121.5844, 28.4542], [121.5838, 28.4429], [121.5929, 28.4311], [121.6075, 28.4203], [121.6159, 28.3972], [121.6323, 28.3794], [121.6285, 28.3639], [121.6315, 28.3558], [121.634, 28.3472], [121.6409, 28.3497], [121.6477, 28.3485], [121.6563, 28.3393], [121.6417, 28.3218], [121.6213, 28.2851], [121.6079, 28.2705], [121.5855, 28.2568], [121.5781, 28.2603], [121.5806, 28.3008], [121.5675, 28.3045], [121.5415, 28.3218], [121.522, 28.3269], [121.5, 28.3327], [121.4731, 28.3306], [121.4564, 28.3188], [121.4478, 28.3159], [121.4413, 28.3117], [121.4373, 28.3056], [121.436, 28.2971], [121.4298, 28.2971], [121.4207, 28.3042], [121.4089, 28.3049], [121.3989, 28.2985], [121.3955, 28.2841], [121.4014, 28.2761], [121.4115, 28.2739], [121.4188, 28.2697], [121.416, 28.2562], [121.4081, 28.2463], [121.3989, 28.2438], [121.388, 28.2427], [121.3745, 28.2363], [121.3648, 28.2258], [121.3611, 28.2147], [121.3589, 28.2022], [121.354, 28.1879], [121.3687, 28.192], [121.3745, 28.1953], [121.3767, 28.1841], [121.374, 28.1726], [121.3682, 28.162], [121.3608, 28.1538], [121.3514, 28.1466], [121.3458, 28.1452], [121.3401, 28.1464], [121.3301, 28.1475], [121.3262, 28.1518], [121.3093, 28.1749], [121.2972, 28.1765], [121.2879, 28.1809], [121.2752, 28.2082], [121.2617, 28.2258], [121.2252, 28.2389], [121.2489, 28.2702], [121.2368, 28.3061], [121.2031, 28.3319], [121.2103, 28.3437], [121.2175, 28.3524], [121.2305, 28.3481], [121.2442, 28.3491], [121.2562, 28.3552], [121.2647, 28.366], [121.231, 28.3591], [121.2141, 28.3606], [121.1841, 28.3821], [121.169, 28.3848], [121.1616, 28.3775], [121.169, 28.3598], [121.1443, 28.3436], [121.1303, 28.3056], [121.0885, 28.2932], [121.0721, 28.2917], [121.0667, 28.3114], [121.0591, 28.3114], [121.0349, 28.3082], [121.025, 28.3046], [121.0396, 28.2853], [121.0581, 28.2799], [121.0789, 28.2781], [121.1218, 28.2844], [121.1301, 28.2659], [121.1248, 28.2355], [121.1195, 28.2189], [121.1089, 28.1996], [121.1005, 28.1849], [121.0858, 28.1665], [121.0534, 28.1482], [121.0314, 28.1261], [121.0094, 28.1031], [121.002, 28.0856], [121.0009, 28.0506], [120.9935, 28.0258], [120.9809, 28.0055], [120.9762, 28.0], [120.7863, 28.0], [120.7811, 28.0024], [120.7627, 28.0143], [120.7476, 28.0271], [120.731, 28.0358], [120.7075, 28.0412], [120.662, 28.0445], [120.6209, 28.0399], [120.606, 28.0422], [120.5902, 28.0544], [120.585, 28.0955], [120.577, 28.1156], [120.5596, 28.1128], [120.5745, 28.1], [120.5802, 28.0898], [120.5801, 28.0461], [120.582, 28.0343], [120.589, 28.0267], [120.6043, 28.024], [120.6589, 28.024], [120.6736, 28.0217], [120.7073, 28.0097], [120.7187, 28.0], [120.0, 28.0]]], [[[121.2555, 28.14], [121.2645, 28.1216], [121.2854, 28.1019], [121.2791, 28.0854], [121.2678, 28.0845], [121.2571, 28.0851], [121.2472, 28.0878], [121.2381, 28.0929], [121.2357, 28.0855], [121.2337, 28.0824], [121.2339, 28.0791], [121.2381, 28.0712], [121.2315, 28.065], [121.2192, 28.0679], [121.2185, 28.0585], [121.2024, 28.0548], [121.1864, 28.0437], [121.1669, 28.0431], [121.1516, 28.0412], [121.1467, 28.0578], [121.1552, 28.0714], [121.1524, 28.0781], [121.1428, 28.0826], [121.1375, 28.0942], [121.1306, 28.1035], [121.1323, 28.1143], [121.1274, 28.1266], [121.1204, 28.1357], [121.125, 28.1401], [121.1349, 28.1431], [121.1653, 28.1505], [121.1875, 28.1689], [121.2041, 28.1897], [121.209, 28.2001], [121.2109, 28.209], [121.2306, 28.2197], [121.2564, 28.2148], [121.2689, 28.1939], [121.2702, 28.1823], [121.2618, 28.1688], [121.2555, 28.14]]], [[[122.2388, 30.3131], [122.2039, 30.2914], [122.2039, 30.2851], [122.2238, 30.2789], [122.2319, 30.2777], [122.2196, 30.2705], [122.2171, 30.2625], [122.2175, 30.2546], [122.2145, 30.2473], [122.2023, 30.2419], [122.188, 30.2436], [122.1741, 30.248], [122.1377, 30.2546], [122.114, 30.2651], [122.0736, 30.2914], [122.084, 30.3024], [122.0879, 30.3056], [122.0957, 30.3107], [122.1042, 30.3142], [122.1221, 30.3193], [122.1472, 30.3215], [122.1528, 30.3227], [122.166, 30.3317], [122.1947, 30.3386], [122.2114, 30.3466], [122.2251, 30.3323], [122.2188, 30.3261], [122.2205, 30.3207], [122.2279, 30.3164], [122.2388, 30.3131]]], [[[122.3989, 30.4565], [122.411, 30.4521], [122.4165, 30.4416], [122.4231, 30.4149], [122.4041, 30.4186], [122.3638, 30.4334], [122.348, 30.436], [122.306, 30.4232], [122.2854, 30.4221], [122.2728, 30.436], [122.2774, 30.4367], [122.2871, 30.4422], [122.278, 30.4457], [122.2738, 30.4514], [122.2728, 30.4593], [122.2728, 30.4695], [122.2766, 30.4798], [122.28, 30.4826], [122.2871, 30.4831], [122.2908, 30.4717], [122.2995, 30.4713], [122.3113, 30.4726], [122.3374, 30.4585], [122.3488, 30.4606], [122.3692, 30.477], [122.3685, 30.4632], [122.3747, 30.4573], [122.3854, 30.4562], [122.3989, 30.4565]]], [[[121.8377, 31.3751], [121.8538, 31.373], [121.8678, 31.3662], [121.8779, 31.3543], [121.8818, 31.3366], [121.8775, 31.3196], [121.8662, 31.3042], [121.8511, 31.2939], [121.8347, 31.2925], [121.8234, 31.3024], [121.8132, 31.3208], [121.7942, 31.3688], [121.8045, 31.3747], [121.8377, 31.3751]]], [[[122.3213, 39.166], [122.3306, 39.1801], [122.3548, 39.1956], [122.3826, 39.2083], [122.4026, 39.2138], [122.3929, 39.2038], [122.3899, 39.1935], [122.3889, 39.1871], [122.3975, 39.1658], [122.4026, 39.1591], [122.3889, 39.1523], [122.3763, 39.1606], [122.3552, 39.1516], [122.334, 39.1463], [122.3213, 39.166]]], [[[122.636, 39.2343], [122.6621, 39.2327], [122.7186, 39.2419], [122.742, 39.2361], [122.7395, 39.2222], [122.7256, 39.21], [122.6907, 39.1933], [122.6921, 39.2014], [122.6926, 39.2077], [122.6937, 39.2138], [122.6975, 39.2213], [122.6836, 39.2243], [122.636, 39.228], [122.636, 39.2343]]], [[[122.6844, 39.2622], [122.6431, 39.2551], [122.5862, 39.258], [122.5335, 39.2717], [122.5051, 39.2969], [122.5366, 39.298], [122.5466, 39.2969], [122.5847, 39.2844], [122.6439, 39.2785], [122.6633, 39.2722], [122.6844, 39.2622]]], [[[121.4225, 39.4745], [121.4424, 39.4629], [121.4505, 39.4503], [121.4431, 39.4411], [121.4163, 39.4403], [121.4163, 39.4335], [121.4255, 39.4301], [121.432, 39.4243], [121.4356, 39.4162], [121.436, 39.4098], [121.4336, 39.3858], [121.4217, 39.3737], [121.4035, 39.3706], [121.3532, 39.3732], [121.3369, 39.3774], [121.3361, 39.3874], [121.3543, 39.4062], [121.3718, 39.4175], [121.3796, 39.4249], [121.3816, 39.4335], [121.3753, 39.4424], [121.3643, 39.4455], [121.3519, 39.4443], [121.3406, 39.4403], [121.3273, 39.4276], [121.3133, 39.4084], [121.2962, 39.3914], [121.273, 39.3851], [121.2644, 39.3869], [121.2595, 39.3915], [121.2576, 39.3996], [121.2586, 39.4124], [121.2617, 39.4278], [121.2659, 39.4336], [121.2948, 39.4433], [121.3029, 39.4452], [121.311, 39.4479], [121.3202, 39.454], [121.3247, 39.4608], [121.3273, 39.4685], [121.3313, 39.4758], [121.3406, 39.4813], [121.3525, 39.4824], [121.3884, 39.4745], [121.4133, 39.4765], [121.4225, 39.4745]]], [[[122.9644, 39.5154], [122.968, 39.5411], [122.9898, 39.5495], [123.0176, 39.5445], [123.04, 39.5297], [123.03, 39.5079], [123.0057, 39.4973], [122.9797, 39.4993], [122.9644, 39.5154]]], [[[121.9575, 29.1195], [121.9588, 29.1081], [121.9583, 29.1019], [121.9353, 29.0629], [121.9251, 29.0631], [121.9123, 29.0714], [121.8887, 29.0723], [121.9002, 29.0937], [121.8884, 29.1103], [121.8716, 29.1266], [121.8682, 29.1474], [121.8814, 29.1603], [121.9033, 29.1666], [121.9266, 29.1667], [121.9432, 29.1611], [121.9519, 29.1523], [121.9554, 29.1435], [121.9575, 29.1195]]], [[[122.1432, 29.7334], [122.177, 29.6968], [122.1869, 29.6734], [122.1629, 29.6545], [122.1698, 29.675], [122.1652, 29.6732], [122.1494, 29.6688], [122.1494, 29.6818], [122.1389, 29.6726], [122.1326, 29.6689], [122.1275, 29.669], [122.125, 29.6732], [122.1231, 29.6865], [122.1211, 29.6917], [122.1152, 29.6984], [122.1087, 29.704], [122.1037, 29.7105], [122.1016, 29.7197], [122.0928, 29.7258], [122.0739, 29.7244], [122.0568, 29.7198], [122.0531, 29.716], [122.0451, 29.717], [122.04, 29.7164], [122.0365, 29.7175], [122.0334, 29.7235], [122.0329, 29.7309], [122.0353, 29.74], [122.0393, 29.7475], [122.0432, 29.7508], [122.0486, 29.7561], [122.0567, 29.7678], [122.0682, 29.7795], [122.0845, 29.7849], [122.098, 29.7869], [122.1074, 29.7896], [122.1148, 29.7885], [122.1221, 29.7787], [122.1238, 29.7709], [122.1209, 29.7578], [122.1221, 29.7508], [122.1265, 29.7451], [122.1403, 29.7346], [122.1432, 29.7334]]], [[[122.3952, 29.8836], [122.3923, 29.8764], [122.3867, 29.8707], [122.3828, 29.8647], [122.3859, 29.8569], [122.3941, 29.8479], [122.3955, 29.8427], [122.3952, 29.8333], [122.3848, 29.8352], [122.3772, 29.8389], [122.3654, 29.8498], [122.3571, 29.8617], [122.3592, 29.8698], [122.3655, 29.8763], [122.3692, 29.8836], [122.3674, 29.8959], [122.3621, 29.9045], [122.3539, 29.9106], [122.3335, 29.9206], [122.3252, 29.9279], [122.3206, 29.9372], [122.322, 29.9484], [122.3255, 29.9539], [122.3301, 29.9582], [122.3355, 29.9613], [122.3418, 29.963], [122.3464, 29.9494], [122.3591, 29.9463], [122.3889, 29.9488], [122.4006, 29.9529], [122.4067, 29.9527], [122.4094, 29.9457], [122.409, 29.9367], [122.4075, 29.9306], [122.4032, 29.9263], [122.3952, 29.9221], [122.4097, 29.9112], [122.4081, 29.8998], [122.3952, 29.8836]]], [[[121.8818, 30.0764], [121.8853, 30.0612], [121.8931, 30.0562], [121.9021, 30.0535], [121.9092, 30.045], [121.9105, 30.0241], [121.9033, 30.0018], [121.8897, 29.984], [121.8716, 29.9767], [121.8601, 29.9781], [121.8474, 29.9821], [121.8362, 29.9887], [121.8289, 29.9975], [121.8274, 30.0042], [121.8291, 30.0091], [121.8322, 30.0137], [121.8351, 30.0194], [121.8359, 30.0257], [121.8345, 30.0386], [121.8347, 30.045], [121.8374, 30.0559], [121.8477, 30.0832], [121.853, 30.0871], [121.8648, 30.0859], [121.8765, 30.0816], [121.8818, 30.0764]]], [[[122.3275, 30.0245], [122.3267, 30.0108], [122.321, 30.0059], [122.3132, 30.0035], [122.307, 29.9972], [122.303, 29.9863], [122.301, 29.9759], [122.3001, 29.9525], [122.2936, 29.9338], [122.2778, 29.9399], [122.2456, 29.9699], [122.2292, 29.9787], [122.1847, 29.9945], [122.1442, 30.0004], [122.099, 30.0145], [122.0774, 30.0176], [122.0653, 30.0159], [122.0488, 30.0074], [122.0347, 30.002], [122.0305, 29.9993], [122.0257, 29.9973], [122.0191, 29.9972], [122.0105, 30.0003], [122.0096, 30.0043], [122.0117, 30.0084], [122.0122, 30.0114], [122.0112, 30.0151], [122.0135, 30.0258], [122.0122, 30.0319], [122.0088, 30.0334], [121.9955, 30.0366], [121.9917, 30.0381], [121.9768, 30.0537], [121.9734, 30.06], [121.9719, 30.0677], [121.9738, 30.0726], [121.9773, 30.0773], [121.9803, 30.0846], [121.9808, 30.0901], [121.978, 30.1071], [121.9655, 30.1297], [121.9631, 30.1424], [121.9746, 30.148], [122.0874, 30.1475], [122.1033, 30.1437], [122.1174, 30.1359], [122.1323, 30.1238], [122.1408, 30.1213], [122.1648, 30.1205], [122.1698, 30.1173], [122.1736, 30.1022], [122.1825, 30.0986], [122.1937, 30.0998], [122.2039, 30.0996], [122.2293, 30.0916], [122.2388, 30.0866], [122.2454, 30.0801], [122.2497, 30.0734], [122.2561, 30.0682], [122.2695, 30.0661], [122.2896, 30.0673], [122.2971, 30.0626], [122.3001, 30.0487], [122.3042, 30.042], [122.3225, 30.0319], [122.3275, 30.0245]]], [[[121.8441, 31.6079], [121.919, 31.5785], [121.9801, 31.5403], [121.9866, 31.5039], [121.9779, 31.4778], [121.9129, 31.4563], [121.8514, 31.4392], [121.8173, 31.4467], [121.7834, 31.4657], [121.7302, 31.4848], [121.7102, 31.4951], [121.6846, 31.5068], [121.6147, 31.5216], [121.5715, 31.5294], [121.5413, 31.5538], [121.5175, 31.5684], [121.4846, 31.5799], [121.4046, 31.6137], [121.3755, 31.6341], [121.3447, 31.6413], [121.3145, 31.6556], [121.3029, 31.6715], [121.2859, 31.704], [121.2245, 31.7377], [121.2056, 31.7566], [121.1866, 31.7741], [121.1763, 31.7843], [121.1814, 31.796], [121.1952, 31.8052], [121.2193, 31.8295], [121.2641, 31.8411], [121.3226, 31.8293], [121.3621, 31.8176], [121.3861, 31.8117], [121.4239, 31.7956], [121.4753, 31.7708], [121.501, 31.7503], [121.5352, 31.7284], [121.5711, 31.7138], [121.6052, 31.6918], [121.6257, 31.6758], [121.6411, 31.6655], [121.6632, 31.6524], [121.7212, 31.6303], [121.8441, 31.6079]]], [[[120.7484, 37.9387], [120.7573, 37.9227], [120.7588, 37.9075], [120.7546, 37.8967], [120.7466, 37.8979], [120.737, 37.9046], [120.7263, 37.9088], [120.7224, 37.9191], [120.7271, 37.9477], [120.7345, 37.9477], [120.7484, 37.9387]]], [[[120.6068, 37.9799], [120.619, 37.9811], [120.6258, 37.9726], [120.6257, 37.9587], [120.6229, 37.9488], [120.6184, 37.947], [120.6155, 37.9483], [120.6094, 37.955], [120.6019, 37.9693], [120.6068, 37.9799]]], [[[120.7201, 37.9809], [120.7273, 37.9694], [120.7205, 37.964], [120.7092, 37.9658], [120.7005, 37.9699], [120.695, 37.9747], [120.6909, 37.9814], [120.6882, 37.9853], [120.6902, 37.9906], [120.7041, 37.9897], [120.7201, 37.9809]]], [[[120.7604, 38.1705], [120.7727, 38.1654], [120.7733, 38.1597], [120.7612, 38.158], [120.7546, 38.1582], [120.7466, 38.1619], [120.7388, 38.1756], [120.7427, 38.1876], [120.7604, 38.1705]]], [[[120.8065, 38.2882], [120.8001, 38.2875], [120.8, 38.2939], [120.8027, 38.2984], [120.8074, 38.3049], [120.8198, 38.3137], [120.8338, 38.3126], [120.8362, 38.3043], [120.8284, 38.2988], [120.8244, 38.2983], [120.8205, 38.2975], [120.8133, 38.2938], [120.8065, 38.2882]]], [[[120.9142, 38.3841], [120.9076, 38.3852], [120.9069, 38.3926], [120.9178, 38.3955], [120.9246, 38.3869], [120.9232, 38.3832], [120.9172, 38.3844], [120.9142, 38.3841]]], [[[123.1807, 39.0919], [123.1848, 39.0861], [123.1958, 39.0653], [123.1956, 39.0521], [123.1852, 39.0423], [123.1725, 39.0337], [123.1607, 39.0292], [123.1499, 39.0366], [123.1452, 39.0433], [123.1481, 39.0563], [123.1531, 39.0623], [123.1649, 39.0605], [123.1647, 39.0664], [123.1592, 39.0717], [123.1509, 39.0734], [123.1433, 39.0758], [123.1436, 39.0809], [123.1681, 39.0839], [123.1763, 39.09], [123.1807, 39.0919]]], [[[121.8622, 29.1296], [121.8646, 29.1238], [121.8674, 29.1158], [121.861, 29.1068], [121.8535, 29.0976], [121.8421, 29.095], [121.8372, 29.0998], [121.8267, 29.108], [121.8145, 29.1154], [121.8025, 29.1186], [121.7927, 29.1186], [121.7858, 29.1197], [121.7827, 29.1247], [121.7835, 29.1329], [121.786, 29.1437], [121.7898, 29.1498], [121.7962, 29.1494], [121.8439, 29.1419], [121.8568, 29.1343], [121.8622, 29.1296]]], [[[122.3047, 29.8175], [122.3122, 29.7952], [122.3147, 29.7837], [122.3084, 29.7763], [122.2956, 29.7791], [122.2725, 29.7921], [122.2654, 29.798], [122.2513, 29.8061], [122.2376, 29.8238], [122.2327, 29.8278], [122.2317, 29.8362], [122.2477, 29.8461], [122.2712, 29.8468], [122.2842, 29.8428], [122.312, 29.829], [122.3104, 29.8246], [122.3047, 29.8175]]], [[[121.9722, 29.9448], [121.9868, 29.9299], [121.9935, 29.9188], [121.9924, 29.9083], [121.9741, 29.8998], [121.9461, 29.904], [121.9336, 29.9213], [121.9409, 29.9377], [121.9519, 29.9481], [121.96, 29.9532], [121.9665, 29.9517], [121.9702, 29.9468], [121.9722, 29.9448]]], [[[122.3457, 30.2419], [122.3291, 30.2391], [122.3157, 30.2403], [122.3053, 30.2401], [122.2948, 30.2367], [122.2834, 30.2353], [122.2776, 30.2355], [122.2783, 30.2406], [122.2874, 30.2478], [122.3025, 30.2521], [122.313, 30.26], [122.3186, 30.2684], [122.324, 30.2722], [122.3319, 30.2737], [122.3421, 30.2736], [122.3826, 30.2772], [122.3999, 30.2746], [122.4077, 30.2659], [122.4107, 30.2547], [122.4085, 30.244], [122.3958, 30.2394], [122.3845, 30.2501], [122.3836, 30.2615], [122.3806, 30.2637], [122.375, 30.2622], [122.3572, 30.2477], [122.3457, 30.2419]]], [[[122.5293, 30.7208], [122.5264, 30.7142], [122.5311, 30.7044], [122.5247, 30.7018], [122.4932, 30.7031], [122.4873, 30.7019], [122.4744, 30.7026], [122.4666, 30.6991], [122.4631, 30.6964], [122.4607, 30.694], [122.4553, 30.694], [122.4452, 30.6968], [122.432, 30.698], [122.4273, 30.7039], [122.4326, 30.7148], [122.4347, 30.7271], [122.4292, 30.738], [122.4299, 30.7431], [122.4408, 30.741], [122.458, 30.7307], [122.4729, 30.7172], [122.4844, 30.7147], [122.4963, 30.7168], [122.502, 30.719], [122.5096, 30.7212], [122.5246, 30.7236], [122.5293, 30.7208]]], [[[121.7624, 31.3738], [121.7742, 31.3592], [121.7822, 31.3418], [121.78, 31.3252], [121.7664, 31.3206], [121.7516, 31.3305], [121.7205, 31.3577], [121.5988, 31.4291], [121.5845, 31.4414], [121.5912, 31.4459], [121.6025, 31.4442], [121.6182, 31.4438], [121.6913, 31.4192], [121.7256, 31.4027], [121.7459, 31.3885], [121.7624, 31.3738]]]]}}, {"type": "Feature", "properties": {"name": "South Korea"}, "geometry": {"type": "MultiPolygon", "coordinates": [[[[128.3649, 38.6243], [128.3948, 38.5781], [128.4414, 38.5058], [128.4507, 38.4741], [128.4745, 38.4261], [128.5628, 38.289], [128.6316, 38.145], [128.6428, 38.1293], [128.6787, 38.0943], [128.6925, 38.0649], [128.8591, 37.8768], [128.9238, 37.8023], [129.0013, 37.7344], [129.0123, 37.7272], [129.0642, 37.6789], [129.0669, 37.6584], [129.0671, 37.6339], [129.0733, 37.613], [129.1087, 37.5974], [129.119, 37.5806], [129.1482, 37.5051], [129.1612, 37.4876], [129.1769, 37.4802], [129.19, 37.4694], [129.2354, 37.3983], [129.2628, 37.3709], [129.2722, 37.3559], [129.2759, 37.3399], [129.2828, 37.3244], [129.3311, 37.2822], [129.3464, 37.2475], [129.3601, 37.1718], [129.3789, 37.1301], [129.4302, 37.0731], [129.4341, 37.0611], [129.4282, 37.0495], [129.419, 37.0385], [129.4131, 37.0277], [129.4127, 37.0181], [129.4199, 36.9868], [129.4287, 36.8974], [129.438, 36.8561], [129.4712, 36.7719], [129.4739, 36.7306], [129.4635, 36.6925], [129.4409, 36.6578], [129.4226, 36.6166], [129.4229, 36.615], [129.428, 36.5757], [129.4417, 36.5347], [129.4471, 36.4933], [129.4409, 36.4079], [129.4348, 36.3896], [129.4039, 36.3594], [129.3919, 36.3425], [129.3866, 36.3227], [129.3823, 36.2019], [129.3858, 36.1855], [129.3919, 36.1763], [129.3985, 36.1727], [129.4039, 36.1676], [129.4097, 36.1336], [129.4171, 36.1076], [129.4251, 36.103], [129.4305, 36.0974], [129.4268, 36.0818], [129.4187, 36.073], [129.4083, 36.0689], [129.3984, 36.0663], [129.3818, 36.0552], [129.3809, 36.0415], [129.4019, 36.0257], [129.4171, 36.0119], [129.4331, 35.9961], [129.4533, 35.9933], [129.479, 36.0096], [129.5426, 36.0659], [129.5548, 36.0825], [129.5713, 36.0718], [129.575, 36.0547], [129.582, 36.0368], [129.5873, 36.0169], [129.5716, 35.9971], [129.5356, 35.939], [129.5328, 35.913], [129.5221, 35.8446], [129.4962, 35.7851], [129.4977, 35.7479], [129.4711, 35.6832], [129.4516, 35.6518], [129.4431, 35.6361], [129.4514, 35.6182], [129.4606, 35.6093], [129.4673, 35.5997], [129.4635, 35.5779], [129.4614, 35.5521], [129.4546, 35.5133], [129.4444, 35.4968], [129.428, 35.4787], [129.4129, 35.4721], [129.4063, 35.4897], [129.4004, 35.5126], [129.3875, 35.5299], [129.3735, 35.5328], [129.3652, 35.5133], [129.3789, 35.5107], [129.3871, 35.5023], [129.391, 35.4899], [129.3919, 35.4757], [129.3875, 35.4623], [129.3772, 35.4592], [129.3657, 35.4583], [129.3578, 35.4518], [129.3592, 35.4446], [129.3605, 35.4261], [129.3646, 35.4069], [129.3553, 35.3946], [129.3468, 35.3823], [129.3551, 35.3727], [129.3618, 35.3672], [129.3604, 35.3536], [129.3399, 35.3481], [129.3205, 35.3385], [129.2927, 35.316], [129.2692, 35.3168], [129.2641, 35.3024], [129.2624, 35.284], [129.2565, 35.2744], [129.2497, 35.2662], [129.2554, 35.2526], [129.2557, 35.247], [129.2444, 35.2282], [129.2285, 35.2005], [129.2107, 35.183], [129.2011, 35.1666], [129.1943, 35.1555], [129.1789, 35.1558], [129.1675, 35.1562], [129.1534, 35.1543], [129.1431, 35.1548], [129.1322, 35.1508], [129.1203, 35.1496], [129.1193, 35.1356], [129.1273, 35.1258], [129.1286, 35.1141], [129.1235, 35.1008], [129.1011, 35.0923], [129.083, 35.1052], [129.072, 35.1126], [129.0638, 35.1208], [129.0376, 35.0978], [129.0257, 35.0795], [129.0219, 35.06], [129.0138, 35.0553], [129.009, 35.0651], [128.997, 35.0757], [128.998, 35.0663], [129.0004, 35.0459], [128.9928, 35.046], [128.9894, 35.0527], [128.9851, 35.0543], [128.9749, 35.0487], [128.9651, 35.0436], [128.9584, 35.0504], [128.9504, 35.0729], [128.9537, 35.0932], [128.9613, 35.119], [128.9628, 35.1334], [128.958, 35.1369], [128.9489, 35.126], [128.9184, 35.0819], [128.9046, 35.0811], [128.9036, 35.1014], [128.9046, 35.1205], [128.8979, 35.1213], [128.8893, 35.1055], [128.8822, 35.0815], [128.8574, 35.0838], [128.7916, 35.083], [128.7878, 35.1013], [128.7811, 35.1111], [128.772, 35.0833], [128.762, 35.0794], [128.7387, 35.088], [128.7278, 35.1047], [128.7158, 35.1059], [128.7004, 35.0961], [128.7004, 35.1399], [128.6963, 35.1435], [128.6878, 35.1406], [128.6805, 35.1314], [128.6799, 35.116], [128.6641, 35.1261], [128.6517, 35.1408], [128.638, 35.1498], [128.6179, 35.1433], [128.6223, 35.1574], [128.614, 35.1774], [128.6179, 35.1849], [128.6079, 35.2112], [128.6021, 35.2139], [128.5906, 35.2054], [128.5781, 35.1894], [128.5779, 35.1787], [128.5906, 35.157], [128.5977, 35.1305], [128.6018, 35.1212], [128.6104, 35.1092], [128.627, 35.0908], [128.6295, 35.0815], [128.6248, 35.0682], [128.6327, 35.0673], [128.645, 35.0629], [128.6521, 35.0613], [128.6433, 35.0565], [128.6345, 35.0546], [128.6143, 35.0546], [128.6036, 35.0566], [128.6006, 35.0619], [128.6001, 35.0686], [128.5968, 35.075], [128.5872, 35.0833], [128.5803, 35.0879], [128.5264, 35.1035], [128.5112, 35.1042], [128.4781, 35.0991], [128.4691, 35.0954], [128.4697, 35.0884], [128.4813, 35.075], [128.4627, 35.072], [128.4285, 35.0578], [128.3892, 35.049], [128.384, 35.0364], [128.3821, 35.0226], [128.3714, 35.0136], [128.3714, 35.0068], [128.4712, 35.0502], [128.4881, 35.0512], [128.4915, 35.0336], [128.4976, 35.0207], [128.4996, 35.0092], [128.4915, 34.9959], [128.4788, 34.9901], [128.4592, 34.9874], [128.4397, 34.9881], [128.4268, 34.9925], [128.42, 34.9827], [128.4247, 34.978], [128.4337, 34.9737], [128.4404, 34.9652], [128.4414, 34.9599], [128.4417, 34.9525], [128.4404, 34.9316], [128.433, 34.8907], [128.4421, 34.8835], [128.4509, 34.8859], [128.4579, 34.8939], [128.4609, 34.9037], [128.4745, 34.8907], [128.4605, 34.8702], [128.4353, 34.8432], [128.4129, 34.8376], [128.3829, 34.8393], [128.3834, 34.8546], [128.4027, 34.8548], [128.4109, 34.856], [128.4159, 34.8627], [128.3538, 34.8685], [128.3408, 34.8727], [128.3265, 34.8891], [128.3245, 34.8973], [128.3347, 34.9026], [128.3578, 34.9099], [128.3351, 34.9473], [128.3187, 34.9341], [128.3023, 34.908], [128.2791, 34.9068], [128.2579, 34.9302], [128.2468, 34.936], [128.2241, 34.9379], [128.2141, 34.9329], [128.2086, 34.9208], [128.2066, 34.9055], [128.207, 34.8907], [128.1859, 34.8936], [128.1394, 34.8919], [128.1211, 34.9003], [128.119, 34.9057], [128.1187, 34.9204], [128.1177, 34.9242], [128.113, 34.9252], [128.1019, 34.9235], [128.0875, 34.9263], [128.064, 34.9279], [128.0557, 34.9316], [128.051, 34.9396], [128.0515, 34.9475], [128.054, 34.955], [128.0557, 34.9617], [128.054, 35.0358], [128.0557, 35.0478], [128.0586, 35.0533], [128.0637, 35.0606], [128.0681, 35.0702], [128.0693, 35.0825], [128.0537, 35.0671], [128.0409, 35.0492], [128.025, 35.0358], [128.001, 35.0341], [128.0193, 34.9987], [128.0068, 34.9918], [127.9797, 34.9923], [127.9539, 34.9788], [127.9434, 35.0028], [127.937, 35.0126], [127.9258, 35.0198], [127.9229, 34.9875], [127.9121, 34.9621], [127.8912, 34.9467], [127.8645, 34.9447], [127.8539, 34.9482], [127.8443, 34.9502], [127.8364, 34.9494], [127.8303, 34.9447], [127.8154, 34.9548], [127.805, 34.9571], [127.7984, 34.9586], [127.7579, 34.9583], [127.7444, 34.9602], [127.739, 34.9653], [127.7366, 34.9729], [127.7307, 34.9826], [127.7192, 34.9901], [127.7166, 34.9824], [127.7183, 34.9704], [127.7205, 34.9652], [127.7132, 34.9467], [127.7092, 34.9404], [127.7, 34.9316], [127.6621, 34.9068], [127.6411, 34.8991], [127.6261, 34.9097], [127.6072, 34.9413], [127.5916, 34.9464], [127.5807, 34.9337], [127.5753, 34.9136], [127.5764, 34.8969], [127.5857, 34.8792], [127.6012, 34.8563], [127.6189, 34.8364], [127.6348, 34.828], [127.646, 34.8161], [127.6565, 34.8119], [127.669, 34.8183], [127.7, 34.8423], [127.7214, 34.8446], [127.7398, 34.8417], [127.7568, 34.8408], [127.7756, 34.8491], [127.7745, 34.8293], [127.7713, 34.8153], [127.7613, 34.7871], [127.7498, 34.7371], [127.7415, 34.7256], [127.7064, 34.7159], [127.6786, 34.7274], [127.6563, 34.7313], [127.638, 34.6982], [127.6321, 34.7014], [127.6306, 34.7011], [127.6292, 34.6993], [127.6243, 34.6982], [127.6321, 34.685], [127.638, 34.671], [127.6453, 34.6263], [127.6407, 34.618], [127.6304, 34.6227], [127.614, 34.6369], [127.5901, 34.6393], [127.5723, 34.6474], [127.5608, 34.6622], [127.5559, 34.6846], [127.562, 34.7057], [127.575, 34.7265], [127.5845, 34.7462], [127.5798, 34.7631], [127.5718, 34.7725], [127.5559, 34.8007], [127.5518, 34.8029], [127.5462, 34.803], [127.5403, 34.8038], [127.5354, 34.8081], [127.5349, 34.8132], [127.5366, 34.8192], [127.5396, 34.8231], [127.5244, 34.8493], [127.5218, 34.859], [127.5227, 34.8649], [127.5271, 34.8747], [127.5281, 34.8798], [127.5259, 34.8854], [127.5213, 34.8898], [127.5166, 34.8911], [127.5144, 34.8869], [127.511, 34.8847], [127.4939, 34.8491], [127.4873, 34.8415], [127.4839, 34.8395], [127.4788, 34.8391], [127.4447, 34.8292], [127.4248, 34.8271], [127.3816, 34.828], [127.3653, 34.824], [127.3785, 34.8151], [127.4043, 34.8059], [127.4255, 34.8007], [127.4255, 34.7944], [127.3831, 34.7833], [127.3616, 34.7733], [127.3579, 34.7597], [127.3665, 34.754], [127.3853, 34.7602], [127.3953, 34.7567], [127.4024, 34.7471], [127.4002, 34.7436], [127.3949, 34.7425], [127.3921, 34.7398], [127.406, 34.7], [127.4349, 34.6787], [127.4662, 34.6622], [127.4876, 34.6369], [127.4773, 34.6382], [127.4597, 34.6383], [127.4522, 34.6369], [127.4952, 34.6232], [127.5008, 34.6122], [127.5036, 34.5913], [127.4944, 34.5838], [127.4841, 34.5766], [127.4646, 34.5773], [127.4522, 34.5748], [127.4067, 34.5981], [127.3921, 34.602], [127.3792, 34.6], [127.363, 34.5939], [127.3494, 34.5858], [127.3436, 34.5782], [127.346, 34.575], [127.3579, 34.5543], [127.3719, 34.5517], [127.3804, 34.5471], [127.4184, 34.5553], [127.4392, 34.5407], [127.3918, 34.5048], [127.3749, 34.485], [127.3566, 34.492], [127.3278, 34.4739], [127.3308, 34.4565], [127.3436, 34.445], [127.3159, 34.4449], [127.2751, 34.4895], [127.261, 34.5133], [127.2235, 34.5468], [127.212, 34.5447], [127.1724, 34.5276], [127.1764, 34.5173], [127.1792, 34.5133], [127.1629, 34.518], [127.1472, 34.5205], [127.1338, 34.5263], [127.1245, 34.5407], [127.1233, 34.5554], [127.1296, 34.5639], [127.1519, 34.5748], [127.159, 34.58], [127.1792, 34.602], [127.1917, 34.6236], [127.1988, 34.631], [127.2134, 34.6369], [127.2124, 34.6202], [127.2075, 34.604], [127.1929, 34.5748], [127.2222, 34.5764], [127.2467, 34.5837], [127.2613, 34.6004], [127.261, 34.63], [127.2551, 34.6415], [127.2474, 34.6481], [127.2415, 34.6558], [127.2406, 34.671], [127.2459, 34.6789], [127.2747, 34.7051], [127.2852, 34.7006], [127.292, 34.6945], [127.2937, 34.6867], [127.2884, 34.6772], [127.2944, 34.6641], [127.303, 34.655], [127.3145, 34.6519], [127.3299, 34.6567], [127.3364, 34.6636], [127.3501, 34.6878], [127.3579, 34.6982], [127.344, 34.7153], [127.3386, 34.7331], [127.3316, 34.7412], [127.3126, 34.729], [127.2908, 34.7214], [127.2727, 34.7338], [127.2481, 34.7665], [127.2339, 34.7482], [127.2137, 34.7056], [127.1997, 34.6915], [127.1853, 34.6867], [127.1731, 34.6872], [127.148, 34.6915], [127.1362, 34.6881], [127.1253, 34.6798], [127.1072, 34.6601], [127.0991, 34.6545], [127.0625, 34.6369], [127.0427, 34.6245], [127.03, 34.6184], [127.0178, 34.6157], [127.0103, 34.6125], [127.0086, 34.6042], [127.009, 34.5932], [127.0072, 34.5815], [127.0006, 34.5733], [126.9913, 34.5644], [126.9867, 34.5537], [126.9942, 34.5407], [126.939, 34.4959], [126.9408, 34.4546], [126.9314, 34.4477], [126.9048, 34.4587], [126.896, 34.4499], [126.8919, 34.4401], [126.8923, 34.4294], [126.898, 34.4177], [126.885, 34.4211], [126.857, 34.4376], [126.8186, 34.4468], [126.8098, 34.4512], [126.802, 34.4704], [126.8062, 34.5211], [126.8023, 34.5407], [126.8079, 34.5532], [126.8067, 34.5685], [126.8001, 34.582], [126.7887, 34.5891], [126.7778, 34.5865], [126.7669, 34.578], [126.7586, 34.5672], [126.7552, 34.5577], [126.7593, 34.5438], [126.7656, 34.5318], [126.766, 34.5234], [126.7351, 34.5149], [126.7391, 34.5027], [126.7615, 34.4792], [126.7232, 34.4608], [126.7088, 34.4499], [126.7236, 34.445], [126.7271, 34.4428], [126.728, 34.4379], [126.7269, 34.433], [126.7236, 34.4308], [126.7175, 34.4318], [126.7083, 34.4365], [126.7034, 34.4376], [126.6902, 34.4359], [126.6875, 34.4313], [126.6873, 34.4239], [126.6822, 34.414], [126.6744, 34.4097], [126.6448, 34.4035], [126.6336, 34.3957], [126.6296, 34.3892], [126.6053, 34.3217], [126.6033, 34.312], [126.6033, 34.3004], [126.5789, 34.3048], [126.5328, 34.2922], [126.5213, 34.2942], [126.5199, 34.306], [126.5293, 34.33], [126.5274, 34.3414], [126.5183, 34.3478], [126.5057, 34.3499], [126.4796, 34.3488], [126.4796, 34.355], [126.4849, 34.3608], [126.4866, 34.3648], [126.4885, 34.3806], [126.492, 34.3811], [126.4964, 34.3799], [126.5007, 34.3823], [126.5149, 34.4036], [126.5176, 34.4138], [126.5138, 34.424], [126.5088, 34.4272], [126.5015, 34.4293], [126.4866, 34.4308], [126.4758, 34.4333], [126.4744, 34.4387], [126.4773, 34.4436], [126.4796, 34.445], [126.48, 34.4578], [126.4837, 34.4702], [126.4819, 34.4768], [126.4659, 34.4724], [126.4703, 34.4965], [126.4902, 34.5086], [126.5169, 34.5128], [126.5418, 34.5133], [126.5372, 34.5211], [126.531, 34.527], [126.5232, 34.5312], [126.5138, 34.5338], [126.5296, 34.543], [126.5393, 34.5536], [126.5396, 34.563], [126.5274, 34.5685], [126.523, 34.5671], [126.5139, 34.5578], [126.5076, 34.5543], [126.4993, 34.5543], [126.4863, 34.5609], [126.4796, 34.5611], [126.4735, 34.5565], [126.4693, 34.5497], [126.4659, 34.5407], [126.457, 34.539], [126.4485, 34.5393], [126.4387, 34.5407], [126.4173, 34.5404], [126.4056, 34.5386], [126.3909, 34.5338], [126.389, 34.5497], [126.3805, 34.5589], [126.3567, 34.5685], [126.357, 34.5717], [126.3521, 34.5798], [126.346, 34.5846], [126.343, 34.5782], [126.3401, 34.5744], [126.333, 34.571], [126.325, 34.5696], [126.3186, 34.5717], [126.2979, 34.588], [126.2953, 34.5891], [126.2918, 34.5991], [126.2935, 34.602], [126.2976, 34.6033], [126.3015, 34.6089], [126.3055, 34.6042], [126.3155, 34.6041], [126.3228, 34.6089], [126.3186, 34.6191], [126.2918, 34.63], [126.2711, 34.6425], [126.2694, 34.6713], [126.2781, 34.7033], [126.2886, 34.7256], [126.2896, 34.7331], [126.2888, 34.7424], [126.2903, 34.7502], [126.2984, 34.7535], [126.3059, 34.7529], [126.3137, 34.751], [126.3196, 34.7477], [126.3262, 34.7358], [126.3567, 34.6982], [126.3472, 34.6879], [126.3442, 34.6779], [126.346, 34.6677], [126.3492, 34.6567], [126.3699, 34.6089], [126.3823, 34.6027], [126.4319, 34.5959], [126.4531, 34.5838], [126.4646, 34.5847], [126.4727, 34.602], [126.4615, 34.6007], [126.4556, 34.6031], [126.435, 34.6068], [126.4253, 34.6193], [126.4126, 34.6298], [126.4161, 34.6527], [126.4029, 34.6507], [126.3965, 34.6366], [126.3861, 34.6358], [126.3799, 34.6545], [126.3768, 34.6795], [126.3844, 34.6937], [126.3786, 34.7112], [126.406, 34.7134], [126.4479, 34.7059], [126.4533, 34.6979], [126.4507, 34.6849], [126.4509, 34.6809], [126.4505, 34.677], [126.4529, 34.671], [126.4633, 34.6654], [126.4694, 34.6587], [126.4824, 34.6517], [126.5003, 34.6458], [126.5112, 34.6372], [126.5251, 34.6289], [126.5357, 34.6232], [126.54, 34.6276], [126.5191, 34.6504], [126.5316, 34.6526], [126.55, 34.6438], [126.5739, 34.6331], [126.6027, 34.6255], [126.6236, 34.63], [126.6025, 34.6329], [126.5855, 34.6418], [126.5554, 34.6635], [126.5628, 34.671], [126.5411, 34.684], [126.5084, 34.7185], [126.4902, 34.7256], [126.4653, 34.7297], [126.4358, 34.7281], [126.4154, 34.739], [126.3902, 34.7334], [126.3671, 34.7397], [126.364, 34.7492], [126.3783, 34.7639], [126.3923, 34.7686], [126.4221, 34.7648], [126.4601, 34.7788], [126.5059, 34.751], [126.5213, 34.7535], [126.5252, 34.7513], [126.5276, 34.7493], [126.5303, 34.7475], [126.5349, 34.746], [126.5305, 34.7653], [126.5325, 34.7829], [126.5444, 34.7957], [126.5689, 34.8007], [126.6148, 34.7895], [126.6382, 34.788], [126.6311, 34.8007], [126.6466, 34.8071], [126.6549, 34.8085], [126.6653, 34.8081], [126.6504, 34.8222], [126.6277, 34.8256], [126.5758, 34.8218], [126.5797, 34.8314], [126.5784, 34.838], [126.5758, 34.8449], [126.5758, 34.8553], [126.5794, 34.8619], [126.5847, 34.8668], [126.5891, 34.8729], [126.5894, 34.8832], [126.5814, 34.898], [126.5676, 34.9014], [126.5527, 34.8957], [126.5418, 34.8832], [126.5405, 34.8749], [126.5471, 34.8581], [126.5486, 34.8491], [126.5469, 34.8477], [126.5349, 34.828], [126.5237, 34.7939], [126.5133, 34.7823], [126.4934, 34.7808], [126.4934, 34.7831], [126.4872, 34.7871], [126.4912, 34.7924], [126.4966, 34.8028], [126.5007, 34.8081], [126.4872, 34.8138], [126.478, 34.8105], [126.4692, 34.8041], [126.4561, 34.8007], [126.4295, 34.8056], [126.421, 34.8023], [126.4193, 34.792], [126.4056, 34.7922], [126.384, 34.7863], [126.3735, 34.7907], [126.3701, 34.8013], [126.3773, 34.8113], [126.3977, 34.828], [126.4051, 34.8372], [126.4093, 34.8445], [126.411, 34.8513], [126.4114, 34.859], [126.4087, 34.874], [126.4121, 34.8813], [126.4251, 34.8907], [126.4126, 34.8987], [126.4017, 34.9155], [126.3958, 34.935], [126.3977, 34.9515], [126.4116, 34.962], [126.4305, 34.9726], [126.4364, 34.9814], [126.4114, 34.9863], [126.4, 34.9846], [126.3933, 34.9798], [126.388, 34.9748], [126.3804, 34.9726], [126.3706, 34.9685], [126.3721, 34.9587], [126.377, 34.9473], [126.3773, 34.9379], [126.3633, 34.9274], [126.3452, 34.9264], [126.3277, 34.9311], [126.3152, 34.9379], [126.3247, 34.9433], [126.3289, 34.9447], [126.3201, 34.9499], [126.3126, 34.9561], [126.3064, 34.9636], [126.3015, 34.9726], [126.313, 34.9774], [126.3242, 34.977], [126.3492, 34.9726], [126.3462, 34.9941], [126.3741, 35.0168], [126.3667, 35.0378], [126.3382, 35.0701], [126.3206, 35.0833], [126.3015, 35.0887], [126.3094, 35.0662], [126.3025, 35.0534], [126.2883, 35.053], [126.2742, 35.0682], [126.2835, 35.0788], [126.2578, 35.1068], [126.2542, 35.1234], [126.2686, 35.1372], [126.2891, 35.1394], [126.3072, 35.1318], [126.3152, 35.116], [126.3279, 35.1226], [126.335, 35.1341], [126.343, 35.157], [126.3501, 35.1456], [126.3514, 35.136], [126.3487, 35.1175], [126.3442, 35.1081], [126.343, 35.1024], [126.345, 35.0964], [126.349, 35.0964], [126.3536, 35.0978], [126.3567, 35.0961], [126.3607, 35.083], [126.3617, 35.0773], [126.3653, 35.074], [126.3773, 35.0682], [126.387, 35.0654], [126.4038, 35.0649], [126.4114, 35.0613], [126.4056, 35.05], [126.4072, 35.039], [126.4144, 35.0288], [126.4251, 35.0198], [126.4503, 35.0666], [126.4529, 35.0825], [126.4524, 35.1003], [126.4475, 35.1067], [126.4287, 35.1105], [126.4207, 35.1142], [126.4142, 35.1197], [126.4039, 35.1422], [126.3711, 35.1735], [126.3635, 35.188], [126.3657, 35.1929], [126.3704, 35.197], [126.3751, 35.2024], [126.3773, 35.2116], [126.3667, 35.2177], [126.3616, 35.2257], [126.3635, 35.2395], [126.3507, 35.2353], [126.3374, 35.2336], [126.3089, 35.2333], [126.3201, 35.2446], [126.3384, 35.248], [126.3591, 35.249], [126.3773, 35.2526], [126.3713, 35.2545], [126.3682, 35.2567], [126.3645, 35.2587], [126.3567, 35.26], [126.3616, 35.269], [126.3674, 35.2743], [126.3739, 35.2784], [126.3804, 35.2842], [126.3838, 35.2917], [126.3822, 35.2983], [126.379, 35.3046], [126.3773, 35.3115], [126.3807, 35.3271], [126.3894, 35.3425], [126.4114, 35.3699], [126.4172, 35.3649], [126.4319, 35.3494], [126.4496, 35.345], [126.4585, 35.3454], [126.4561, 35.3528], [126.4231, 35.3834], [126.4182, 35.394], [126.4255, 35.4177], [126.4427, 35.4469], [126.4698, 35.4985], [126.4927, 35.5253], [126.5253, 35.5349], [126.5624, 35.5411], [126.5942, 35.5425], [126.6089, 35.5521], [126.623, 35.5686], [126.6429, 35.5728], [126.6607, 35.5565], [126.679, 35.538], [126.6925, 35.5344], [126.6795, 35.5717], [126.6702, 35.5887], [126.655, 35.5958], [126.5132, 35.5769], [126.4637, 35.602], [126.4667, 35.6289], [126.4676, 35.6396], [126.491, 35.6491], [126.5114, 35.6655], [126.5303, 35.6832], [126.5603, 35.6974], [126.5972, 35.7139], [126.6251, 35.7456], [126.6294, 35.7755], [126.6448, 35.7829], [126.6561, 35.7887], [126.6622, 35.793], [126.698, 35.7959], [126.7331, 35.7924], [126.7554, 35.7785], [126.7713, 35.7752], [126.782, 35.7602], [126.7861, 35.7684], [126.7896, 35.7797], [126.791, 35.7914], [126.7777, 35.8001], [126.7685, 35.8056], [126.7493, 35.8133], [126.7276, 35.8253], [126.71, 35.836], [126.7007, 35.8398], [126.7034, 35.8485], [126.7117, 35.8577], [126.72, 35.8633], [126.7291, 35.865], [126.7849, 35.862], [126.7971, 35.8629], [126.8062, 35.8667], [126.8123, 35.8757], [126.8145, 35.883], [126.8193, 35.8881], [126.8331, 35.89], [126.8375, 35.8933], [126.8323, 35.9006], [126.8216, 35.9081], [126.8098, 35.9117], [126.8067, 35.9097], [126.7332, 35.8856], [126.7085, 35.8846], [126.6601, 35.8872], [126.6123, 35.8902], [126.6118, 35.9074], [126.6088, 35.9311], [126.5996, 35.9377], [126.5697, 35.946], [126.5257, 35.9404], [126.5214, 35.9705], [126.612, 35.9784], [126.6613, 35.9834], [126.7112, 35.9858], [126.7273, 35.9936], [126.7445, 35.9896], [126.7655, 35.9983], [126.8023, 36.0209], [126.8491, 36.036], [126.8689, 36.0475], [126.8707, 36.062], [126.8121, 36.0473], [126.7915, 36.0422], [126.7713, 36.0309], [126.7544, 36.0177], [126.7357, 36.0104], [126.7134, 36.0074], [126.6925, 35.9999], [126.6773, 36.0059], [126.6721, 36.0129], [126.6705, 36.022], [126.6653, 36.0346], [126.657, 36.0455], [126.6401, 36.0634], [126.6311, 36.0756], [126.645, 36.0847], [126.6385, 36.091], [126.6248, 36.0956], [126.6123, 36.099], [126.5894, 36.1308], [126.5719, 36.137], [126.5586, 36.1308], [126.5523, 36.1308], [126.5518, 36.1418], [126.5292, 36.1535], [126.5096, 36.151], [126.5036, 36.1322], [126.5003, 36.1257], [126.4934, 36.1308], [126.4974, 36.16], [126.5314, 36.1739], [126.5613, 36.1816], [126.6033, 36.1718], [126.5885, 36.1916], [126.5801, 36.1994], [126.5689, 36.206], [126.5623, 36.2072], [126.5543, 36.2034], [126.5486, 36.206], [126.5411, 36.2126], [126.5349, 36.2196], [126.5559, 36.2663], [126.568, 36.2868], [126.5826, 36.2947], [126.5715, 36.3056], [126.5291, 36.3161], [126.5138, 36.3227], [126.5288, 36.3339], [126.5733, 36.3426], [126.5826, 36.353], [126.5762, 36.3663], [126.5604, 36.3696], [126.5274, 36.3698], [126.5206, 36.3736], [126.5088, 36.3852], [126.5007, 36.3909], [126.5007, 36.3977], [126.5138, 36.3977], [126.4988, 36.4201], [126.5169, 36.4282], [126.5375, 36.4332], [126.5568, 36.4558], [126.598, 36.4651], [126.6174, 36.4735], [126.5591, 36.4735], [126.545, 36.467], [126.5234, 36.4411], [126.5076, 36.4387], [126.4977, 36.4484], [126.4885, 36.4669], [126.4828, 36.4858], [126.4834, 36.497], [126.5042, 36.5167], [126.5139, 36.5288], [126.5108, 36.5342], [126.4916, 36.5287], [126.4829, 36.5352], [126.4751, 36.5394], [126.4703, 36.5402], [126.4657, 36.5494], [126.4701, 36.5578], [126.4692, 36.5669], [126.4642, 36.5841], [126.4581, 36.5914], [126.4577, 36.5956], [126.4715, 36.5963], [126.4915, 36.6038], [126.5123, 36.6032], [126.5139, 36.6154], [126.5199, 36.6262], [126.5117, 36.6348], [126.4999, 36.6368], [126.4838, 36.6496], [126.494, 36.6613], [126.508, 36.6704], [126.4985, 36.6843], [126.4745, 36.6879], [126.4697, 36.7046], [126.4773, 36.7169], [126.5007, 36.7199], [126.4873, 36.7322], [126.4827, 36.7383], [126.4796, 36.7471], [126.4712, 36.7414], [126.457, 36.729], [126.4412, 36.7235], [126.438, 36.7165], [126.4386, 36.7094], [126.4456, 36.7007], [126.4469, 36.6838], [126.4395, 36.6643], [126.4439, 36.6381], [126.4333, 36.6157], [126.4242, 36.6066], [126.4057, 36.6182], [126.3864, 36.6189], [126.3671, 36.6291], [126.372, 36.6831], [126.3779, 36.7026], [126.3664, 36.707], [126.3699, 36.7323], [126.3591, 36.7427], [126.343, 36.7404], [126.334, 36.7274], [126.3316, 36.7114], [126.3243, 36.6997], [126.3015, 36.6994], [126.3109, 36.684], [126.3291, 36.6606], [126.3357, 36.6441], [126.3247, 36.6366], [126.3262, 36.6284], [126.343, 36.61], [126.3277, 36.6076], [126.3148, 36.6016], [126.304, 36.5931], [126.2953, 36.5827], [126.2954, 36.59], [126.2943, 36.5975], [126.292, 36.6042], [126.2886, 36.61], [126.3023, 36.6344], [126.273, 36.6732], [126.2817, 36.6926], [126.2742, 36.7199], [126.2557, 36.7116], [126.2293, 36.6847], [126.2097, 36.6789], [126.1983, 36.6771], [126.188, 36.6738], [126.1777, 36.6732], [126.1656, 36.6789], [126.1627, 36.6835], [126.1585, 36.6929], [126.157, 36.7021], [126.1619, 36.7062], [126.2031, 36.7059], [126.2136, 36.7116], [126.2134, 36.7267], [126.2026, 36.7424], [126.1873, 36.7485], [126.1712, 36.7523], [126.1582, 36.7608], [126.1531, 36.7488], [126.1502, 36.7239], [126.1445, 36.7124], [126.1328, 36.7038], [126.1289, 36.7119], [126.1301, 36.737], [126.1282, 36.7613], [126.131, 36.7681], [126.1566, 36.7942], [126.1616, 36.8033], [126.1656, 36.8161], [126.1688, 36.8064], [126.1731, 36.7977], [126.1785, 36.7895], [126.1854, 36.7813], [126.1907, 36.7853], [126.1973, 36.7849], [126.2048, 36.7828], [126.2134, 36.7813], [126.2029, 36.7932], [126.1922, 36.8086], [126.2207, 36.8017], [126.2324, 36.8042], [126.24, 36.8161], [126.2144, 36.8175], [126.1987, 36.8232], [126.1969, 36.8357], [126.2134, 36.857], [126.1908, 36.872], [126.1922, 36.8859], [126.2095, 36.8972], [126.2339, 36.9042], [126.2275, 36.8798], [126.23, 36.873], [126.2437, 36.8707], [126.2686, 36.871], [126.2752, 36.8747], [126.2817, 36.8837], [126.2835, 36.9062], [126.281, 36.9365], [126.2857, 36.9611], [126.3089, 36.9669], [126.3059, 36.9531], [126.3067, 36.9315], [126.311, 36.9096], [126.3235, 36.8832], [126.3174, 36.874], [126.3076, 36.8657], [126.3015, 36.857], [126.3019, 36.8478], [126.3081, 36.8331], [126.3089, 36.8291], [126.3035, 36.8244], [126.2855, 36.8149], [126.2817, 36.8123], [126.2827, 36.8037], [126.286, 36.7946], [126.2913, 36.7893], [126.2984, 36.7919], [126.3153, 36.8043], [126.3279, 36.8046], [126.3567, 36.7888], [126.336, 36.8247], [126.3287, 36.847], [126.3394, 36.857], [126.3555, 36.8405], [126.3653, 36.8354], [126.3699, 36.8462], [126.3741, 36.8496], [126.3845, 36.8529], [126.4046, 36.857], [126.4046, 36.8632], [126.3966, 36.8642], [126.3773, 36.8707], [126.3773, 36.8769], [126.4014, 36.8814], [126.4155, 36.8998], [126.4192, 36.9223], [126.4114, 36.9389], [126.4027, 36.9412], [126.3765, 36.9416], [126.3635, 36.9458], [126.3539, 36.9552], [126.3507, 36.9645], [126.3555, 36.9678], [126.3699, 36.9594], [126.3765, 36.9749], [126.3694, 36.9841], [126.354, 36.9879], [126.3357, 36.9868], [126.3431, 36.9945], [126.353, 37.0], [126.3638, 37.0015], [126.3735, 36.997], [126.3831, 36.9912], [126.3914, 36.9898], [126.3953, 36.9929], [126.3909, 37.0004], [126.3909, 37.0079], [126.4277, 37.0084], [126.4454, 37.0034], [126.4529, 36.9902], [126.4478, 36.982], [126.4382, 36.9733], [126.4324, 36.962], [126.4387, 36.9458], [126.4475, 36.9528], [126.4588, 36.9577], [126.4686, 36.9576], [126.4727, 36.9492], [126.4739, 36.9422], [126.4785, 36.9359], [126.4796, 36.929], [126.4778, 36.9264], [126.4688, 36.9178], [126.4659, 36.9116], [126.4659, 36.8669], [126.4692, 36.854], [126.4766, 36.8449], [126.4839, 36.8415], [126.4872, 36.8462], [126.4912, 36.8711], [126.5095, 36.9188], [126.5138, 36.9424], [126.5191, 36.9479], [126.5313, 36.9413], [126.5486, 36.9259], [126.5557, 36.9151], [126.5608, 36.9051], [126.5684, 36.8985], [126.5826, 36.898], [126.5826, 36.9042], [126.5755, 36.9118], [126.5667, 36.9322], [126.5591, 36.9424], [126.4978, 36.9942], [126.4934, 36.997], [126.4968, 37.0078], [126.5054, 37.0066], [126.5156, 36.9988], [126.5316, 36.9829], [126.54, 36.9769], [126.5503, 36.9731], [126.5628, 36.9731], [126.5721, 36.9775], [126.573, 36.9844], [126.5662, 36.9908], [126.552, 36.9936], [126.533, 37.0009], [126.5123, 37.0164], [126.5029, 37.0395], [126.5007, 37.055], [126.5191, 37.0554], [126.535, 37.0493], [126.5493, 37.0392], [126.5693, 37.0278], [126.5885, 37.0172], [126.5963, 37.0108], [126.6115, 37.0026], [126.6261, 36.9961], [126.6361, 36.9825], [126.6314, 36.9689], [126.6217, 36.9598], [126.6236, 36.9526], [126.6336, 36.9374], [126.6348, 36.928], [126.6311, 36.9116], [126.6421, 36.9177], [126.6465, 36.9251], [126.6492, 36.9334], [126.6454, 36.958], [126.6494, 36.9661], [126.6558, 36.9746], [126.665, 36.9885], [126.6815, 36.9947], [126.697, 36.9948], [126.7143, 36.993], [126.7335, 36.9874], [126.7578, 36.9822], [126.7752, 36.9731], [126.7962, 36.9558], [126.7977, 36.9344], [126.782, 36.8912], [126.794, 36.8975], [126.8128, 36.9169], [126.823, 36.9184], [126.8302, 36.9102], [126.8343, 36.8955], [126.8365, 36.8669], [126.8355, 36.8608], [126.8308, 36.8472], [126.8298, 36.8393], [126.8318, 36.8311], [126.8407, 36.8192], [126.8491, 36.788], [126.8463, 36.7791], [126.8298, 36.7751], [126.8329, 36.7667], [126.8368, 36.7609], [126.8425, 36.757], [126.8508, 36.754], [126.8567, 36.7764], [126.8665, 36.7898], [126.8716, 36.804], [126.8633, 36.8291], [126.8836, 36.8244], [126.9048, 36.8223], [126.8705, 36.8528], [126.8602, 36.8696], [126.8806, 36.8769], [126.899, 36.8793], [126.9425, 36.8934], [126.9745, 36.9129], [126.9895, 36.9186], [127.0003, 36.9284], [127.0072, 36.9526], [127.0052, 36.9569], [126.9959, 36.9648], [126.9942, 36.9669], [126.9995, 36.9709], [127.0049, 36.9714], [127.01, 36.9713], [127.0239, 36.9774], [127.0328, 36.9785], [127.0394, 36.982], [127.042, 36.9936], [126.9822, 36.9802], [126.9732, 36.97], [126.9763, 36.939], [126.9691, 36.932], [126.9458, 36.9259], [126.9127, 36.9296], [126.8734, 36.948], [126.8379, 36.9759], [126.8244, 37.0026], [126.8843, 37.0079], [126.8843, 37.0141], [126.8801, 37.0157], [126.8707, 37.0215], [126.8819, 37.0226], [126.8926, 37.0222], [126.9024, 37.0195], [126.911, 37.0141], [126.9067, 37.0331], [126.8931, 37.0501], [126.8831, 37.0696], [126.8905, 37.0959], [126.8792, 37.1], [126.8705, 37.0908], [126.8651, 37.0749], [126.8633, 37.0588], [126.8587, 37.0413], [126.8491, 37.0373], [126.8397, 37.0449], [126.8206, 37.0417], [126.8013, 37.0377], [126.7552, 37.0488], [126.7555, 37.0601], [126.7512, 37.0701], [126.7548, 37.0836], [126.7529, 37.1007], [126.7645, 37.1177], [126.7783, 37.1328], [126.7942, 37.1389], [126.8112, 37.1441], [126.8365, 37.1444], [126.8635, 37.1503], [126.8692, 37.157], [126.8707, 37.1755], [126.8645, 37.1791], [126.8506, 37.173], [126.8298, 37.1587], [126.8169, 37.1608], [126.8074, 37.1653], [126.8023, 37.1732], [126.8023, 37.1854], [126.7786, 37.1757], [126.7593, 37.1647], [126.7236, 37.1339], [126.7144, 37.128], [126.7029, 37.1247], [126.6921, 37.125], [126.6856, 37.1301], [126.686, 37.1393], [126.6921, 37.1483], [126.7069, 37.1649], [126.6777, 37.1595], [126.6685, 37.1618], [126.6653, 37.1755], [126.6707, 37.1856], [126.6829, 37.1914], [126.6968, 37.1951], [126.7069, 37.1997], [126.719, 37.2129], [126.7158, 37.2163], [126.6891, 37.2133], [126.6802, 37.2177], [126.6732, 37.2284], [126.6665, 37.2418], [126.6585, 37.2543], [126.6629, 37.2553], [126.6658, 37.2569], [126.6721, 37.2617], [126.6795, 37.2572], [126.6905, 37.2577], [126.71, 37.2617], [126.7258, 37.2582], [126.7391, 37.2517], [126.7522, 37.2483], [126.7676, 37.2543], [126.7664, 37.2431], [126.7676, 37.2323], [126.7725, 37.2239], [126.782, 37.2202], [126.7925, 37.2235], [126.7974, 37.2329], [126.8023, 37.2543], [126.8192, 37.2744], [126.833, 37.2729], [126.8486, 37.2653], [126.8707, 37.2679], [126.866, 37.2761], [126.8599, 37.2821], [126.8521, 37.2862], [126.8428, 37.2884], [126.8289, 37.288], [126.8225, 37.2956], [126.8076, 37.2978], [126.7956, 37.2947], [126.7836, 37.2953], [126.7646, 37.2983], [126.7333, 37.3062], [126.6898, 37.3325], [126.6875, 37.344], [126.7069, 37.3665], [126.72, 37.3771], [126.7172, 37.3838], [126.6647, 37.3892], [126.6403, 37.3644], [126.6151, 37.3797], [126.6254, 37.3979], [126.6386, 37.4138], [126.6303, 37.425], [126.6124, 37.4327], [126.596, 37.4397], [126.5983, 37.4579], [126.595, 37.4723], [126.6048, 37.4857], [126.6334, 37.4926], [126.642, 37.4961], [126.6442, 37.5044], [126.6307, 37.5073], [126.627, 37.4986], [126.6065, 37.4968], [126.6011, 37.5068], [126.5989, 37.5251], [126.6038, 37.5493], [126.5989, 37.5581], [126.5911, 37.5729], [126.5823, 37.5845], [126.5719, 37.5985], [126.5605, 37.6074], [126.5603, 37.6208], [126.5562, 37.641], [126.5454, 37.6725], [126.531, 37.7547], [126.5349, 37.7682], [126.5482, 37.7702], [126.6033, 37.7545], [126.6209, 37.7576], [126.6355, 37.763], [126.6485, 37.765], [126.6619, 37.758], [126.6668, 37.7462], [126.6688, 37.7277], [126.6673, 37.7088], [126.6619, 37.6959], [126.6615, 37.6724], [126.6921, 37.652], [126.731, 37.6391], [126.7552, 37.6379], [126.7364, 37.6533], [126.6788, 37.6863], [126.6956, 37.7217], [126.7005, 37.743], [126.6963, 37.758], [126.6869, 37.7736], [126.686, 37.7822], [126.6849, 37.7936], [126.6895, 37.8137], [126.7, 37.8297], [126.6925, 37.8371], [126.6826, 37.836], [126.6675, 37.8278], [126.6605, 37.9138], [126.6658, 37.9376], [126.6778, 37.9446], [126.6963, 37.9462], [126.7221, 37.9539], [126.7619, 37.979], [126.8473, 38.082], [126.8648, 38.096], [126.9033, 38.1196], [126.9198, 38.1346], [126.9401, 38.1742], [126.9537, 38.2007], [126.9661, 38.213], [126.9719, 38.2189], [127.0267, 38.2545], [127.0905, 38.2859], [127.1575, 38.3072], [127.222, 38.3127], [127.2538, 38.31], [127.3771, 38.3185], [127.4719, 38.2959], [127.5021, 38.2981], [127.5608, 38.3121], [127.7537, 38.3254], [127.7619, 38.321], [127.7747, 38.3064], [127.787, 38.2967], [127.8008, 38.2939], [127.8669, 38.3048], [127.9718, 38.3], [128.0399, 38.3043], [128.1085, 38.3235], [128.1724, 38.356], [128.2256, 38.3998], [128.2487, 38.4258], [128.2681, 38.4535], [128.2811, 38.4844], [128.2854, 38.5198], [128.277, 38.5541], [128.2748, 38.5715], [128.2811, 38.5844], [128.3084, 38.6013], [128.3649, 38.6243]]], [[[126.4054, 36.4588], [126.4129, 36.4403], [126.4264, 36.4236], [126.4321, 36.4079], [126.4226, 36.4115], [126.3782, 36.4095], [126.3638, 36.4114], [126.3611, 36.4263], [126.3659, 36.4316], [126.3736, 36.4373], [126.3776, 36.4462], [126.3538, 36.4341], [126.3426, 36.4384], [126.3457, 36.4533], [126.3638, 36.4735], [126.3569, 36.4796], [126.3433, 36.4666], [126.3386, 36.4756], [126.3281, 36.4711], [126.3336, 36.4951], [126.3298, 36.5317], [126.3252, 36.5539], [126.3148, 36.5818], [126.3235, 36.5909], [126.3412, 36.6041], [126.3602, 36.6094], [126.3735, 36.5922], [126.3753, 36.5861], [126.371, 36.5788], [126.3634, 36.5738], [126.3643, 36.567], [126.3811, 36.5363], [126.3838, 36.5265], [126.3794, 36.5184], [126.3846, 36.5112], [126.3959, 36.5058], [126.4048, 36.4933], [126.3838, 36.4933], [126.3838, 36.4871], [126.3906, 36.486], [126.4048, 36.4796], [126.4037, 36.4733], [126.4027, 36.4684], [126.4054, 36.4588]]], [[[126.2953, 37.8025], [126.315, 37.8027], [126.3333, 37.8004], [126.3425, 37.7921], [126.3359, 37.7744], [126.3182, 37.7623], [126.2962, 37.7611], [126.2546, 37.7682], [126.2454, 37.7654], [126.2341, 37.7606], [126.2245, 37.7604], [126.2205, 37.7713], [126.2227, 37.7747], [126.2341, 37.8023], [126.2464, 37.8118], [126.2605, 37.8148], [126.2765, 37.8115], [126.2953, 37.8025]]], [[[126.9461, 33.478], [126.9536, 33.465], [126.949, 33.4606], [126.9393, 33.4582], [126.9324, 33.4513], [126.9329, 33.4455], [126.9392, 33.4363], [126.9392, 33.4309], [126.9358, 33.4255], [126.9273, 33.4161], [126.9255, 33.4132], [126.9075, 33.3957], [126.8735, 33.373], [126.863, 33.3541], [126.848, 33.3321], [126.8472, 33.3232], [126.8406, 33.3102], [126.8159, 33.3078], [126.8064, 33.3036], [126.7801, 33.3055], [126.7418, 33.2802], [126.6407, 33.2647], [126.6069, 33.2406], [126.5655, 33.2329], [126.5212, 33.2366], [126.4706, 33.2287], [126.4285, 33.2393], [126.3334, 33.2382], [126.3038, 33.2266], [126.2861, 33.2004], [126.27, 33.1976], [126.2539, 33.204], [126.2312, 33.2349], [126.2008, 33.2436], [126.1714, 33.2694], [126.1611, 33.3008], [126.179, 33.3415], [126.1958, 33.3667], [126.2062, 33.3756], [126.241, 33.3928], [126.2707, 33.4359], [126.2979, 33.4417], [126.3106, 33.4645], [126.3574, 33.478], [126.4594, 33.5024], [126.4849, 33.5208], [126.5824, 33.5293], [126.6488, 33.5534], [126.6647, 33.5497], [126.7455, 33.5606], [126.7924, 33.5638], [126.8234, 33.5594], [126.8352, 33.5446], [126.8499, 33.535], [126.8982, 33.519], [126.9129, 33.5066], [126.9227, 33.4766], [126.9324, 33.4649], [126.937, 33.4695], [126.9434, 33.4738], [126.9461, 33.478]]], [[[127.173, 34.4837], [127.2043, 34.4868], [127.2206, 34.4857], [127.2342, 34.4803], [127.2451, 34.4641], [127.2419, 34.4455], [127.2287, 34.4302], [127.2102, 34.424], [127.169, 34.4177], [127.153, 34.4196], [127.1413, 34.4243], [127.1174, 34.4376], [127.1174, 34.445], [127.1228, 34.4506], [127.1238, 34.4552], [127.1199, 34.4597], [127.1105, 34.4649], [127.1244, 34.4733], [127.1403, 34.4787], [127.173, 34.4837]]], [[[126.3801, 34.4984], [126.3816, 34.4847], [126.3789, 34.4693], [126.3735, 34.4544], [126.3539, 34.4196], [126.3459, 34.409], [126.3359, 34.4035], [126.3342, 34.4066], [126.3171, 34.4199], [126.3093, 34.424], [126.3093, 34.4177], [126.3052, 34.4017], [126.21, 34.3588], [126.1985, 34.3555], [126.1564, 34.3526], [126.1448, 34.355], [126.1426, 34.3638], [126.1482, 34.3711], [126.1556, 34.3772], [126.1585, 34.3823], [126.1531, 34.3885], [126.1243, 34.4035], [126.1243, 34.3823], [126.1033, 34.4028], [126.1157, 34.4362], [126.1442, 34.4632], [126.1721, 34.4649], [126.1812, 34.4865], [126.187, 34.4942], [126.1963, 34.5028], [126.207, 34.5076], [126.2166, 34.509], [126.2238, 34.5134], [126.2266, 34.5276], [126.2383, 34.5157], [126.2542, 34.5144], [126.2683, 34.522], [126.2744, 34.5373], [126.2668, 34.5498], [126.2411, 34.5665], [126.2477, 34.5748], [126.2639, 34.5758], [126.2804, 34.5683], [126.2948, 34.5589], [126.3054, 34.5543], [126.3079, 34.5515], [126.3108, 34.5452], [126.3156, 34.5383], [126.3223, 34.5338], [126.3268, 34.5351], [126.3495, 34.5468], [126.3504, 34.5382], [126.3801, 34.4984]]], [[[127.7821, 34.6846], [127.7925, 34.6824], [127.8016, 34.6705], [127.8088, 34.6558], [127.8172, 34.6308], [127.8181, 34.6162], [127.8151, 34.602], [127.8079, 34.5882], [127.7979, 34.5797], [127.7866, 34.579], [127.7754, 34.584], [127.74, 34.6137], [127.7358, 34.6252], [127.7419, 34.6436], [127.7463, 34.6484], [127.765, 34.6601], [127.7683, 34.6661], [127.7759, 34.6915], [127.7608, 34.7047], [127.7625, 34.7128], [127.7734, 34.717], [127.7859, 34.7182], [127.7966, 34.7142], [127.7993, 34.7048], [127.7942, 34.6938], [127.7821, 34.6846]]], [[[125.989, 34.7133], [126.001, 34.7044], [126.0041, 34.7003], [126.0054, 34.6926], [126.0032, 34.6848], [125.999, 34.6774], [125.9839, 34.6606], [125.9769, 34.6564], [125.97, 34.6559], [125.9597, 34.6567], [125.9596, 34.6598], [125.9452, 34.6668], [125.9295, 34.6723], [125.9251, 34.671], [125.916, 34.6876], [125.9229, 34.6954], [125.9524, 34.7051], [125.9706, 34.7257], [125.9767, 34.7283], [125.9805, 34.7262], [125.989, 34.7133]]], [[[126.0072, 34.781], [126.0076, 34.7597], [126.0029, 34.7615], [125.9915, 34.7641], [125.9865, 34.7665], [125.9779, 34.7571], [125.9642, 34.7571], [125.9517, 34.7593], [125.9461, 34.7567], [125.9441, 34.7432], [125.9387, 34.7314], [125.93, 34.7226], [125.9181, 34.7182], [125.9064, 34.7193], [125.8978, 34.726], [125.8926, 34.7366], [125.8909, 34.7498], [125.8939, 34.7623], [125.9019, 34.7711], [125.9129, 34.7769], [125.9251, 34.7808], [125.9386, 34.7765], [125.9566, 34.7797], [125.9893, 34.79], [125.9959, 34.7908], [126.0007, 34.7901], [126.0044, 34.7872], [126.0072, 34.781]]], [[[126.056, 34.9136], [126.0603, 34.9269], [126.0701, 34.9289], [126.0812, 34.9226], [126.0891, 34.9113], [126.0915, 34.8969], [126.0884, 34.883], [126.0807, 34.871], [126.0691, 34.8627], [126.0547, 34.8592], [126.0464, 34.8618], [126.0399, 34.8664], [126.0314, 34.869], [125.9988, 34.8629], [125.9865, 34.8627], [125.9865, 34.869], [125.9963, 34.876], [126.0143, 34.8996], [126.028, 34.9099], [126.0344, 34.9096], [126.044, 34.9074], [126.0523, 34.9075], [126.056, 34.9136]]], [[[128.0696, 34.815], [128.0747, 34.8037], [128.0718, 34.7936], [128.0663, 34.783], [128.0633, 34.77], [128.0661, 34.7493], [128.0653, 34.7375], [128.0596, 34.7324], [128.0516, 34.7287], [128.0601, 34.7084], [128.0559, 34.6982], [128.0405, 34.6959], [128.0259, 34.7031], [128.0101, 34.7088], [127.9915, 34.7017], [127.9753, 34.6999], [127.9653, 34.7193], [127.9541, 34.7597], [127.9377, 34.767], [127.9246, 34.7596], [127.9157, 34.7427], [127.9124, 34.7219], [127.9063, 34.7131], [127.8921, 34.7127], [127.8771, 34.7169], [127.868, 34.7219], [127.8618, 34.7309], [127.8604, 34.7383], [127.8601, 34.747], [127.8579, 34.7597], [127.8303, 34.8336], [127.8267, 34.8514], [127.8294, 34.869], [127.8408, 34.8869], [127.8485, 34.8915], [127.8563, 34.8927], [127.8623, 34.8961], [127.867, 34.9182], [127.8729, 34.9245], [127.8889, 34.9348], [127.9021, 34.94], [127.9172, 34.9362], [127.9305, 34.9265], [127.9382, 34.914], [127.9369, 34.9008], [127.9281, 34.8883], [127.9056, 34.869], [127.9097, 34.862], [127.9143, 34.8445], [127.9199, 34.8354], [127.9285, 34.8306], [127.9499, 34.8247], [127.9619, 34.807], [127.9813, 34.8098], [128.0059, 34.8177], [128.0291, 34.8218], [128.0628, 34.8171], [128.0696, 34.815]]], [[[128.7485, 34.869], [128.7474, 34.8571], [128.7429, 34.8445], [128.7341, 34.8376], [128.7206, 34.8423], [128.7261, 34.8288], [128.739, 34.8062], [128.7417, 34.7907], [128.7341, 34.7882], [128.7166, 34.7932], [128.6978, 34.8013], [128.6864, 34.8081], [128.6833, 34.7941], [128.6802, 34.7866], [128.6629, 34.77], [128.6572, 34.757], [128.6691, 34.7495], [128.6856, 34.7438], [128.6939, 34.7362], [128.6782, 34.7248], [128.6058, 34.7064], [128.584, 34.7051], [128.6182, 34.7256], [128.604, 34.7311], [128.5986, 34.74], [128.5995, 34.7519], [128.6045, 34.7665], [128.5735, 34.7535], [128.5643, 34.7587], [128.5598, 34.7702], [128.5604, 34.7818], [128.5667, 34.7871], [128.5916, 34.7912], [128.5986, 34.8022], [128.5991, 34.8178], [128.6045, 34.8354], [128.5908, 34.8423], [128.5806, 34.8319], [128.5447, 34.8188], [128.5288, 34.8081], [128.5174, 34.8227], [128.5032, 34.8355], [128.4915, 34.8499], [128.4885, 34.869], [128.4949, 34.8804], [128.5081, 34.891], [128.5233, 34.8992], [128.5363, 34.9037], [128.5737, 34.9101], [128.584, 34.9099], [128.6004, 34.9042], [128.6135, 34.8972], [128.627, 34.8918], [128.6455, 34.8907], [128.6455, 34.8969], [128.627, 34.9069], [128.6164, 34.9219], [128.6117, 34.9389], [128.6106, 34.9549], [128.6238, 34.9536], [128.6939, 34.9863], [128.6819, 35.0046], [128.6875, 35.0229], [128.7029, 35.0329], [128.7206, 35.0272], [128.7249, 35.0189], [128.7253, 35.0093], [128.7188, 34.9722], [128.7192, 34.9663], [128.7239, 34.9545], [128.73, 34.9451], [128.7344, 34.9355], [128.7341, 34.9223], [128.7302, 34.9104], [128.7144, 34.8764], [128.7346, 34.8823], [128.7443, 34.8878], [128.7476, 34.8858], [128.7485, 34.869]]], [[[126.1106, 35.0512], [126.1052, 35.05], [126.0786, 35.0559], [126.0691, 35.0546], [126.0654, 35.0568], [126.063, 35.059], [126.0604, 35.0607], [126.056, 35.0613], [126.0638, 35.0931], [126.0691, 35.1024], [126.076, 35.1056], [126.0879, 35.1089], [126.0989, 35.1133], [126.1038, 35.1197], [126.1113, 35.1333], [126.1294, 35.1429], [126.1499, 35.1469], [126.1652, 35.1435], [126.1348, 35.129], [126.1278, 35.1206], [126.127, 35.1105], [126.1314, 35.1002], [126.1448, 35.0825], [126.134, 35.0788], [126.1228, 35.0698], [126.1143, 35.0593], [126.1106, 35.0512]]], [[[126.5633, 37.5144], [126.5672, 37.5112], [126.5711, 37.5063], [126.5764, 37.5024], [126.5806, 37.4956], [126.5831, 37.4904], [126.5776, 37.4886], [126.5692, 37.4836], [126.5658, 37.48], [126.5483, 37.4766], [126.5406, 37.4777], [126.5299, 37.4737], [126.5066, 37.4656], [126.494, 37.4566], [126.487, 37.4468], [126.4434, 37.4206], [126.4336, 37.4224], [126.4244, 37.4216], [126.4205, 37.4224], [126.4163, 37.4346], [126.4084, 37.4385], [126.4047, 37.4354], [126.4014, 37.4345], [126.4003, 37.4365], [126.402, 37.4401], [126.3995, 37.4449], [126.3934, 37.4455], [126.3894, 37.4413], [126.3832, 37.4375], [126.3757, 37.4401], [126.365, 37.4423], [126.3713, 37.4473], [126.3691, 37.4527], [126.3582, 37.461], [126.3555, 37.4662], [126.3593, 37.4736], [126.3653, 37.4751], [126.3736, 37.4716], [126.4189, 37.4969], [126.4513, 37.4997], [126.4734, 37.4993], [126.4937, 37.5078], [126.5007, 37.5302], [126.5148, 37.5343], [126.5264, 37.5251], [126.532, 37.5233], [126.5378, 37.5207], [126.5435, 37.5189], [126.5491, 37.5186], [126.5551, 37.5177], [126.5633, 37.5144]]], [[[130.9036, 37.5458], [130.9207, 37.5356], [130.9194, 37.5102], [130.9084, 37.4819], [130.8967, 37.4631], [130.8777, 37.4555], [130.8522, 37.4595], [130.8275, 37.4713], [130.811, 37.487], [130.8058, 37.5074], [130.8143, 37.5226], [130.8323, 37.5321], [130.8678, 37.5369], [130.8916, 37.5439], [130.9036, 37.5458]]], [[[126.3567, 37.6951], [126.3692, 37.6873], [126.3788, 37.6787], [126.3807, 37.6692], [126.3701, 37.6584], [126.3499, 37.6574], [126.282, 37.6993], [126.2908, 37.7056], [126.2949, 37.7136], [126.3006, 37.7324], [126.3037, 37.7372], [126.3086, 37.7423], [126.3142, 37.7461], [126.32, 37.7472], [126.3237, 37.7456], [126.3262, 37.7425], [126.3276, 37.7383], [126.3307, 37.72], [126.3319, 37.7165], [126.3367, 37.7099], [126.343, 37.7043], [126.3567, 37.6951]]], [[[126.5078, 37.5969], [126.5002, 37.5962], [126.4942, 37.5984], [126.4837, 37.6074], [126.4761, 37.6111], [126.4707, 37.6096], [126.4666, 37.6062], [126.4627, 37.6043], [126.4102, 37.602], [126.3906, 37.6093], [126.3701, 37.631], [126.4009, 37.6374], [126.4082, 37.6413], [126.4167, 37.6518], [126.4155, 37.6567], [126.4099, 37.6597], [126.4048, 37.6652], [126.3692, 37.7191], [126.367, 37.7272], [126.3706, 37.738], [126.3696, 37.7853], [126.3738, 37.7961], [126.3835, 37.799], [126.4071, 37.8207], [126.4253, 37.8244], [126.4413, 37.8153], [126.4563, 37.8012], [126.4714, 37.7902], [126.5036, 37.7774], [126.5164, 37.7672], [126.5215, 37.7512], [126.5204, 37.7431], [126.5151, 37.7296], [126.514, 37.7235], [126.5163, 37.7168], [126.5256, 37.7033], [126.5277, 37.6959], [126.5309, 37.6599], [126.5277, 37.6515], [126.5332, 37.6461], [126.5388, 37.6354], [126.542, 37.631], [126.5291, 37.6249], [126.5178, 37.6038], [126.5078, 37.5969]]], [[[124.7327, 37.9805], [124.7437, 37.9697], [124.742, 37.955], [124.7282, 37.947], [124.7088, 37.9563], [124.6833, 37.9545], [124.678, 37.9525], [124.6784, 37.942], [124.6882, 37.9382], [124.6999, 37.9365], [124.7053, 37.9327], [124.6849, 37.92], [124.6441, 37.9245], [124.6136, 37.9451], [124.624, 37.9805], [124.6494, 37.9733], [124.7049, 37.9887], [124.7327, 37.9805]]], [[[127.3091, 34.0201], [127.315, 34.0158], [127.3221, 34.0141], [127.3247, 34.0107], [127.3235, 34.0058], [127.3093, 34.0115], [127.2957, 34.0141], [127.2932, 34.0172], [127.2898, 34.0241], [127.2876, 34.0324], [127.2839, 34.0346], [127.2808, 34.0378], [127.2783, 34.0446], [127.2798, 34.0487], [127.2793, 34.0533], [127.28, 34.0574], [127.2832, 34.0583], [127.2869, 34.0573], [127.2915, 34.0585], [127.2942, 34.0611], [127.2957, 34.0615], [127.2981, 34.0572], [127.2947, 34.0479], [127.2964, 34.0376], [127.3091, 34.0201]]], [[[127.5319, 34.4506], [127.5364, 34.4407], [127.5364, 34.4348], [127.5288, 34.428], [127.5106, 34.4183], [127.4946, 34.4143], [127.4889, 34.4169], [127.4885, 34.4255], [127.4818, 34.4313], [127.4717, 34.434], [127.4671, 34.4392], [127.4697, 34.4432], [127.4588, 34.4489], [127.4522, 34.453], [127.4557, 34.4605], [127.4551, 34.4661], [127.4534, 34.4706], [127.4583, 34.4729], [127.4653, 34.4704], [127.4728, 34.4668], [127.4868, 34.4639], [127.4871, 34.4612], [127.4917, 34.4622], [127.5007, 34.4696], [127.5099, 34.47], [127.5319, 34.4506]]], [[[127.783, 34.507], [127.7896, 34.504], [127.794, 34.4982], [127.7918, 34.492], [127.7793, 34.4885], [127.7712, 34.4882], [127.7691, 34.4899], [127.7658, 34.494], [127.7565, 34.4982], [127.742, 34.5023], [127.7322, 34.5085], [127.7277, 34.517], [127.7228, 34.5232], [127.7146, 34.5268], [127.7075, 34.5339], [127.7129, 34.5424], [127.7297, 34.5491], [127.7481, 34.5511], [127.7611, 34.5431], [127.7762, 34.5188], [127.7744, 34.5118], [127.7749, 34.5082], [127.783, 34.507]]], [[[126.1001, 34.5967], [126.1024, 34.5949], [126.1043, 34.5898], [126.1034, 34.5794], [126.1003, 34.5683], [126.0994, 34.5587], [126.0938, 34.5537], [126.0857, 34.5487], [126.0773, 34.5422], [126.0576, 34.5325], [126.0467, 34.5312], [126.0352, 34.5339], [126.0316, 34.539], [126.0374, 34.5407], [126.0435, 34.541], [126.0485, 34.5452], [126.0545, 34.5489], [126.0535, 34.5523], [126.0313, 34.5564], [126.0366, 34.5617], [126.0505, 34.5634], [126.065, 34.5638], [126.0763, 34.571], [126.0813, 34.5808], [126.0764, 34.5908], [126.0664, 34.604], [126.0601, 34.6208], [126.0676, 34.6255], [126.0798, 34.6174], [126.0871, 34.6112], [126.0994, 34.6055], [126.1001, 34.5967]]], [[[126.0381, 34.5695], [126.0286, 34.5659], [126.0205, 34.5714], [126.0166, 34.6061], [126.0202, 34.6254], [126.0286, 34.6342], [126.0414, 34.6112], [126.052, 34.5983], [126.0604, 34.5843], [126.0576, 34.5726], [126.0486, 34.5701], [126.0381, 34.5695]]], [[[125.4458, 34.6885], [125.4573, 34.6909], [125.4592, 34.6868], [125.4505, 34.6797], [125.4458, 34.6751], [125.4432, 34.6694], [125.4274, 34.6542], [125.4243, 34.6472], [125.4177, 34.6381], [125.4126, 34.6323], [125.4085, 34.6286], [125.3988, 34.632], [125.3923, 34.6463], [125.3934, 34.6597], [125.3989, 34.6718], [125.4056, 34.6826], [125.4129, 34.692], [125.4212, 34.6971], [125.4295, 34.6984], [125.4339, 34.6955], [125.4373, 34.6883], [125.4458, 34.6885]]], [[[126.1741, 34.7328], [126.1775, 34.7241], [126.1779, 34.7134], [126.1721, 34.7038], [126.1594, 34.7028], [126.1477, 34.7123], [126.1384, 34.7235], [126.1277, 34.7236], [126.1223, 34.7196], [126.1188, 34.7182], [126.1113, 34.7177], [126.1043, 34.722], [126.1025, 34.7305], [126.0934, 34.7443], [126.0737, 34.7614], [126.0696, 34.7697], [126.0793, 34.7676], [126.0872, 34.7675], [126.0946, 34.7707], [126.1052, 34.7716], [126.1178, 34.77], [126.1272, 34.7665], [126.1331, 34.7612], [126.1419, 34.7576], [126.1538, 34.7569], [126.1636, 34.755], [126.1703, 34.7499], [126.1738, 34.7445], [126.1731, 34.7394], [126.1741, 34.7328]]], [[[126.1687, 34.7923], [126.1655, 34.7897], [126.1621, 34.7833], [126.1642, 34.7698], [126.1582, 34.7645], [126.1463, 34.7619], [126.1346, 34.7673], [126.1216, 34.7765], [126.1048, 34.7816], [126.0925, 34.7876], [126.1024, 34.7944], [126.1273, 34.7978], [126.1419, 34.803], [126.1494, 34.8081], [126.159, 34.8046], [126.1663, 34.7965], [126.1687, 34.7923]]], [[[126.0794, 34.8227], [126.0711, 34.8322], [126.0641, 34.8426], [126.0671, 34.8505], [126.0818, 34.8566], [126.0938, 34.8576], [126.1033, 34.8532], [126.1126, 34.8534], [126.1152, 34.8594], [126.1133, 34.8712], [126.1228, 34.8788], [126.1359, 34.8786], [126.1423, 34.8791], [126.1472, 34.8769], [126.152, 34.8712], [126.1531, 34.865], [126.1397, 34.8579], [126.1445, 34.8424], [126.1421, 34.8329], [126.135, 34.8293], [126.1252, 34.8297], [126.1189, 34.8238], [126.1192, 34.8126], [126.1159, 34.8031], [126.1052, 34.7982], [126.0962, 34.7988], [126.094, 34.8047], [126.0944, 34.8087], [126.0794, 34.8227]]], [[[128.0728, 34.8451], [128.0768, 34.8425], [128.0824, 34.8356], [128.0718, 34.8334], [128.0265, 34.8432], [128.0018, 34.8367], [127.9873, 34.8381], [127.9724, 34.8455], [127.9636, 34.8598], [127.9705, 34.8752], [127.9841, 34.8897], [127.9928, 34.9034], [128.002, 34.913], [128.0178, 34.9166], [128.023, 34.9055], [128.016, 34.8894], [128.0125, 34.8783], [128.0134, 34.8691], [128.0187, 34.8662], [128.0246, 34.877], [128.0363, 34.8923], [128.0459, 34.8936], [128.0488, 34.8866], [128.054, 34.8826], [128.0589, 34.8804], [128.0612, 34.8684], [128.0669, 34.8518], [128.0728, 34.8451]]], [[[126.2464, 34.9162], [126.2376, 34.9131], [126.2254, 34.9134], [126.2204, 34.9224], [126.2224, 34.932], [126.2302, 34.9355], [126.2473, 34.9355], [126.2532, 34.9335], [126.2534, 34.9292], [126.2502, 34.9188], [126.2464, 34.9162]]], [[[126.1784, 35.0485], [126.1809, 35.044], [126.1819, 35.0389], [126.1817, 35.0291], [126.1774, 35.0259], [126.1724, 35.0236], [126.167, 35.0253], [126.1581, 35.0334], [126.154, 35.0357], [126.1486, 35.0335], [126.1438, 35.0339], [126.1423, 35.0383], [126.1385, 35.0399], [126.1336, 35.0397], [126.1322, 35.0419], [126.1394, 35.0465], [126.1366, 35.0478], [126.1321, 35.0471], [126.1278, 35.0482], [126.1296, 35.0527], [126.1374, 35.0569], [126.1438, 35.0577], [126.1525, 35.0544], [126.1653, 35.0552], [126.1742, 35.0532], [126.1784, 35.0485]]], [[[128.8428, 35.0219], [128.8384, 35.0012], [128.8318, 34.9938], [128.8267, 34.9924], [128.8242, 34.9967], [128.8193, 35.0142], [128.8118, 35.0207], [128.8091, 35.0259], [128.8103, 35.0329], [128.8069, 35.0412], [128.8016, 35.0491], [128.8044, 35.0563], [128.815, 35.0613], [128.8264, 35.0622], [128.8364, 35.0598], [128.8433, 35.0472], [128.8428, 35.0219]]], [[[126.2581, 35.5706], [126.2537, 35.5744], [126.2505, 35.581], [126.2525, 35.5873], [126.263, 35.5918], [126.2615, 35.5934], [126.2565, 35.596], [126.259, 35.5984], [126.2645, 35.6009], [126.2682, 35.6052], [126.2743, 35.606], [126.2778, 35.6074], [126.2761, 35.6129], [126.2804, 35.6127], [126.2918, 35.611], [126.2993, 35.616], [126.303, 35.6193], [126.3073, 35.6166], [126.3094, 35.6107], [126.3057, 35.6032], [126.2873, 35.5903], [126.2749, 35.579], [126.2671, 35.5741], [126.2638, 35.5717], [126.2581, 35.5706]]], [[[126.0999, 37.228], [126.0928, 37.2248], [126.0886, 37.226], [126.0887, 37.2296], [126.0918, 37.2459], [126.0974, 37.2594], [126.1047, 37.2675], [126.1128, 37.2631], [126.1198, 37.2536], [126.127, 37.2489], [126.1516, 37.2386], [126.1592, 37.2319], [126.155, 37.2257], [126.1423, 37.2154], [126.1333, 37.2123], [126.1216, 37.2109], [126.1117, 37.2145], [126.1052, 37.2236], [126.1025, 37.2287], [126.0999, 37.228]]], [[[126.4841, 37.279], [126.4944, 37.2735], [126.4983, 37.2614], [126.4939, 37.2573], [126.4832, 37.2543], [126.479, 37.2477], [126.4782, 37.2416], [126.4695, 37.2335], [126.4582, 37.2313], [126.4505, 37.2358], [126.4422, 37.2352], [126.4357, 37.2384], [126.4334, 37.251], [126.4353, 37.264], [126.4435, 37.2731], [126.4612, 37.2806], [126.4841, 37.279]]], [[[126.6139, 37.2552], [126.6164, 37.2506], [126.6188, 37.242], [126.6135, 37.2328], [126.5625, 37.2004], [126.5393, 37.1981], [126.5396, 37.2031], [126.5505, 37.2149], [126.5519, 37.2217], [126.5474, 37.2275], [126.5604, 37.2393], [126.5608, 37.2513], [126.5554, 37.2661], [126.548, 37.2763], [126.5408, 37.2829], [126.543, 37.285], [126.5594, 37.2786], [126.5735, 37.2885], [126.5767, 37.2877], [126.5737, 37.279], [126.5779, 37.2711], [126.5896, 37.2658], [126.6087, 37.2594], [126.6139, 37.2552]]], [[[125.6882, 37.6793], [125.6992, 37.6781], [125.7062, 37.6723], [125.7031, 37.6614], [125.6936, 37.654], [125.6878, 37.6518], [125.6846, 37.6573], [125.6792, 37.6697], [125.6804, 37.6783], [125.6882, 37.6793]]], [[[124.7165, 37.8469], [124.7245, 37.8437], [124.7258, 37.8374], [124.7214, 37.8284], [124.7183, 37.8182], [124.7142, 37.8096], [124.7068, 37.8063], [124.699, 37.8069], [124.6924, 37.805], [124.6873, 37.8008], [124.6846, 37.8], [124.6846, 37.8026], [124.6847, 37.8039], [124.6815, 37.8088], [124.6735, 37.817], [124.6765, 37.8249], [124.6934, 37.8355], [124.7041, 37.8444], [124.7092, 37.8476], [124.7165, 37.8469]]], [[[125.1277, 34.0486], [125.1228, 34.0512], [125.1033, 34.0661], [125.0921, 34.0718], [125.0897, 34.0795], [125.0946, 34.0901], [125.1022, 34.0959], [125.1133, 34.0928], [125.1221, 34.0838], [125.1364, 34.0593], [125.1374, 34.0513], [125.1343, 34.0469], [125.1299, 34.0476], [125.1277, 34.0486]]], [[[126.599, 34.1686], [126.6077, 34.1656], [126.616, 34.157], [126.6135, 34.1525], [126.6094, 34.1557], [126.6058, 34.1562], [126.604, 34.1522], [126.6003, 34.1535], [126.5912, 34.1576], [126.5818, 34.1574], [126.5764, 34.1531], [126.573, 34.1477], [126.5619, 34.1414], [126.5519, 34.134], [126.5369, 34.1265], [126.5178, 34.1271], [126.5071, 34.1389], [126.5064, 34.154], [126.5151, 34.1688], [126.5329, 34.1791], [126.5481, 34.1791], [126.5679, 34.1686], [126.5737, 34.168], [126.582, 34.1702], [126.5933, 34.17], [126.599, 34.1686]]], [[[126.672, 34.1533], [126.676, 34.1514], [126.6795, 34.1466], [126.6763, 34.1435], [126.6719, 34.143], [126.6704, 34.137], [126.6704, 34.1269], [126.6654, 34.1191], [126.6555, 34.1168], [126.6504, 34.1194], [126.6486, 34.124], [126.6438, 34.1272], [126.6387, 34.1281], [126.6365, 34.1415], [126.6428, 34.1646], [126.645, 34.1775], [126.6384, 34.1826], [126.6365, 34.1872], [126.6448, 34.1938], [126.6453, 34.1972], [126.6538, 34.1971], [126.6707, 34.1899], [126.6731, 34.1801], [126.6636, 34.1733], [126.6619, 34.1657], [126.672, 34.1533]]], [[[126.9094, 34.1977], [126.919, 34.1905], [126.925, 34.1849], [126.9224, 34.1723], [126.9199, 34.167], [126.9136, 34.1577], [126.9019, 34.1524], [126.887, 34.1514], [126.876, 34.1561], [126.867, 34.1628], [126.8604, 34.1622], [126.8569, 34.1572], [126.8532, 34.159], [126.8491, 34.1744], [126.8553, 34.1848], [126.8569, 34.1943], [126.8608, 34.2019], [126.8679, 34.2075], [126.8822, 34.2133], [126.8993, 34.2097], [126.9094, 34.1977]]], [[[126.6122, 34.2182], [126.6162, 34.2133], [126.617, 34.2045], [126.6101, 34.1997], [126.6066, 34.1883], [126.5921, 34.1876], [126.584, 34.1863], [126.5889, 34.1791], [126.5838, 34.1756], [126.5686, 34.179], [126.5607, 34.1851], [126.5588, 34.1892], [126.5545, 34.1904], [126.5498, 34.1912], [126.5488, 34.1946], [126.554, 34.2065], [126.5569, 34.211], [126.5573, 34.2141], [126.5553, 34.2165], [126.5562, 34.2187], [126.5598, 34.2202], [126.5622, 34.2223], [126.5615, 34.2252], [126.5564, 34.2321], [126.5597, 34.2345], [126.5676, 34.2324], [126.5754, 34.2289], [126.5962, 34.226], [126.6069, 34.2214], [126.6122, 34.2182]]], [[[126.0887, 34.3079], [126.0877, 34.2968], [126.0894, 34.2896], [126.0846, 34.2839], [126.075, 34.2829], [126.0693, 34.279], [126.065, 34.2807], [126.0608, 34.2861], [126.0574, 34.286], [126.0557, 34.281], [126.0493, 34.2802], [126.0287, 34.2873], [126.0217, 34.2956], [126.021, 34.3011], [126.0252, 34.3059], [126.0257, 34.3108], [126.0332, 34.3149], [126.0676, 34.3089], [126.082, 34.3107], [126.0887, 34.3079]]], [[[126.8539, 34.3085], [126.8496, 34.3049], [126.8406, 34.3034], [126.8357, 34.3091], [126.8337, 34.3168], [126.8283, 34.3229], [126.8206, 34.3256], [126.8103, 34.3244], [126.7983, 34.3209], [126.7887, 34.321], [126.7849, 34.3226], [126.7811, 34.3247], [126.759, 34.3327], [126.7576, 34.3361], [126.7678, 34.3372], [126.7778, 34.3397], [126.7822, 34.3418], [126.7859, 34.3432], [126.7938, 34.3422], [126.8029, 34.3387], [126.814, 34.3425], [126.8275, 34.3516], [126.8377, 34.3537], [126.8435, 34.35], [126.8508, 34.3485], [126.855, 34.3487], [126.8592, 34.3494], [126.8704, 34.3484], [126.8845, 34.3455], [126.8933, 34.3413], [126.8914, 34.3339], [126.8856, 34.3283], [126.884, 34.3249], [126.8831, 34.3179], [126.8768, 34.3122], [126.8682, 34.3136], [126.8589, 34.3122], [126.8539, 34.3085]]], [[[127.0916, 34.3449], [127.095, 34.3425], [127.0969, 34.3378], [127.0908, 34.3367], [127.0824, 34.3403], [127.0724, 34.3421], [127.0653, 34.3398], [127.0679, 34.3371], [127.074, 34.3342], [127.0667, 34.3282], [127.0491, 34.3167], [127.0388, 34.3129], [127.0379, 34.3217], [127.0428, 34.3279], [127.0492, 34.3314], [127.0456, 34.3354], [127.0237, 34.3392], [127.0266, 34.3432], [127.0243, 34.3482], [127.0176, 34.3515], [127.0008, 34.3529], [126.9943, 34.3547], [126.9915, 34.3563], [126.9938, 34.3581], [127.0012, 34.3594], [127.007, 34.3626], [127.0163, 34.3719], [127.0262, 34.3787], [127.0254, 34.3813], [127.0286, 34.3804], [127.0357, 34.3747], [127.0422, 34.3667], [127.0459, 34.3577], [127.0537, 34.3548], [127.0674, 34.3584], [127.0774, 34.3593], [127.082, 34.3559], [127.0855, 34.3514], [127.0916, 34.3449]]], [[[126.7639, 34.3092], [126.7659, 34.303], [126.7715, 34.2919], [126.7681, 34.2892], [126.7632, 34.2898], [126.7583, 34.2909], [126.7494, 34.2941], [126.7417, 34.2982], [126.7375, 34.2976], [126.7365, 34.2917], [126.7317, 34.2894], [126.7229, 34.2927], [126.7078, 34.2956], [126.689, 34.3011], [126.6888, 34.3076], [126.6981, 34.3134], [126.6956, 34.3208], [126.687, 34.3227], [126.6766, 34.3205], [126.6636, 34.3234], [126.6519, 34.3298], [126.6449, 34.3371], [126.6419, 34.348], [126.641, 34.3603], [126.6418, 34.373], [126.6458, 34.3856], [126.6537, 34.3952], [126.6644, 34.3995], [126.6702, 34.4006], [126.6878, 34.402], [126.6992, 34.3989], [126.71, 34.3929], [126.7219, 34.3813], [126.7311, 34.362], [126.7339, 34.3462], [126.7371, 34.3389], [126.7425, 34.3327], [126.7456, 34.3242], [126.7639, 34.3092]]], [[[126.7625, 34.383], [126.7576, 34.3832], [126.7532, 34.3869], [126.7568, 34.3929], [126.7615, 34.3987], [126.7684, 34.4114], [126.7825, 34.4267], [126.8023, 34.4358], [126.823, 34.4398], [126.8355, 34.4381], [126.8402, 34.4321], [126.841, 34.4255], [126.8358, 34.421], [126.8366, 34.4186], [126.8459, 34.414], [126.8535, 34.4069], [126.8602, 34.3989], [126.8611, 34.3928], [126.8538, 34.3918], [126.8333, 34.397], [126.8247, 34.3952], [126.8197, 34.3891], [126.7933, 34.3789], [126.784, 34.3686], [126.7811, 34.3579], [126.7757, 34.3547], [126.7692, 34.361], [126.7694, 34.3713], [126.7673, 34.38], [126.7625, 34.383]]], [[[128.2946, 34.6396], [128.2971, 34.6373], [128.2957, 34.632], [128.2861, 34.6222], [128.2817, 34.6199], [128.2753, 34.6191], [128.2659, 34.6208], [128.2581, 34.6199], [128.2474, 34.6155], [128.2422, 34.6115], [128.2363, 34.6105], [128.2353, 34.6142], [128.2388, 34.6206], [128.2378, 34.6258], [128.2334, 34.6294], [128.2297, 34.6301], [128.2253, 34.6328], [128.2257, 34.6378], [128.2284, 34.6424], [128.2288, 34.6479], [128.2328, 34.651], [128.2395, 34.6524], [128.2712, 34.6385], [128.2713, 34.6323], [128.2758, 34.6319], [128.2946, 34.6396]]], [[[128.3858, 34.8201], [128.3954, 34.8233], [128.4108, 34.8265], [128.4282, 34.8274], [128.438, 34.8196], [128.4406, 34.8067], [128.4353, 34.7987], [128.439, 34.7939], [128.4346, 34.7879], [128.4246, 34.7912], [128.4206, 34.7892], [128.4209, 34.7867], [128.4291, 34.7854], [128.4373, 34.7798], [128.4333, 34.7738], [128.4231, 34.7633], [128.4065, 34.7631], [128.3993, 34.7707], [128.3954, 34.7785], [128.387, 34.7788], [128.389, 34.7854], [128.3862, 34.7919], [128.3733, 34.7935], [128.3687, 34.7965], [128.3783, 34.8028], [128.3801, 34.8104], [128.3704, 34.8167], [128.3524, 34.8218], [128.341, 34.8188], [128.3342, 34.8191], [128.332, 34.8257], [128.3401, 34.833], [128.3518, 34.8354], [128.3672, 34.8303], [128.379, 34.8229], [128.3858, 34.8201]]], [[[128.2399, 34.8362], [128.2549, 34.8224], [128.2605, 34.8146], [128.2565, 34.8093], [128.2458, 34.8093], [128.2407, 34.8071], [128.2415, 34.8], [128.2385, 34.7969], [128.229, 34.7991], [128.2232, 34.8015], [128.2122, 34.8078], [128.2058, 34.8156], [128.207, 34.821], [128.2139, 34.8302], [128.2273, 34.8386], [128.2399, 34.8362]]], [[[126.3407, 34.8641], [126.3596, 34.8586], [126.3617, 34.8374], [126.3421, 34.8225], [126.3313, 34.8258], [126.3377, 34.8317], [126.3408, 34.8375], [126.3382, 34.8415], [126.3103, 34.8541], [126.3062, 34.8559], [126.2766, 34.852], [126.2635, 34.8467], [126.2487, 34.8447], [126.2368, 34.848], [126.2307, 34.8546], [126.2361, 34.8598], [126.252, 34.8607], [126.2723, 34.8668], [126.2759, 34.8705], [126.2791, 34.8733], [126.2801, 34.8775], [126.2927, 34.8807], [126.2971, 34.8869], [126.2976, 34.8942], [126.2898, 34.903], [126.2865, 34.9129], [126.2974, 34.9175], [126.3147, 34.9141], [126.3325, 34.9067], [126.3452, 34.8962], [126.3439, 34.8903], [126.3352, 34.8894], [126.32, 34.8811], [126.3181, 34.8765], [126.3187, 34.8706], [126.3201, 34.8659], [126.3265, 34.8642], [126.3407, 34.8641]]], [[[126.2342, 35.0471], [126.2361, 35.0519], [126.2293, 35.0537], [126.2036, 35.0572], [126.1979, 35.0613], [126.1891, 35.062], [126.1848, 35.0627], [126.1805, 35.0659], [126.1748, 35.0683], [126.1694, 35.0737], [126.1587, 35.0942], [126.1648, 35.1023], [126.1775, 35.1058], [126.1892, 35.1022], [126.1986, 35.0971], [126.207, 35.0995], [126.2166, 35.1037], [126.2228, 35.1011], [126.2249, 35.0967], [126.2298, 35.0969], [126.236, 35.0984], [126.2385, 35.0919], [126.2316, 35.0861], [126.2224, 35.0856], [126.2185, 35.0819], [126.2185, 35.0766], [126.2295, 35.0673], [126.2388, 35.0639], [126.2492, 35.0633], [126.2551, 35.0564], [126.2581, 35.0475], [126.2632, 35.0419], [126.265, 35.0342], [126.2611, 35.0246], [126.2572, 35.022], [126.2546, 35.0251], [126.2429, 35.0273], [126.238, 35.0324], [126.2341, 35.0383], [126.2342, 35.0471]]], [[[131.861, 37.244], [131.8625, 37.2431], [131.8617, 37.2416], [131.8601, 37.2424], [131.861, 37.244]]]]}}, {"type": "Feature", "properties": {"name": "North Korea"}, "geometry": {"type": "MultiPolygon", "coordinates": [[[[128.3649, 38.6243], [128.3084, 38.6013], [128.2811, 38.5844], [128.2748, 38.5715], [128.277, 38.5541], [128.2854, 38.5198], [128.2811, 38.4844], [128.2681, 38.4535], [128.2487, 38.4258], [128.2256, 38.3998], [128.1724, 38.356], [128.1085, 38.3235], [128.0399, 38.3043], [127.9718, 38.3], [127.8669, 38.3048], [127.8008, 38.2939], [127.787, 38.2967], [127.7747, 38.3064], [127.7619, 38.321], [127.7537, 38.3254], [127.5608, 38.3121], [127.5021, 38.2981], [127.4719, 38.2959], [127.3771, 38.3185], [127.2538, 38.31], [127.222, 38.3127], [127.1575, 38.3072], [127.0905, 38.2859], [127.0267, 38.2545], [126.9719, 38.2189], [126.9661, 38.213], [126.9537, 38.2007], [126.9401, 38.1742], [126.9198, 38.1346], [126.9033, 38.1196], [126.8648, 38.096], [126.8473, 38.082], [126.7619, 37.979], [126.7221, 37.9539], [126.6963, 37.9462], [126.6778, 37.9446], [126.6658, 37.9376], [126.6605, 37.9138], [126.6675, 37.8278], [126.667, 37.8276], [126.6558, 37.8145], [126.6516, 37.7993], [126.6421, 37.798], [126.6208, 37.7877], [126.5933, 37.7744], [126.5762, 37.7775], [126.4366, 37.8484], [126.4285, 37.8542], [126.4043, 37.8872], [126.3977, 37.8918], [126.3787, 37.8896], [126.358, 37.8843], [126.2796, 37.8513], [126.2595, 37.8454], [126.2369, 37.8433], [126.2, 37.8442], [126.1785, 37.8405], [126.1582, 37.8297], [126.1492, 37.8222], [126.1477, 37.819], [126.1497, 37.8153], [126.1528, 37.7997], [126.1597, 37.7789], [126.1654, 37.7683], [126.1643, 37.7546], [126.1612, 37.7407], [126.1582, 37.7335], [126.1104, 37.7409], [126.0969, 37.7814], [126.0869, 37.8004], [126.0721, 37.7993], [126.0628, 37.8022], [126.0586, 37.8247], [126.0558, 37.8706], [126.0261, 37.8537], [126.0128, 37.8543], [126.0073, 37.8743], [126.0007, 37.8856], [125.9859, 37.8984], [125.9698, 37.9087], [125.9595, 37.9122], [125.9441, 37.9019], [125.9505, 37.8894], [125.9646, 37.8786], [125.9725, 37.8743], [125.9745, 37.8642], [125.9837, 37.8371], [125.9862, 37.8228], [125.9779, 37.8293], [125.9671, 37.8354], [125.9559, 37.8403], [125.9459, 37.8433], [125.9334, 37.8446], [125.927, 37.844], [125.9216, 37.8449], [125.9116, 37.8508], [125.8955, 37.8648], [125.8455, 37.9265], [125.8411, 37.9363], [125.835, 37.9435], [125.8113, 37.9476], [125.8052, 37.9516], [125.8025, 37.9589], [125.8018, 37.9702], [125.804, 37.989], [125.7993, 37.9929], [125.7842, 37.9941], [125.7738, 37.9961], [125.7564, 38.0051], [125.7466, 38.0078], [125.7052, 38.0093], [125.6873, 38.0123], [125.6473, 38.0273], [125.6222, 38.0319], [125.5969, 38.0322], [125.5789, 38.0251], [125.5782, 38.009], [125.5965, 37.9923], [125.6214, 37.979], [125.6407, 37.9736], [125.6754, 37.9776], [125.6853, 37.9721], [125.6783, 37.9525], [125.6888, 37.956], [125.699, 37.9582], [125.7088, 37.9574], [125.7193, 37.9525], [125.7075, 37.9398], [125.6988, 37.9252], [125.7175, 37.9253], [125.7252, 37.9275], [125.7329, 37.9327], [125.7398, 37.9252], [125.7278, 37.9159], [125.7153, 37.9083], [125.7015, 37.9025], [125.6851, 37.8986], [125.669, 37.8992], [125.6571, 37.9058], [125.6455, 37.9155], [125.6306, 37.9252], [125.6275, 37.9022], [125.6368, 37.8786], [125.6412, 37.8564], [125.6231, 37.8371], [125.6378, 37.8253], [125.6441, 37.8228], [125.6401, 37.8134], [125.6336, 37.8096], [125.6135, 37.8091], [125.6092, 37.8063], [125.6111, 37.7998], [125.617, 37.7887], [125.6204, 37.7741], [125.6201, 37.7653], [125.6135, 37.7614], [125.6028, 37.7618], [125.593, 37.7636], [125.584, 37.7675], [125.5752, 37.7744], [125.5794, 37.7767], [125.5801, 37.7777], [125.5804, 37.7788], [125.5828, 37.7819], [125.5706, 37.7871], [125.5596, 37.7877], [125.5516, 37.7827], [125.5486, 37.7713], [125.5418, 37.7705], [125.5289, 37.7725], [125.5205, 37.7802], [125.5276, 37.7961], [125.5035, 37.7788], [125.491, 37.7541], [125.4746, 37.7312], [125.4387, 37.7198], [125.4037, 37.7191], [125.3853, 37.7164], [125.3773, 37.7101], [125.3727, 37.6935], [125.3616, 37.6801], [125.3475, 37.6756], [125.3351, 37.6863], [125.3486, 37.738], [125.3638, 37.7609], [125.3904, 37.7545], [125.4449, 37.7744], [125.4295, 37.7816], [125.3951, 37.7764], [125.3773, 37.7819], [125.3899, 37.7961], [125.411, 37.8094], [125.4349, 37.819], [125.4558, 37.8228], [125.5051, 37.8132], [125.5242, 37.8178], [125.5276, 37.8433], [125.5108, 37.8377], [125.4973, 37.8397], [125.4867, 37.8471], [125.4791, 37.8576], [125.5086, 37.8837], [125.5101, 37.8943], [125.4832, 37.8986], [125.4639, 37.9041], [125.4551, 37.9146], [125.4456, 37.9204], [125.4244, 37.9122], [125.4275, 37.9084], [125.43, 37.902], [125.4319, 37.8986], [125.4063, 37.8986], [125.3945, 37.8967], [125.3836, 37.8918], [125.4028, 37.8856], [125.428, 37.8745], [125.4463, 37.86], [125.4449, 37.8433], [125.4263, 37.856], [125.3997, 37.8655], [125.3718, 37.8691], [125.3494, 37.8644], [125.354, 37.857], [125.3604, 37.8511], [125.368, 37.8466], [125.3773, 37.8433], [125.346, 37.8226], [125.3267, 37.813], [125.3084, 37.8091], [125.3091, 37.8111], [125.3081, 37.8155], [125.3054, 37.8202], [125.301, 37.8228], [125.2395, 37.8228], [125.2517, 37.8378], [125.2949, 37.8598], [125.3084, 37.8781], [125.3006, 37.8952], [125.2571, 37.9146], [125.26, 37.9327], [125.2401, 37.9296], [125.2285, 37.9152], [125.2196, 37.8967], [125.2085, 37.8812], [125.1931, 37.8718], [125.1766, 37.8676], [125.1582, 37.8676], [125.1004, 37.8751], [125.0894, 37.8781], [125.0621, 37.8961], [125.0515, 37.8986], [125.0294, 37.9001], [125.0132, 37.906], [125.0066, 37.9184], [125.0135, 37.9395], [124.989, 37.9274], [124.9795, 37.9252], [124.9837, 37.9423], [124.9922, 37.9529], [125.0055, 37.9584], [125.0242, 37.96], [125.0366, 37.9636], [125.062, 37.9786], [125.0757, 37.9805], [125.0896, 37.9758], [125.116, 37.9627], [125.1338, 37.96], [125.1499, 37.9608], [125.1638, 37.9638], [125.1754, 37.9699], [125.1849, 37.9805], [125.1775, 37.9879], [125.1665, 37.9813], [125.1553, 37.98], [125.1443, 37.9835], [125.1233, 37.9984], [125.1185, 37.9995], [125.1153, 38.0024], [125.1097, 38.0153], [125.1067, 38.0346], [125.1162, 38.0419], [125.1576, 38.0425], [125.2017, 38.0494], [125.2132, 38.0457], [125.2173, 38.0372], [125.2196, 38.0278], [125.2252, 38.0214], [125.2463, 38.0201], [125.2532, 38.0539], [125.2737, 38.0624], [125.2649, 38.0779], [125.2483, 38.0838], [125.2085, 38.0835], [125.1904, 38.0858], [125.1559, 38.0955], [125.1406, 38.0978], [125.1245, 38.0951], [125.0757, 38.0761], [125.0274, 38.069], [125.0135, 38.0624], [124.9378, 38.0978], [124.9049, 38.1248], [124.8853, 38.1317], [124.8765, 38.114], [124.8655, 38.1071], [124.8401, 38.102], [124.7938, 38.0978], [124.6771, 38.1154], [124.6672, 38.1257], [124.6736, 38.1372], [124.6978, 38.145], [124.7451, 38.1479], [124.7651, 38.1561], [124.7733, 38.176], [124.78, 38.1786], [124.8218, 38.1859], [124.8291, 38.1938], [124.8455, 38.2184], [124.856, 38.227], [124.8792, 38.2307], [124.8953, 38.2215], [124.9209, 38.1894], [124.931, 38.1929], [124.993, 38.227], [124.9676, 38.2353], [124.915, 38.2291], [124.8866, 38.2446], [124.8723, 38.2576], [124.8701, 38.2654], [124.8696, 38.2821], [124.8797, 38.3452], [124.8839, 38.3553], [124.928, 38.4091], [124.9351, 38.4206], [124.9473, 38.4505], [124.959, 38.4609], [124.9666, 38.4634], [124.9722, 38.4621], [124.9749, 38.4551], [124.9727, 38.4404], [124.9852, 38.4514], [125.002, 38.4736], [125.0164, 38.498], [125.021, 38.5149], [125.0147, 38.525], [124.9968, 38.5359], [124.993, 38.5459], [124.9949, 38.5577], [124.9971, 38.5661], [124.9957, 38.574], [124.9809, 38.5842], [124.9839, 38.5919], [124.9977, 38.5925], [125.0177, 38.5835], [125.0292, 38.5895], [125.0376, 38.5913], [125.043, 38.5817], [125.0582, 38.5685], [125.0797, 38.584], [125.1028, 38.5935], [125.128, 38.5803], [125.1345, 38.5913], [125.134, 38.61], [125.1372, 38.6247], [125.1261, 38.6332], [125.1184, 38.6452], [125.1165, 38.6572], [125.1234, 38.6663], [125.1376, 38.6623], [125.1482, 38.6461], [125.1566, 38.6317], [125.1796, 38.6347], [125.1835, 38.6424], [125.1782, 38.6568], [125.1798, 38.67], [125.189, 38.667], [125.1935, 38.6574], [125.2035, 38.6526], [125.2204, 38.6561], [125.2357, 38.6578], [125.2596, 38.6697], [125.2673, 38.6703], [125.278, 38.6631], [125.301, 38.6568], [125.3113, 38.665], [125.3198, 38.6686], [125.3306, 38.6787], [125.346, 38.6871], [125.3691, 38.6948], [125.3972, 38.6937], [125.4067, 38.6929], [125.4297, 38.6875], [125.4419, 38.6862], [125.4444, 38.6895], [125.4461, 38.6967], [125.451, 38.704], [125.4627, 38.7073], [125.5071, 38.6862], [125.5118, 38.6767], [125.5147, 38.6579], [125.5208, 38.6527], [125.5327, 38.6541], [125.5379, 38.6636], [125.5408, 38.6743], [125.5452, 38.6794], [125.5552, 38.6767], [125.565, 38.6701], [125.5724, 38.6623], [125.5752, 38.6557], [125.5859, 38.6419], [125.6104, 38.6311], [125.638, 38.6264], [125.6578, 38.631], [125.6485, 38.6385], [125.6368, 38.654], [125.6306, 38.6589], [125.6199, 38.6614], [125.5996, 38.6623], [125.589, 38.6663], [125.5437, 38.7111], [125.5276, 38.7209], [125.5147, 38.7228], [125.491, 38.7229], [125.4791, 38.7277], [125.4729, 38.7343], [125.447, 38.7716], [125.448, 38.7762], [125.4478, 38.7772], [125.4387, 38.7756], [125.4359, 38.7713], [125.4321, 38.7631], [125.4246, 38.7559], [125.4109, 38.7551], [125.42, 38.7502], [125.4278, 38.7441], [125.4342, 38.7368], [125.4193, 38.7293], [125.3892, 38.7174], [125.3731, 38.7205], [125.363, 38.7346], [125.3562, 38.7346], [125.3504, 38.7213], [125.3411, 38.7175], [125.3145, 38.7209], [125.3128, 38.7239], [125.3103, 38.7298], [125.3064, 38.7346], [125.301, 38.7346], [125.2959, 38.7285], [125.2979, 38.7221], [125.3035, 38.7167], [125.3084, 38.7135], [125.3084, 38.7073], [125.2937, 38.7032], [125.2777, 38.7033], [125.2625, 38.7079], [125.2498, 38.7172], [125.2435, 38.7283], [125.2469, 38.7367], [125.2669, 38.7551], [125.2598, 38.7583], [125.2532, 38.7625], [125.2578, 38.7719], [125.2527, 38.7836], [125.241, 38.7931], [125.2252, 38.7961], [125.2305, 38.7719], [125.2166, 38.7397], [125.1881, 38.7386], [125.1767, 38.7512], [125.1721, 38.7632], [125.1568, 38.7693], [125.1453, 38.7771], [125.1372, 38.8035], [125.1433, 38.8204], [125.1476, 38.8371], [125.1507, 38.8746], [125.152, 38.8915], [125.1636, 38.9155], [125.173, 38.9388], [125.19, 38.9585], [125.2009, 38.9753], [125.1986, 38.9861], [125.2122, 39.0015], [125.2334, 39.0299], [125.252, 39.0496], [125.26, 39.0664], [125.2708, 39.0806], [125.2911, 39.0805], [125.316, 39.0795], [125.3351, 39.0834], [125.2841, 39.0896], [125.2867, 39.097], [125.2906, 39.1045], [125.2903, 39.1113], [125.2862, 39.117], [125.2882, 39.1235], [125.2874, 39.1318], [125.2892, 39.1391], [125.2933, 39.1435], [125.2944, 39.1474], [125.2874, 39.1523], [125.2967, 39.1615], [125.3071, 39.1654], [125.332, 39.166], [125.3435, 39.1689], [125.3401, 39.176], [125.332, 39.185], [125.3289, 39.1933], [125.3436, 39.2129], [125.3651, 39.2209], [125.389, 39.2203], [125.4109, 39.2138], [125.4049, 39.2289], [125.396, 39.2366], [125.3936, 39.2458], [125.4319, 39.3007], [125.4449, 39.3106], [125.4292, 39.3122], [125.4163, 39.3203], [125.4111, 39.3335], [125.4182, 39.351], [125.4134, 39.3544], [125.4046, 39.3647], [125.4148, 39.362], [125.419, 39.3605], [125.4244, 39.3571], [125.4456, 39.3669], [125.4542, 39.3743], [125.4592, 39.3851], [125.4385, 39.385], [125.3765, 39.3925], [125.357, 39.3987], [125.36, 39.4132], [125.3836, 39.4403], [125.3726, 39.441], [125.3618, 39.4399], [125.3517, 39.4374], [125.3425, 39.4335], [125.346, 39.4596], [125.3604, 39.4747], [125.3794, 39.4863], [125.3972, 39.5018], [125.4026, 39.5137], [125.4066, 39.5275], [125.4137, 39.5387], [125.442, 39.5476], [125.4503, 39.5579], [125.4518, 39.5713], [125.4449, 39.5844], [125.4297, 39.5754], [125.3257, 39.5332], [125.3036, 39.5273], [125.2949, 39.523], [125.286, 39.5212], [125.2771, 39.526], [125.2507, 39.5512], [125.2463, 39.5536], [125.2371, 39.5629], [125.2196, 39.5665], [125.2103, 39.5731], [125.2252, 39.5912], [125.1576, 39.5912], [125.161, 39.5852], [125.1678, 39.5698], [125.1712, 39.5639], [125.1268, 39.5639], [125.117, 39.5659], [125.1143, 39.571], [125.1135, 39.5776], [125.1097, 39.5844], [125.1038, 39.5925], [125.1017, 39.5987], [125.0975, 39.6027], [125.0855, 39.6042], [125.0701, 39.6015], [125.0603, 39.6011], [125.0477, 39.6042], [125.04, 39.6085], [125.0181, 39.624], [125.0135, 39.6287], [125.0106, 39.6353], [125.0033, 39.6369], [124.9944, 39.6369], [124.9863, 39.639], [124.9583, 39.662], [124.9473, 39.663], [124.9378, 39.6458], [124.9265, 39.653], [124.9131, 39.6562], [124.9016, 39.6621], [124.8927, 39.692], [124.8816, 39.7042], [124.8663, 39.7139], [124.8491, 39.7215], [124.8336, 39.726], [124.8113, 39.7283], [124.8031, 39.7305], [124.7992, 39.7398], [124.7707, 39.7418], [124.7604, 39.748], [124.7564, 39.7707], [124.7461, 39.7829], [124.7402, 39.7722], [124.7395, 39.7621], [124.7429, 39.753], [124.7495, 39.7451], [124.7547, 39.7337], [124.7503, 39.7224], [124.75, 39.7099], [124.7442, 39.7013], [124.7446, 39.6914], [124.7571, 39.6879], [124.753, 39.6725], [124.7405, 39.6718], [124.7298, 39.6653], [124.7342, 39.655], [124.7439, 39.6444], [124.7351, 39.6416], [124.7164, 39.6471], [124.695, 39.6375], [124.6749, 39.6221], [124.6491, 39.6121], [124.6406, 39.5946], [124.6375, 39.5905], [124.6238, 39.598], [124.6241, 39.6022], [124.6253, 39.6052], [124.6294, 39.6116], [124.6219, 39.6131], [124.6187, 39.6147], [124.6157, 39.6179], [124.6108, 39.6287], [124.6286, 39.6447], [124.6321, 39.6629], [124.6451, 39.6695], [124.6499, 39.6837], [124.647, 39.6976], [124.6399, 39.6981], [124.6314, 39.6939], [124.6238, 39.6935], [124.6199, 39.6979], [124.6134, 39.7098], [124.6095, 39.7147], [124.6004, 39.7193], [124.5916, 39.7209], [124.5848, 39.7236], [124.5823, 39.7318], [124.5833, 39.7405], [124.5879, 39.7563], [124.5891, 39.7659], [124.5847, 39.7709], [124.566, 39.7789], [124.5616, 39.7867], [124.5654, 39.8071], [124.5641, 39.8143], [124.5549, 39.8171], [124.5198, 39.8181], [124.4344, 39.8308], [124.43, 39.8293], [124.4264, 39.8265], [124.4226, 39.8242], [124.4177, 39.8245], [124.4137, 39.8278], [124.4098, 39.8359], [124.4072, 39.8376], [124.4036, 39.8415], [124.3992, 39.8598], [124.3966, 39.8655], [124.3897, 39.8679], [124.3626, 39.8717], [124.3489, 39.8928], [124.3418, 39.9], [124.3348, 39.9056], [124.328, 39.9097], [124.3215, 39.9127], [124.3321, 39.9251], [124.3457, 39.9302], [124.3594, 39.9335], [124.37, 39.94], [124.3761, 39.9541], [124.3831, 40.0027], [124.4058, 40.0278], [124.4341, 40.0246], [124.4658, 40.0153], [124.4996, 40.0225], [124.4793, 40.0307], [124.4329, 40.0328], [124.4102, 40.0362], [124.3914, 40.0483], [124.3844, 40.0649], [124.3804, 40.0827], [124.37, 40.0983], [124.3856, 40.1105], [124.5282, 40.2141], [124.5324, 40.216], [124.543, 40.2176], [124.5487, 40.2209], [124.5502, 40.2247], [124.5518, 40.2362], [124.5549, 40.2414], [124.5709, 40.2524], [124.6112, 40.2722], [124.6272, 40.2861], [124.6426, 40.2943], [124.693, 40.3028], [124.7125, 40.3103], [124.723, 40.3267], [124.7313, 40.3497], [124.7412, 40.3704], [124.7568, 40.3792], [124.7799, 40.3835], [124.8008, 40.3941], [124.8499, 40.4316], [124.8838, 40.4655], [124.8906, 40.4779], [124.8955, 40.4836], [124.9056, 40.4765], [124.9151, 40.4659], [124.9179, 40.4611], [124.9259, 40.4579], [124.9353, 40.4556], [124.9596, 40.4537], [124.9866, 40.4574], [125.0066, 40.4561], [125.0263, 40.4574], [125.0413, 40.4611], [125.0463, 40.4711], [125.0389, 40.4835], [125.0277, 40.4959], [125.0153, 40.5083], [125.0153, 40.522], [125.0251, 40.5344], [125.05, 40.5418], [125.0736, 40.548], [125.0897, 40.5555], [125.1146, 40.5641], [125.1331, 40.5729], [125.1531, 40.584], [125.1815, 40.594], [125.2164, 40.6026], [125.2424, 40.6113], [125.2561, 40.615], [125.2648, 40.6225], [125.271, 40.6325], [125.2772, 40.6436], [125.2933, 40.6486], [125.3082, 40.6498], [125.3232, 40.6449], [125.3367, 40.6411], [125.356, 40.646], [125.3636, 40.6467], [125.3725, 40.6439], [125.3846, 40.6351], [125.3909, 40.6325], [125.4133, 40.6318], [125.4171, 40.6393], [125.415, 40.6519], [125.4152, 40.6527], [125.4189, 40.6666], [125.4263, 40.6712], [125.4437, 40.6687], [125.453, 40.6734], [125.4563, 40.6797], [125.4569, 40.6937], [125.4598, 40.7013], [125.4691, 40.7129], [125.4788, 40.7188], [125.4916, 40.7209], [125.5331, 40.7218], [125.5465, 40.7259], [125.5533, 40.7371], [125.5554, 40.7588], [125.5601, 40.7783], [125.5717, 40.7849], [125.5865, 40.7819], [125.6003, 40.7727], [125.6081, 40.7642], [125.6099, 40.7613], [125.6687, 40.7622], [125.6826, 40.7689], [125.6733, 40.7841], [125.6448, 40.8106], [125.6832, 40.8479], [125.7041, 40.8592], [125.7064, 40.8605], [125.737, 40.8652], [125.7459, 40.8682], [125.7508, 40.8748], [125.7547, 40.8817], [125.7609, 40.8857], [125.7708, 40.8862], [125.7792, 40.8846], [125.822, 40.8698], [125.8317, 40.8708], [125.8727, 40.8927], [125.8852, 40.8975], [125.9015, 40.8993], [125.9123, 40.8941], [125.924, 40.8841], [125.9362, 40.8774], [125.9496, 40.8826], [125.9643, 40.8913], [125.9951, 40.8941], [126.0078, 40.8993], [126.0153, 40.9091], [126.01, 40.9139], [125.9966, 40.9149], [125.9806, 40.9136], [125.992, 40.9284], [126.0095, 40.9327], [126.0286, 40.9353], [126.0455, 40.9447], [126.0658, 40.9686], [126.072, 40.9806], [126.0693, 40.9894], [126.0756, 40.9971], [126.0837, 41.0025], [126.0934, 41.0062], [126.1041, 41.0092], [126.1013, 41.0221], [126.1115, 41.0324], [126.1264, 41.0432], [126.1382, 41.057], [126.1238, 41.0755], [126.1474, 41.0923], [126.2607, 41.1431], [126.2748, 41.1526], [126.2844, 41.1641], [126.3095, 41.2078], [126.321, 41.2189], [126.3462, 41.2377], [126.3573, 41.2494], [126.3806, 41.2908], [126.3915, 41.3034], [126.4409, 41.3484], [126.4725, 41.3665], [126.5013, 41.3661], [126.4982, 41.3618], [126.4965, 41.358], [126.4938, 41.3548], [126.4877, 41.3518], [126.4877, 41.3444], [126.5221, 41.3519], [126.5221, 41.3776], [126.5083, 41.4092], [126.5013, 41.4344], [126.5076, 41.4472], [126.5422, 41.489], [126.5588, 41.5342], [126.5773, 41.5618], [126.5809, 41.5752], [126.5773, 41.5883], [126.5665, 41.6019], [126.567, 41.6142], [126.6021, 41.6421], [126.6179, 41.6659], [126.634, 41.6686], [126.6693, 41.6671], [126.6801, 41.6719], [126.7122, 41.6942], [126.728, 41.7013], [126.7142, 41.7099], [126.6996, 41.7164], [126.6871, 41.724], [126.6795, 41.736], [126.6966, 41.7412], [126.7125, 41.7412], [126.7273, 41.7369], [126.7415, 41.7292], [126.7714, 41.7045], [126.7886, 41.6959], [126.7963, 41.7049], [126.8089, 41.7298], [126.8648, 41.7473], [126.8775, 41.7736], [126.8871, 41.7849], [126.9085, 41.7962], [126.9298, 41.801], [126.9396, 41.7937], [126.9407, 41.7718], [126.9461, 41.7662], [126.9586, 41.7668], [126.9812, 41.7633], [126.9996, 41.752], [127.0332, 41.7316], [127.0427, 41.7326], [127.0468, 41.7192], [127.0683, 41.6936], [127.0766, 41.6808], [127.0596, 41.6822], [127.049, 41.6777], [127.0455, 41.668], [127.0494, 41.6534], [127.059, 41.6433], [127.074, 41.6357], [127.1047, 41.6262], [127.1019, 41.6223], [127.0972, 41.6124], [127.114, 41.6104], [127.1661, 41.595], [127.1797, 41.5852], [127.1578, 41.5786], [127.1365, 41.5692], [127.118, 41.5558], [127.1047, 41.5374], [127.112, 41.5366], [127.1209, 41.5348], [127.1282, 41.5316], [127.1346, 41.522], [127.1424, 41.5239], [127.1559, 41.5305], [127.1651, 41.5285], [127.1704, 41.5239], [127.1743, 41.5193], [127.1797, 41.517], [127.1873, 41.5215], [127.2003, 41.5421], [127.2071, 41.5459], [127.222, 41.5408], [127.2445, 41.528], [127.2583, 41.5255], [127.2675, 41.5273], [127.2747, 41.5304], [127.2815, 41.5311], [127.289, 41.5255], [127.2898, 41.5186], [127.2836, 41.5122], [127.2752, 41.5073], [127.2691, 41.505], [127.2864, 41.499], [127.3051, 41.4947], [127.3442, 41.4913], [127.3537, 41.4927], [127.3711, 41.4981], [127.379, 41.4988], [127.3885, 41.496], [127.3959, 41.4914], [127.4013, 41.4868], [127.4051, 41.4845], [127.4273, 41.4831], [127.4431, 41.488], [127.4571, 41.4947], [127.4741, 41.4988], [127.491, 41.4954], [127.5085, 41.4882], [127.5258, 41.4843], [127.5429, 41.4913], [127.5448, 41.4689], [127.5588, 41.4582], [127.5975, 41.4503], [127.6307, 41.4329], [127.6383, 41.4299], [127.6471, 41.433], [127.6581, 41.4466], [127.6627, 41.447], [127.6903, 41.439], [127.7846, 41.4369], [127.8104, 41.4436], [127.8289, 41.434], [127.8489, 41.4313], [127.8651, 41.4374], [127.8719, 41.4537], [127.8815, 41.4609], [127.9036, 41.4663], [127.9442, 41.4709], [127.9742, 41.4503], [127.9845, 41.454], [127.9927, 41.4611], [128.0014, 41.4709], [128.0124, 41.4601], [128.0131, 41.4423], [128.0115, 41.4243], [128.0152, 41.4133], [128.0238, 41.4115], [128.0337, 41.4138], [128.0506, 41.4207], [128.0469, 41.3988], [128.0642, 41.3884], [128.0881, 41.3889], [128.1039, 41.3996], [128.1182, 41.3934], [128.1039, 41.3791], [128.1461, 41.3763], [128.1857, 41.4045], [128.2876, 41.5447], [128.303, 41.5834], [128.2833, 41.6051], [128.2814, 41.623], [128.269, 41.6434], [128.2509, 41.6601], [128.2241, 41.6694], [128.186, 41.6929], [128.1591, 41.7118], [128.1549, 41.7338], [128.1442, 41.7547], [128.097, 41.8226], [128.091, 41.8417], [128.0576, 41.8499], [128.0478, 41.864], [128.04, 41.8796], [128.0204, 41.9651], [128.0215, 41.9798], [128.0346, 41.9937], [128.0546, 41.9983], [128.1005, 41.9991], [128.262, 42.0329], [128.3638, 42.0265], [128.3871, 42.0207], [128.4076, 42.0083], [128.454, 42.0103], [128.4883, 41.9975], [128.5024, 41.9961], [128.5437, 42.0081], [128.5533, 42.0066], [128.5644, 42.0008], [128.5737, 42.0043], [128.5877, 42.02], [128.5976, 42.0271], [128.6079, 42.0302], [128.6825, 42.0257], [128.7093, 42.0302], [128.721, 42.0476], [128.8171, 42.0439], [128.8832, 42.0304], [128.9035, 42.0263], [128.9401, 42.0354], [128.9548, 42.0752], [128.9638, 42.0885], [128.985, 42.0929], [129.0089, 42.0951], [129.0266, 42.1019], [129.0533, 42.1229], [129.0635, 42.1361], [129.0647, 42.1538], [129.0885, 42.1432], [129.1055, 42.1421], [129.1198, 42.1494], [129.148, 42.1737], [129.1777, 42.1934], [129.1964, 42.2092], [129.2042, 42.2143], [129.2112, 42.22], [129.2143, 42.2257], [129.2093, 42.2347], [129.1869, 42.236], [129.1808, 42.2431], [129.1834, 42.2546], [129.1921, 42.2599], [129.2029, 42.2627], [129.2112, 42.267], [129.2148, 42.2756], [129.2142, 42.2837], [129.2161, 42.2911], [129.228, 42.2977], [129.2207, 42.3037], [129.2124, 42.3078], [129.2037, 42.3102], [129.1939, 42.3108], [129.1939, 42.3182], [129.2261, 42.3181], [129.2363, 42.3239], [129.2423, 42.3387], [129.2403, 42.344], [129.2342, 42.3466], [129.2286, 42.3502], [129.228, 42.3592], [129.2311, 42.3676], [129.2361, 42.3744], [129.2431, 42.3787], [129.2966, 42.3872], [129.3038, 42.3896], [129.3071, 42.4076], [129.3154, 42.4223], [129.3265, 42.4268], [129.3379, 42.4144], [129.3521, 42.4206], [129.3438, 42.4292], [129.3386, 42.4384], [129.3401, 42.4455], [129.3521, 42.448], [129.3631, 42.445], [129.3721, 42.4326], [129.3862, 42.4281], [129.3954, 42.4302], [129.4062, 42.436], [129.4188, 42.4411], [129.4341, 42.4411], [129.4825, 42.4107], [129.4889, 42.4026], [129.5171, 42.391], [129.5234, 42.3834], [129.5268, 42.3731], [129.5352, 42.3696], [129.5453, 42.3713], [129.5542, 42.3769], [129.5595, 42.387], [129.5603, 42.3968], [129.5632, 42.4041], [129.5877, 42.4114], [129.5945, 42.4222], [129.5956, 42.4356], [129.5917, 42.448], [129.6335, 42.4454], [129.6712, 42.4379], [129.7033, 42.4424], [129.7289, 42.4759], [129.7336, 42.5118], [129.7314, 42.5509], [129.7365, 42.5852], [129.7631, 42.6062], [129.7631, 42.6124], [129.7462, 42.6155], [129.7416, 42.629], [129.7511, 42.6429], [129.7767, 42.6472], [129.7723, 42.6617], [129.7794, 42.6704], [129.7876, 42.6769], [129.7865, 42.6847], [129.7745, 42.6933], [129.7644, 42.6969], [129.7576, 42.7036], [129.7556, 42.7223], [129.7573, 42.7347], [129.7613, 42.746], [129.7735, 42.767], [129.7895, 42.7925], [129.795, 42.8065], [129.799, 42.8367], [129.8342, 42.9075], [129.8415, 42.9178], [129.8467, 42.9282], [129.8476, 42.9513], [129.8517, 42.9619], [129.8631, 42.969], [129.8933, 42.9715], [129.907, 42.9761], [129.8977, 42.9787], [129.8901, 42.9828], [129.8841, 42.9885], [129.8798, 42.996], [129.8907, 42.9994], [129.9092, 43.0084], [129.9207, 43.0103], [129.9341, 43.0084], [129.9416, 43.0036], [129.9717, 42.9737], [129.9813, 42.9667], [129.9957, 42.9619], [130.0082, 42.9606], [130.0473, 42.9619], [130.0943, 42.9769], [130.1215, 42.9818], [130.1336, 42.9727], [130.1305, 42.9595], [130.1225, 42.9433], [130.1116, 42.9291], [130.0988, 42.9215], [130.1404, 42.9071], [130.1938, 42.9082], [130.239, 42.9022], [130.2565, 42.8669], [130.2422, 42.782], [130.243, 42.7434], [130.2627, 42.7086], [130.3171, 42.6674], [130.3248, 42.6503], [130.393, 42.6062], [130.404, 42.6041], [130.4127, 42.6046], [130.4205, 42.6043], [130.4277, 42.5994], [130.43, 42.5915], [130.4264, 42.5721], [130.4312, 42.5615], [130.4525, 42.5493], [130.4679, 42.5549], [130.471, 42.5698], [130.4551, 42.5852], [130.4678, 42.6004], [130.4842, 42.61], [130.5014, 42.6108], [130.5165, 42.5994], [130.5195, 42.5886], [130.5252, 42.5492], [130.5308, 42.5305], [130.5427, 42.5105], [130.5445, 42.5063], [130.5461, 42.4953], [130.5499, 42.4904], [130.5547, 42.4876], [130.5588, 42.4827], [130.5756, 42.4457], [130.5874, 42.432], [130.6059, 42.4206], [130.6285, 42.4148], [130.6458, 42.4009], [130.6567, 42.3833], [130.6606, 42.3592], [130.6603, 42.3339], [130.6628, 42.3206], [130.6729, 42.3111], [130.7, 42.2951], [130.6956, 42.289], [130.6671, 42.2831], [130.6316, 42.2744], [130.6166, 42.2723], [130.6038, 42.2633], [130.5975, 42.2628], [130.5985, 42.281], [130.5977, 42.2919], [130.595, 42.2982], [130.582, 42.3079], [130.5694, 42.3153], [130.5405, 42.3184], [130.5191, 42.3276], [130.5102, 42.3358], [130.4807, 42.3398], [130.4657, 42.3348], [130.4694, 42.3221], [130.4565, 42.3118], [130.4401, 42.3091], [130.4318, 42.3181], [130.4192, 42.3244], [130.4075, 42.3246], [130.407, 42.3157], [130.4059, 42.3071], [130.394, 42.3], [130.3842, 42.2912], [130.3863, 42.2777], [130.3862, 42.2707], [130.3911, 42.2641], [130.3993, 42.2632], [130.4059, 42.2608], [130.406, 42.2496], [130.4009, 42.2425], [130.3933, 42.2441], [130.3782, 42.2579], [130.368, 42.2557], [130.3607, 42.2437], [130.3698, 42.232], [130.3588, 42.2293], [130.3515, 42.2161], [130.3351, 42.214], [130.3306, 42.1915], [130.3188, 42.1847], [130.307, 42.1832], [130.3082, 42.1976], [130.3156, 42.2189], [130.3074, 42.2363], [130.2942, 42.237], [130.2514, 42.2053], [130.229, 42.1825], [130.2149, 42.1746], [130.2023, 42.1736], [130.2043, 42.1596], [130.1993, 42.1013], [130.1939, 42.101], [130.1853, 42.1039], [130.1739, 42.0988], [130.1602, 42.0851], [130.1636, 42.0835], [130.1666, 42.0771], [130.1594, 42.0728], [130.1501, 42.0741], [130.1332, 42.0847], [130.1201, 42.0901], [130.0928, 42.0898], [130.073, 42.0785], [130.068, 42.0594], [130.067, 42.0519], [130.0522, 42.0504], [130.0497, 42.0423], [130.0449, 42.036], [130.0365, 42.0116], [130.0339, 41.9955], [130.0268, 41.9927], [130.0149, 42.0144], [130.0029, 42.0109], [130.0013, 41.9905], [129.9822, 41.9827], [129.989, 41.9782], [129.9942, 41.973], [130.0027, 41.9622], [129.9929, 41.9598], [129.9856, 41.9553], [129.9749, 41.9416], [129.9783, 41.9438], [129.9757, 41.934], [129.971, 41.9221], [129.9686, 41.9175], [129.9647, 41.8987], [129.9544, 41.892], [129.9468, 41.8949], [129.9374, 41.9039], [129.9136, 41.9112], [129.8967, 41.9043], [129.8904, 41.883], [129.8834, 41.8574], [129.8845, 41.8242], [129.8697, 41.7915], [129.8552, 41.7818], [129.8525, 41.7649], [129.8428, 41.7588], [129.8265, 41.7784], [129.8133, 41.7777], [129.7748, 41.7594], [129.7628, 41.731], [129.7498, 41.6963], [129.7414, 41.684], [129.715, 41.6753], [129.6908, 41.6497], [129.6832, 41.6177], [129.6694, 41.576], [129.6488, 41.5494], [129.6607, 41.5259], [129.6577, 41.5092], [129.6527, 41.4941], [129.6594, 41.4646], [129.6817, 41.4431], [129.7017, 41.4287], [129.7146, 41.4196], [129.7361, 41.4213], [129.7442, 41.407], [129.7582, 41.3926], [129.7693, 41.3862], [129.7756, 41.3855], [129.7911, 41.3878], [129.7966, 41.3862], [129.8062, 41.376], [129.8052, 41.3728], [129.7999, 41.3686], [129.7966, 41.3555], [129.7947, 41.3523], [129.7869, 41.3301], [129.7861, 41.3248], [129.7704, 41.3151], [129.7591, 41.2929], [129.7196, 41.1669], [129.7119, 41.1226], [129.7283, 41.0851], [129.722, 41.0718], [129.7198, 41.0562], [129.7208, 41.0237], [129.7283, 40.9787], [129.7325, 40.9689], [129.7508, 40.9517], [129.7649, 40.9444], [129.7556, 40.939], [129.7492, 40.917], [129.753, 40.9099], [129.7343, 40.8911], [129.7373, 40.8715], [129.7252, 40.8478], [129.7166, 40.8346], [129.7061, 40.8357], [129.6984, 40.8456], [129.6846, 40.8418], [129.6629, 40.8388], [129.6439, 40.8416], [129.6262, 40.8383], [129.6098, 40.8409], [129.598, 40.8385], [129.5718, 40.8397], [129.5539, 40.8289], [129.5511, 40.8101], [129.532, 40.8073], [129.5181, 40.7955], [129.5062, 40.7921], [129.4765, 40.7939], [129.427, 40.7813], [129.3892, 40.7608], [129.3517, 40.7453], [129.3398, 40.7344], [129.3278, 40.7181], [129.3112, 40.6875], [129.3032, 40.6737], [129.2962, 40.6763], [129.2866, 40.6836], [129.2779, 40.698], [129.2701, 40.708], [129.2532, 40.7091], [129.2335, 40.7057], [129.2177, 40.6964], [129.2124, 40.686], [129.2064, 40.6755], [129.2064, 40.6701], [129.207, 40.6636], [129.2017, 40.6562], [129.2004, 40.6508], [129.1978, 40.638], [129.1934, 40.6326], [129.1905, 40.6225], [129.187, 40.6165], [129.1792, 40.6096], [129.1746, 40.6037], [129.1737, 40.5935], [129.1726, 40.5689], [129.1612, 40.5655], [129.1553, 40.5566], [129.1509, 40.5459], [129.1151, 40.5112], [129.0776, 40.4726], [129.0301, 40.474], [128.9758, 40.4599], [128.8998, 40.3982], [128.8605, 40.3718], [128.8305, 40.3674], [128.8136, 40.355], [128.781, 40.347], [128.764, 40.3465], [128.752, 40.3351], [128.7216, 40.3389], [128.6878, 40.3312], [128.6697, 40.3108], [128.6567, 40.3108], [128.6553, 40.3202], [128.6365, 40.3132], [128.6189, 40.2973], [128.6164, 40.2714], [128.6288, 40.266], [128.6567, 40.2571], [128.6606, 40.2477], [128.6678, 40.2403], [128.6626, 40.2254], [128.6646, 40.2012], [128.6509, 40.1971], [128.6418, 40.1907], [128.6347, 40.1842], [128.6289, 40.1803], [128.6217, 40.1808], [128.6081, 40.1857], [128.5886, 40.1867], [128.5776, 40.1802], [128.5432, 40.1668], [128.5361, 40.1514], [128.5277, 40.1434], [128.5102, 40.1355], [128.4798, 40.1347], [128.4663, 40.1244], [128.4486, 40.1095], [128.4349, 40.104], [128.4114, 40.0964], [128.3918, 40.0996], [128.3648, 40.0969], [128.3378, 40.067], [128.3278, 40.0282], [128.3021, 40.0334], [128.2801, 40.0655], [128.2634, 40.0771], [128.2363, 40.0679], [128.2278, 40.0562], [128.2344, 40.0294], [128.2251, 40.0276], [128.2032, 40.0296], [128.1934, 40.0294], [128.1824, 40.0261], [128.1643, 40.018], [128.1551, 40.0163], [128.1468, 40.0183], [128.1436, 40.0229], [128.1394, 40.0273], [128.0068, 40.0452], [128.0023, 40.0405], [128.001, 40.0259], [127.9978, 40.0204], [127.9898, 40.0148], [127.9798, 40.0106], [127.9706, 40.0089], [127.9637, 40.0041], [127.9473, 39.9816], [127.94, 39.9748], [127.9303, 39.9719], [127.9067, 39.9839], [127.891, 39.9612], [127.8913, 39.9438], [127.884, 39.9021], [127.8746, 39.8928], [127.7818, 39.8854], [127.7964, 39.8756], [127.794, 39.8657], [127.7624, 39.8535], [127.7274, 39.8572], [127.6958, 39.8482], [127.6796, 39.8164], [127.6633, 39.8068], [127.6487, 39.8209], [127.6237, 39.8309], [127.6072, 39.8102], [127.593, 39.8062], [127.576, 39.7963], [127.5619, 39.784], [127.5494, 39.7611], [127.5208, 39.747], [127.5144, 39.7386], [127.5125, 39.7311], [127.5038, 39.7155], [127.5013, 39.7072], [127.5017, 39.6985], [127.5064, 39.6838], [127.5086, 39.6601], [127.5122, 39.6495], [127.5186, 39.6448], [127.5281, 39.6458], [127.5527, 39.6368], [127.5703, 39.6179], [127.5746, 39.595], [127.5368, 39.552], [127.5204, 39.5105], [127.5354, 39.4438], [127.563, 39.3437], [127.5621, 39.3162], [127.5545, 39.306], [127.5435, 39.3019], [127.5318, 39.3051], [127.5218, 39.3162], [127.5206, 39.3294], [127.5269, 39.3442], [127.5422, 39.3715], [127.5076, 39.4092], [127.504, 39.4228], [127.4951, 39.4334], [127.4829, 39.437], [127.47, 39.4298], [127.4404, 39.4079], [127.4381, 39.4052], [127.431, 39.3973], [127.4255, 39.3925], [127.3784, 39.3789], [127.3784, 39.3715], [127.3899, 39.367], [127.4141, 39.3618], [127.4255, 39.3571], [127.4378, 39.3642], [127.4539, 39.368], [127.4675, 39.3638], [127.4734, 39.3476], [127.4668, 39.3402], [127.4354, 39.3348], [127.4255, 39.3305], [127.4203, 39.3364], [127.4146, 39.3406], [127.4083, 39.3432], [127.4014, 39.3441], [127.3919, 39.3419], [127.3927, 39.3364], [127.397, 39.3297], [127.3983, 39.3237], [127.3867, 39.2972], [127.3784, 39.269], [127.372, 39.2404], [127.3829, 39.222], [127.3934, 39.2017], [127.4085, 39.1933], [127.4202, 39.1892], [127.4413, 39.1708], [127.4522, 39.166], [127.4719, 39.1683], [127.4761, 39.1771], [127.4736, 39.1872], [127.4734, 39.1933], [127.4913, 39.1949], [127.5117, 39.1564], [127.5317, 39.1461], [127.6069, 39.152], [127.6317, 39.1461], [127.6431, 39.1386], [127.6517, 39.1293], [127.6614, 39.1215], [127.6756, 39.1181], [127.7442, 39.1186], [127.7593, 39.117], [127.7696, 39.1092], [127.7926, 39.0775], [127.8237, 39.043], [127.8303, 39.0329], [127.8365, 39.0185], [127.8516, 39.0014], [127.8855, 38.9742], [127.8887, 38.9614], [127.8929, 38.9575], [127.9022, 38.9639], [127.9087, 38.9672], [127.9143, 38.9642], [127.9182, 38.9577], [127.9215, 38.9423], [127.9263, 38.9345], [127.9338, 38.9287], [127.9436, 38.9264], [127.9618, 38.9179], [127.9955, 38.8753], [128.0147, 38.8581], [128.0912, 38.8437], [128.2102, 38.7277], [128.2251, 38.7323], [128.2704, 38.7517], [128.2828, 38.7551], [128.3132, 38.7172], [128.3211, 38.7114], [128.3381, 38.7036], [128.3477, 38.6967], [128.3596, 38.6787], [128.36, 38.6754], [128.3613, 38.6607], [128.3604, 38.6428], [128.3646, 38.6247], [128.3649, 38.6243]]], [[[124.9267, 39.6048], [124.9222, 39.5983], [124.9097, 39.5936], [124.9203, 39.5723], [124.9336, 39.5505], [124.9121, 39.5408], [124.8832, 39.5275], [124.8617, 39.5076], [124.8427, 39.5052], [124.8186, 39.4954], [124.8369, 39.5209], [124.8498, 39.5165], [124.857, 39.5279], [124.8428, 39.5384], [124.845, 39.5432], [124.8566, 39.5442], [124.8571, 39.5483], [124.8597, 39.5531], [124.8544, 39.5566], [124.8545, 39.5738], [124.8705, 39.5809], [124.8697, 39.5957], [124.8818, 39.6039], [124.8805, 39.6125], [124.8992, 39.6141], [124.9267, 39.6048]]], [[[124.8835, 38.5286], [124.9004, 38.5053], [124.904, 38.4944], [124.8611, 38.5039], [124.8408, 38.5107], [124.822, 38.5224], [124.7995, 38.5085], [124.7903, 38.5174], [124.7944, 38.5339], [124.8322, 38.553], [124.8442, 38.5552], [124.8494, 38.5459], [124.8657, 38.5415], [124.8772, 38.5363], [124.8835, 38.5286]]], [[[125.3288, 37.7667], [125.3377, 37.7687], [125.3128, 37.7414], [125.2957, 37.7276], [125.2694, 37.7141], [125.261, 37.7074], [125.2468, 37.6999], [125.2263, 37.6964], [125.2206, 37.7038], [125.2502, 37.7317], [125.2643, 37.7372], [125.2746, 37.7338], [125.2771, 37.7405], [125.2795, 37.7494], [125.2848, 37.7495], [125.2874, 37.7507], [125.2887, 37.7536], [125.2927, 37.7554], [125.2993, 37.7562], [125.3288, 37.7667]]], [[[125.1477, 37.7856], [125.1428, 37.7941], [125.1414, 37.7995], [125.1465, 37.8022], [125.1662, 37.8137], [125.1838, 37.8188], [125.1885, 37.8191], [125.1914, 37.8155], [125.1929, 37.8111], [125.1903, 37.809], [125.1851, 37.8082], [125.1717, 37.7972], [125.1563, 37.7867], [125.1477, 37.7856]]], [[[125.0304, 37.8362], [125.0408, 37.8345], [125.0446, 37.8246], [125.0418, 37.8173], [125.0396, 37.8176], [125.0364, 37.8175], [125.0256, 37.8083], [125.0159, 37.8056], [125.0051, 37.8056], [124.9977, 37.8084], [124.9978, 37.8131], [125.0026, 37.8154], [125.0068, 37.8193], [125.012, 37.8218], [125.0191, 37.8203], [125.0254, 37.8179], [125.0285, 37.8188], [125.0295, 37.823], [125.0301, 37.8251], [125.0278, 37.83], [125.0304, 37.8362]]], [[[124.6877, 39.5272], [124.6936, 39.5351], [124.7047, 39.5371], [124.7078, 39.5304], [124.7077, 39.5193], [124.7048, 39.5087], [124.6978, 39.5026], [124.6846, 39.5032], [124.6801, 39.5077], [124.6838, 39.5161], [124.682, 39.5212], [124.6877, 39.5272]]], [[[124.687, 39.5447], [124.6755, 39.5385], [124.6616, 39.5384], [124.6448, 39.5477], [124.6035, 39.5385], [124.6004, 39.5362], [124.5959, 39.5379], [124.5974, 39.5446], [124.6047, 39.5493], [124.6143, 39.5534], [124.6309, 39.5651], [124.635, 39.564], [124.6488, 39.5653], [124.6738, 39.5706], [124.6913, 39.5696], [124.6981, 39.5629], [124.6956, 39.5538], [124.687, 39.5447]]], [[[124.596, 39.4302], [124.5931, 39.439], [124.5929, 39.4468], [124.6017, 39.4493], [124.6126, 39.4571], [124.6144, 39.4492], [124.6151, 39.4475], [124.6178, 39.4443], [124.6191, 39.433], [124.6066, 39.428], [124.6021, 39.4274], [124.596, 39.4302]]], [[[124.2147, 39.8072], [124.2193, 39.8109], [124.2176, 39.8149], [124.2203, 39.8153], [124.2231, 39.8168], [124.221, 39.819], [124.2234, 39.82], [124.2271, 39.8213], [124.23, 39.8212], [124.2319, 39.8192], [124.2344, 39.8176], [124.2359, 39.8135], [124.2399, 39.8126], [124.2396, 39.8098], [124.2396, 39.8077], [124.2428, 39.8073], [124.2428, 39.8046], [124.2416, 39.8019], [124.2378, 39.801], [124.2353, 39.7984], [124.2304, 39.7983], [124.2274, 39.7946], [124.226, 39.7914], [124.2232, 39.7916], [124.2212, 39.7938], [124.2161, 39.7947], [124.2117, 39.7952], [124.2115, 39.7956], [124.2113, 39.7995], [124.2126, 39.804], [124.2147, 39.8072]]]]}}, {"type": "Feature", "properties": {"name": "Russia"}, "geometry": {"type": "MultiPolygon", "coordinates": [[[[135.5393, 44.0], [135.533, 43.9872], [135.5342, 43.9678], [135.533, 43.9626], [135.5299, 43.9598], [135.5252, 43.9578], [135.5188, 43.9565], [135.512, 43.9217], [135.5054, 43.9317], [135.4932, 43.9439], [135.4783, 43.952], [135.4636, 43.9497], [135.4588, 43.9382], [135.4664, 43.9255], [135.4727, 43.9111], [135.4636, 43.8944], [135.4793, 43.894], [135.4846, 43.8944], [135.4846, 43.8875], [135.4808, 43.878], [135.49, 43.8786], [135.5188, 43.8875], [135.5188, 43.8808], [135.4879, 43.8327], [135.4744, 43.8255], [135.4725, 43.8181], [135.4293, 43.7783], [135.4295, 43.7713], [135.4258, 43.7632], [135.4177, 43.759], [135.3901, 43.7548], [135.3814, 43.7475], [135.3751, 43.7383], [135.3679, 43.7299], [135.3592, 43.7223], [135.355, 43.7195], [135.3396, 43.7154], [135.3311, 43.7165], [135.3233, 43.7165], [135.3164, 43.7128], [135.3092, 43.7068], [135.2854, 43.6919], [135.2754, 43.689], [135.2598, 43.6938], [135.2564, 43.7045], [135.2581, 43.7163], [135.2581, 43.7237], [135.2494, 43.7294], [135.2356, 43.7341], [135.2232, 43.7326], [135.2176, 43.72], [135.2102, 43.7137], [135.1822, 43.7106], [135.1836, 43.7032], [135.1961, 43.6965], [135.2088, 43.6955], [135.221, 43.693], [135.2307, 43.6821], [135.2268, 43.6822], [135.2249, 43.6684], [135.2239, 43.6446], [135.2196, 43.635], [135.2102, 43.6304], [135.2008, 43.6278], [135.1965, 43.6241], [135.1761, 43.5933], [135.1721, 43.5836], [135.1672, 43.5666], [135.1624, 43.5586], [135.1539, 43.5513], [135.1449, 43.5461], [135.1379, 43.5395], [135.1353, 43.5279], [135.1362, 43.525], [135.1387, 43.5231], [135.1409, 43.5202], [135.1421, 43.5142], [135.1399, 43.5084], [135.1353, 43.5056], [135.1306, 43.5037], [135.1284, 43.5006], [135.1153, 43.5007], [135.0562, 43.4881], [134.9747, 43.4595], [134.9639, 43.4525], [134.9564, 43.4363], [134.9383, 43.427], [134.8955, 43.4152], [134.8735, 43.405], [134.8357, 43.3797], [134.7703, 43.3153], [134.751, 43.3054], [134.728, 43.3126], [134.7029, 43.3042], [134.6802, 43.2888], [134.6653, 43.2743], [134.656, 43.2672], [134.6336, 43.2615], [134.6212, 43.257], [134.6131, 43.2511], [134.5973, 43.236], [134.5872, 43.229], [134.5601, 43.2348], [134.5304, 43.2204], [134.4773, 43.1818], [134.4304, 43.1579], [134.4094, 43.1522], [134.3758, 43.1385], [134.3574, 43.1256], [134.3479, 43.1216], [134.3379, 43.1204], [134.3214, 43.1274], [134.3145, 43.1235], [134.3059, 43.1136], [134.2552, 43.0955], [134.2407, 43.0925], [134.2239, 43.0908], [134.2079, 43.0863], [134.1937, 43.0798], [134.1824, 43.072], [134.1783, 43.0666], [134.176, 43.0549], [134.1719, 43.048], [134.1654, 43.0443], [134.148, 43.0402], [134.1409, 43.0373], [134.1296, 43.0246], [134.1204, 43.009], [134.1085, 42.9957], [134.0698, 42.9851], [134.0496, 42.9733], [133.9268, 42.8827], [133.9107, 42.8798], [133.8963, 42.8849], [133.8713, 42.8993], [133.8645, 42.9012], [133.8504, 42.9007], [133.8396, 42.8976], [133.8185, 42.8839], [133.7943, 42.8767], [133.73, 42.8454], [133.724, 42.8252], [133.7173, 42.8166], [133.7063, 42.8225], [133.6777, 42.8488], [133.6716, 42.8529], [133.6429, 42.8538], [133.6336, 42.8529], [133.6141, 42.8464], [133.605, 42.8463], [133.5934, 42.8529], [133.5894, 42.8425], [133.585, 42.8356], [133.5792, 42.8308], [133.5723, 42.8262], [133.5518, 42.8188], [133.5455, 42.8197], [133.5244, 42.8262], [133.512, 42.8217], [133.5077, 42.817], [133.5051, 42.8114], [133.4978, 42.8044], [133.488, 42.8], [133.468, 42.7932], [133.4443, 42.7791], [133.4202, 42.7714], [133.3775, 42.7635], [133.3184, 42.7658], [133.2986, 42.7635], [133.2374, 42.744], [133.2229, 42.7362], [133.1937, 42.7068], [133.1777, 42.6938], [133.1577, 42.6884], [133.062, 42.6884], [133.0377, 42.6914], [133.0244, 42.6994], [133.0134, 42.7104], [132.9963, 42.7226], [133.0086, 42.7279], [133.0269, 42.7397], [133.0384, 42.743], [133.0519, 42.7412], [133.0662, 42.7374], [133.0767, 42.7381], [133.0789, 42.7498], [133.0674, 42.7628], [133.0432, 42.7796], [132.9963, 42.8044], [133.0066, 42.8155], [133.0105, 42.8188], [132.9898, 42.827], [132.9632, 42.8261], [132.9116, 42.8188], [132.9005, 42.8156], [132.8904, 42.8085], [132.8875, 42.8015], [132.898, 42.7983], [132.9002, 42.7939], [132.8877, 42.7635], [132.8753, 42.7559], [132.865, 42.7481], [132.8523, 42.7465], [132.833, 42.7498], [132.8159, 42.7564], [132.8052, 42.7658], [132.7915, 42.7908], [132.7984, 42.8084], [132.7911, 42.8205], [132.7754, 42.8281], [132.7573, 42.8324], [132.7664, 42.8518], [132.7737, 42.8751], [132.7744, 42.8959], [132.7634, 42.9081], [132.7398, 42.9072], [132.7037, 42.8787], [132.6817, 42.8734], [132.6863, 42.8688], [132.6912, 42.8627], [132.6953, 42.8597], [132.6832, 42.8557], [132.6372, 42.8597], [132.6189, 42.8592], [132.6082, 42.8568], [132.6001, 42.8516], [132.5891, 42.8424], [132.5779, 42.8404], [132.5647, 42.8463], [132.5444, 42.8597], [132.5178, 42.866], [132.5105, 42.8714], [132.5034, 42.887], [132.5034, 42.9001], [132.5059, 42.9136], [132.5027, 42.9243], [132.4861, 42.9286], [132.4283, 42.936], [132.4133, 42.9411], [132.4044, 42.9423], [132.3971, 42.9394], [132.3953, 42.9328], [132.3956, 42.9258], [132.3941, 42.9218], [132.3663, 42.9157], [132.3543, 42.9108], [132.3458, 42.9007], [132.3502, 42.8966], [132.3553, 42.8875], [132.3601, 42.8808], [132.3552, 42.8751], [132.3535, 42.8703], [132.3552, 42.8655], [132.3601, 42.8597], [132.3484, 42.8549], [132.3257, 42.8515], [132.3184, 42.8454], [132.3115, 42.8454], [132.2893, 42.8827], [132.2877, 42.8904], [132.2945, 42.9028], [132.2957, 42.9175], [132.2911, 42.9491], [132.2996, 42.9971], [132.3013, 43.0239], [132.2911, 43.0446], [132.3032, 43.0532], [132.3049, 43.064], [132.2998, 43.0755], [132.2911, 43.0856], [132.3075, 43.0866], [132.3206, 43.0942], [132.3257, 43.1063], [132.3184, 43.1204], [132.3248, 43.123], [132.3338, 43.1302], [132.3396, 43.134], [132.3328, 43.1383], [132.3259, 43.1409], [132.3275, 43.149], [132.3276, 43.1706], [132.3291, 43.175], [132.3394, 43.1737], [132.3482, 43.1715], [132.3565, 43.171], [132.367, 43.175], [132.3817, 43.1912], [132.3761, 43.2047], [132.359, 43.2155], [132.3171, 43.2313], [132.3077, 43.2382], [132.3084, 43.247], [132.3167, 43.2519], [132.3407, 43.2615], [132.3458, 43.2672], [132.3492, 43.2792], [132.3548, 43.2825], [132.3562, 43.286], [132.3458, 43.2979], [132.315, 43.3157], [132.3054, 43.319], [132.2896, 43.3126], [132.282, 43.2785], [132.2605, 43.2706], [132.254, 43.2665], [132.2425, 43.2455], [132.2359, 43.2365], [132.2267, 43.2298], [132.1368, 43.1916], [132.1165, 43.1887], [132.096, 43.181], [132.0754, 43.163], [132.0442, 43.1273], [132.0296, 43.1165], [131.9913, 43.0959], [131.972, 43.0825], [131.9522, 43.072], [131.9299, 43.0696], [131.9072, 43.0744], [131.8865, 43.0856], [131.8963, 43.0954], [131.908, 43.1011], [131.9172, 43.1079], [131.9207, 43.1204], [131.8709, 43.0903], [131.8591, 43.0856], [131.8472, 43.0899], [131.8499, 43.1005], [131.8794, 43.1374], [131.9002, 43.1818], [131.9117, 43.1976], [131.9237, 43.2078], [131.9586, 43.2299], [131.978, 43.2355], [131.9968, 43.2387], [132.0005, 43.2445], [132.002, 43.2522], [132.0066, 43.2603], [132.0449, 43.2864], [132.0515, 43.2979], [132.052, 43.3148], [132.0444, 43.3244], [132.031, 43.3251], [132.014, 43.3156], [132.0035, 43.2995], [131.9998, 43.2841], [131.992, 43.2731], [131.9684, 43.2706], [131.9781, 43.2921], [131.9568, 43.3059], [131.8953, 43.3186], [131.8848, 43.3178], [131.8569, 43.3073], [131.846, 43.3054], [131.832, 43.3099], [131.826, 43.3179], [131.8281, 43.3264], [131.8386, 43.3327], [131.8267, 43.338], [131.8157, 43.3367], [131.8076, 43.331], [131.8045, 43.3221], [131.7993, 43.3159], [131.7742, 43.3021], [131.7643, 43.2917], [131.7564, 43.2637], [131.7568, 43.2425], [131.7505, 43.2253], [131.7227, 43.2098], [131.7227, 43.2023], [131.7417, 43.2015], [131.7583, 43.1954], [131.7639, 43.1859], [131.7498, 43.175], [131.7307, 43.1741], [131.7175, 43.1845], [131.7066, 43.1968], [131.6947, 43.2023], [131.6838, 43.1993], [131.6795, 43.1937], [131.6778, 43.1873], [131.6742, 43.1818], [131.6511, 43.1696], [131.647, 43.1688], [131.6515, 43.156], [131.6668, 43.1569], [131.6841, 43.1652], [131.6947, 43.175], [131.6834, 43.1485], [131.6649, 43.1252], [131.5868, 43.05], [131.563, 43.0383], [131.5637, 43.0238], [131.5676, 43.0076], [131.565, 42.9963], [131.5479, 42.9931], [131.533, 43.0023], [131.5177, 43.0093], [131.4995, 43.0], [131.492, 42.9843], [131.4949, 42.9706], [131.4994, 42.9571], [131.4961, 42.9423], [131.492, 42.9449], [131.4773, 42.942], [131.4551, 42.9348], [131.4382, 42.9341], [131.4299, 42.935], [131.4055, 42.9506], [131.3939, 42.945], [131.3879, 42.9301], [131.3862, 42.9143], [131.4063, 42.9101], [131.4107, 42.9009], [131.4004, 42.8734], [131.459, 42.8844], [131.4719, 42.8839], [131.4717, 42.8732], [131.4561, 42.8638], [131.4364, 42.8558], [131.409, 42.8393], [131.3789, 42.8311], [131.3657, 42.8188], [131.3604, 42.8066], [131.3596, 42.7943], [131.3636, 42.7822], [131.352, 42.7743], [131.3001, 42.7933], [131.2731, 42.7773], [131.2571, 42.7516], [131.2469, 42.7325], [131.2364, 42.7066], [131.2496, 42.6946], [131.2518, 42.6908], [131.2611, 42.6881], [131.2633, 42.685], [131.2623, 42.6811], [131.2581, 42.6752], [131.2571, 42.6713], [131.2542, 42.6682], [131.2471, 42.6673], [131.2327, 42.6679], [131.2242, 42.6606], [131.2166, 42.6442], [131.209, 42.6363], [131.2098, 42.6226], [131.2035, 42.6191], [131.2012, 42.614], [131.208, 42.6085], [131.2243, 42.6049], [131.2287, 42.5971], [131.228, 42.5917], [131.2341, 42.5889], [131.234, 42.5873], [131.2181, 42.5861], [131.2128, 42.5839], [131.2244, 42.5706], [131.2216, 42.5663], [131.2195, 42.5547], [131.2133, 42.5514], [131.2038, 42.5572], [131.1946, 42.559], [131.1853, 42.5596], [131.1796, 42.564], [131.171, 42.5729], [131.167, 42.5756], [131.167, 42.5854], [131.1712, 42.5853], [131.1792, 42.5944], [131.1807, 42.6052], [131.1585, 42.6013], [131.1436, 42.6127], [131.1269, 42.6173], [131.1274, 42.6468], [131.1203, 42.6672], [131.1057, 42.6683], [131.0929, 42.6549], [131.087, 42.6404], [131.0736, 42.6389], [131.0344, 42.6452], [130.9949, 42.6407], [130.9525, 42.6278], [130.9312, 42.6069], [130.9143, 42.6015], [130.8897, 42.5996], [130.8726, 42.6039], [130.8325, 42.6258], [130.8155, 42.6342], [130.8386, 42.643], [130.8629, 42.6408], [130.8895, 42.6386], [130.9115, 42.6168], [130.9321, 42.6184], [130.9446, 42.6312], [130.9497, 42.6531], [130.9318, 42.6575], [130.8994, 42.6546], [130.8815, 42.659], [130.8478, 42.6613], [130.8034, 42.6512], [130.787, 42.6538], [130.7959, 42.6628], [130.832, 42.6741], [130.837, 42.6916], [130.8255, 42.6993], [130.8018, 42.6968], [130.7819, 42.6903], [130.7693, 42.6816], [130.7453, 42.6811], [130.7347, 42.6917], [130.7208, 42.7], [130.6935, 42.6855], [130.6567, 42.6641], [130.6608, 42.6432], [130.6834, 42.6435], [130.7329, 42.6155], [130.7369, 42.6072], [130.7295, 42.5792], [130.7546, 42.5972], [130.763, 42.5996], [130.7742, 42.5968], [130.7781, 42.5911], [130.7796, 42.5847], [130.7835, 42.5792], [130.8421, 42.5585], [130.8518, 42.5478], [130.855, 42.5393], [130.8696, 42.5355], [130.8729, 42.5277], [130.8702, 42.518], [130.8646, 42.5173], [130.8597, 42.5211], [130.8585, 42.5246], [130.8506, 42.52], [130.8464, 42.5207], [130.843, 42.5198], [130.8381, 42.5102], [130.8384, 42.5063], [130.8438, 42.494], [130.845, 42.4863], [130.8387, 42.4724], [130.8233, 42.465], [130.8042, 42.4623], [130.7866, 42.4619], [130.7808, 42.4534], [130.763, 42.4004], [130.7527, 42.3808], [130.7432, 42.3537], [130.7348, 42.3376], [130.7036, 42.2952], [130.7, 42.2951], [130.6729, 42.3111], [130.6628, 42.3206], [130.6603, 42.3339], [130.6606, 42.3592], [130.6567, 42.3833], [130.6458, 42.4009], [130.6285, 42.4148], [130.6059, 42.4206], [130.5874, 42.432], [130.5756, 42.4457], [130.5588, 42.4827], [130.5547, 42.4876], [130.5499, 42.4904], [130.5461, 42.4953], [130.5445, 42.5063], [130.5427, 42.5105], [130.5308, 42.5305], [130.5676, 42.5528], [130.5845, 42.5689], [130.5843, 42.5989], [130.5719, 42.6218], [130.5511, 42.6456], [130.5267, 42.6658], [130.5039, 42.6778], [130.4743, 42.679], [130.4381, 42.6753], [130.4038, 42.6776], [130.3797, 42.6967], [130.4072, 42.7354], [130.491, 42.7808], [130.5865, 42.8173], [130.6491, 42.8289], [130.731, 42.8259], [130.7349, 42.8245], [130.748, 42.8375], [130.7568, 42.8533], [130.7695, 42.8658], [130.7943, 42.8691], [130.8165, 42.8641], [130.8562, 42.8498], [130.9924, 42.8487], [130.9996, 42.8588], [131.002, 42.8733], [131.0088, 42.8869], [131.0239, 42.8963], [131.0395, 42.898], [131.074, 42.8966], [131.103, 42.9104], [131.0993, 42.9354], [131.0828, 42.9652], [131.0743, 42.9934], [131.0752, 43.0196], [131.0783, 43.0318], [131.0855, 43.0421], [131.094, 43.0468], [131.1124, 43.0519], [131.1199, 43.059], [131.123, 43.0677], [131.124, 43.0754], [131.1266, 43.0824], [131.1344, 43.0893], [131.1694, 43.1078], [131.184, 43.1208], [131.1899, 43.1392], [131.1849, 43.1563], [131.175, 43.1684], [131.1672, 43.1816], [131.1691, 43.2017], [131.1786, 43.2174], [131.1931, 43.2308], [131.2255, 43.2519], [131.2377, 43.2658], [131.242, 43.2838], [131.2425, 43.3214], [131.2479, 43.3442], [131.2578, 43.3557], [131.2696, 43.3647], [131.2809, 43.3802], [131.2818, 43.3931], [131.2778, 43.4385], [131.2743, 43.4512], [131.2617, 43.4638], [131.2528, 43.4692], [131.1669, 43.5211], [131.1607, 43.5328], [131.1657, 43.549], [131.1857, 43.5744], [131.192, 43.5886], [131.1908, 43.5959], [131.1824, 43.614], [131.1802, 43.623], [131.1815, 43.6298], [131.1873, 43.648], [131.188, 43.6567], [131.1854, 43.6663], [131.1774, 43.6845], [131.1751, 43.6938], [131.175, 43.7015], [131.1779, 43.7255], [131.1703, 43.7811], [131.1728, 43.7991], [131.1928, 43.8602], [131.2173, 43.9085], [131.2184, 43.9259], [131.2079, 43.9595], [131.2067, 43.9748], [131.2129, 43.9932], [131.213, 44.0], [135.5393, 44.0]]], [[[131.9201, 43.0195], [131.9225, 43.0089], [131.924, 43.0058], [131.9209, 42.9963], [131.9151, 42.9843], [131.8833, 42.9608], [131.8373, 42.9611], [131.7905, 42.9746], [131.757, 42.9901], [131.7912, 42.9963], [131.7746, 43.0053], [131.7694, 43.0154], [131.7734, 43.0212], [131.7844, 43.0174], [131.7912, 43.0174], [131.7874, 43.0344], [131.7839, 43.0401], [131.7775, 43.0446], [131.7988, 43.0526], [131.8197, 43.0493], [131.8401, 43.0417], [131.8594, 43.0373], [131.8594, 43.0446], [131.8265, 43.0652], [131.855, 43.0613], [131.8757, 43.051], [131.8923, 43.0358], [131.9209, 43.0242], [131.9201, 43.0195]]], [[[132.4499, 42.8281], [132.4675, 42.8109], [132.4777, 42.8039], [132.4756, 42.8002], [132.4671, 42.7968], [132.4583, 42.7983], [132.4534, 42.801], [132.4473, 42.8073], [132.4395, 42.8175], [132.4299, 42.8265], [132.4175, 42.83], [132.4064, 42.8288], [132.4015, 42.832], [132.4001, 42.8417], [132.3997, 42.8521], [132.4046, 42.8591], [132.4133, 42.8644], [132.4185, 42.8799], [132.4275, 42.8959], [132.4392, 42.892], [132.4473, 42.8768], [132.4536, 42.8609], [132.449, 42.8454], [132.4499, 42.8281]]]]}}, {"type": "Feature", "properties": {"name": "Japan"}, "geometry": {"type": "MultiPolygon", "coordinates": [[[[129.7832, 31.7996], [129.7909, 31.7844], [129.7986, 31.7637], [129.7996, 31.7454], [129.7864, 31.7376], [129.7761, 31.7295], [129.7417, 31.6762], [129.7293, 31.6442], [129.7192, 31.6374], [129.696, 31.6214], [129.6777, 31.6297], [129.6594, 31.6419], [129.6554, 31.6598], [129.6763, 31.667], [129.6906, 31.7002], [129.7166, 31.7304], [129.7317, 31.7376], [129.7536, 31.7438], [129.7678, 31.7593], [129.7767, 31.7795], [129.7832, 31.7996]]], [[[131.6598, 32.4768], [131.6566, 32.4574], [131.6739, 32.4418], [131.6891, 32.4217], [131.6636, 32.4064], [131.6531, 32.4013], [131.6414, 32.3992], [131.6335, 32.3955], [131.6294, 32.3868], [131.6218, 32.3603], [131.6195, 32.3371], [131.6165, 32.3323], [131.611, 32.33], [131.6028, 32.3236], [131.5925, 32.3037], [131.5804, 32.254], [131.5624, 32.2179], [131.5503, 32.1695], [131.5305, 32.1074], [131.4965, 32.0127], [131.4586, 31.9055], [131.4473, 31.8769], [131.45, 31.8587], [131.4476, 31.8474], [131.4559, 31.822], [131.468, 31.8049], [131.4963, 31.796], [131.493, 31.7869], [131.4785, 31.7703], [131.4753, 31.7622], [131.4505, 31.6511], [131.4553, 31.6209], [131.4233, 31.5983], [131.4115, 31.5861], [131.4069, 31.5697], [131.4041, 31.5681], [131.3908, 31.5488], [131.3865, 31.539], [131.3853, 31.5269], [131.3879, 31.5205], [131.3914, 31.5167], [131.3933, 31.5123], [131.3937, 31.491], [131.3889, 31.4856], [131.3762, 31.4744], [131.3735, 31.4674], [131.3638, 31.4197], [131.3587, 31.4105], [131.3455, 31.395], [131.3418, 31.3861], [131.3406, 31.3787], [131.3382, 31.3726], [131.3313, 31.3677], [131.3276, 31.3713], [131.325, 31.3729], [131.3182, 31.3751], [131.3226, 31.3813], [131.3237, 31.3839], [131.325, 31.3881], [131.2848, 31.382], [131.2659, 31.3812], [131.2498, 31.3881], [131.2451, 31.3956], [131.2458, 31.4122], [131.243, 31.4223], [131.2386, 31.4284], [131.2192, 31.4465], [131.2127, 31.4547], [131.2078, 31.456], [131.2003, 31.4574], [131.1786, 31.4524], [131.1616, 31.464], [131.1506, 31.4713], [131.1304, 31.4694], [131.1094, 31.4645], [131.0718, 31.4496], [131.0569, 31.4396], [131.0453, 31.4275], [131.0281, 31.4018], [131.0136, 31.3631], [131.0255, 31.3541], [131.0596, 31.3449], [131.0833, 31.3384], [131.104, 31.3288], [131.1074, 31.3172], [131.1044, 31.3094], [131.083, 31.2971], [131.0742, 31.2821], [131.0926, 31.2761], [131.1247, 31.2883], [131.1321, 31.2795], [131.0602, 31.2253], [131.033, 31.2275], [131.0082, 31.2211], [131.0066, 31.1998], [130.9971, 31.1866], [130.98, 31.156], [130.9686, 31.1417], [130.9562, 31.1312], [130.9407, 31.1213], [130.924, 31.113], [130.9072, 31.1069], [130.8707, 31.096], [130.8452, 31.0899], [130.8195, 31.0873], [130.7924, 31.0778], [130.7738, 31.0655], [130.7676, 31.0565], [130.7254, 31.047], [130.6949, 31.0188], [130.6779, 31.005], [130.6577, 31.0032], [130.6633, 31.0695], [130.689, 31.0902], [130.7287, 31.1116], [130.7427, 31.1213], [130.7648, 31.1865], [130.7539, 31.2039], [130.7804, 31.2425], [130.7897, 31.2751], [130.7966, 31.3253], [130.7953, 31.3444], [130.7827, 31.3728], [130.7695, 31.4024], [130.7473, 31.4355], [130.7034, 31.4593], [130.6925, 31.4856], [130.7053, 31.5288], [130.6956, 31.5458], [130.6369, 31.5552], [130.6195, 31.5643], [130.6094, 31.5663], [130.5983, 31.5734], [130.5909, 31.586], [130.6139, 31.6121], [130.6379, 31.6226], [130.6623, 31.6179], [130.6878, 31.6195], [130.7117, 31.6144], [130.7223, 31.5973], [130.7192, 31.5707], [130.7227, 31.5634], [130.736, 31.5595], [130.749, 31.5597], [130.7586, 31.5638], [130.7764, 31.5799], [130.799, 31.6117], [130.8103, 31.6509], [130.8045, 31.6872], [130.7764, 31.7103], [130.738, 31.7084], [130.686, 31.7255], [130.6448, 31.7147], [130.613, 31.6824], [130.6101, 31.6723], [130.6062, 31.6466], [130.6022, 31.6383], [130.575, 31.6113], [130.5676, 31.6007], [130.5584, 31.5663], [130.5422, 31.5417], [130.5291, 31.5133], [130.5181, 31.4724], [130.5161, 31.4533], [130.5205, 31.4324], [130.5505, 31.3751], [130.5627, 31.3344], [130.5735, 31.3146], [130.5891, 31.3062], [130.6029, 31.302], [130.6237, 31.2756], [130.6603, 31.2714], [130.662, 31.2586], [130.6501, 31.2237], [130.6467, 31.2069], [130.6398, 31.1865], [130.6233, 31.1789], [130.6037, 31.1723], [130.5864, 31.1554], [130.5736, 31.1674], [130.5625, 31.1669], [130.5508, 31.1624], [130.5368, 31.1622], [130.5217, 31.1687], [130.5169, 31.1754], [130.5161, 31.1895], [130.5066, 31.2128], [130.4948, 31.2272], [130.4511, 31.2494], [130.2974, 31.2537], [130.2751, 31.253], [130.2488, 31.2441], [130.2222, 31.2463], [130.2121, 31.2609], [130.2087, 31.2793], [130.2031, 31.2938], [130.193, 31.3152], [130.1794, 31.3278], [130.1907, 31.3268], [130.2066, 31.3248], [130.2078, 31.3366], [130.1965, 31.3542], [130.1703, 31.377], [130.1406, 31.3976], [130.119, 31.4086], [130.145, 31.4201], [130.1531, 31.4223], [130.1624, 31.4219], [130.1755, 31.4173], [130.1841, 31.4161], [130.196, 31.4121], [130.2152, 31.3911], [130.2283, 31.3813], [130.2449, 31.4049], [130.2933, 31.4447], [130.3048, 31.4766], [130.3171, 31.4931], [130.3285, 31.529], [130.3345, 31.5624], [130.3245, 31.5867], [130.3377, 31.6079], [130.3362, 31.6262], [130.3254, 31.6421], [130.2974, 31.67], [130.2593, 31.7209], [130.2463, 31.7296], [130.1997, 31.7537], [130.1841, 31.7587], [130.1818, 31.7683], [130.1714, 31.7901], [130.181, 31.827], [130.1903, 31.8351], [130.2228, 31.8244], [130.2351, 31.8195], [130.2079, 31.8437], [130.197, 31.8585], [130.2147, 31.8856], [130.2204, 31.9296], [130.2139, 31.9502], [130.2051, 31.9717], [130.1941, 31.9809], [130.19, 31.986], [130.1741, 31.9988], [130.173, 32.0174], [130.1863, 32.0268], [130.204, 32.0483], [130.204, 32.0726], [130.1799, 32.0935], [130.2068, 32.1207], [130.2483, 32.1337], [130.2787, 32.1005], [130.2985, 32.1059], [130.3196, 32.1182], [130.3319, 32.1286], [130.3351, 32.1352], [130.3447, 32.1618], [130.345, 32.1627], [130.3485, 32.1666], [130.3569, 32.1694], [130.3587, 32.1727], [130.3578, 32.1872], [130.3587, 32.1907], [130.431, 32.2571], [130.4412, 32.2826], [130.444, 32.2878], [130.457, 32.2949], [130.4617, 32.3], [130.4637, 32.3094], [130.4605, 32.3182], [130.4617, 32.3272], [130.4696, 32.3471], [130.4771, 32.349], [130.5032, 32.3272], [130.5125, 32.3382], [130.5139, 32.3503], [130.51, 32.3785], [130.5149, 32.3859], [130.5405, 32.416], [130.562, 32.4271], [130.5713, 32.4519], [130.5676, 32.4777], [130.5505, 32.4917], [130.5588, 32.5018], [130.5701, 32.5056], [130.5988, 32.5054], [130.5906, 32.5185], [130.5677, 32.5342], [130.5647, 32.5463], [130.5701, 32.5546], [130.6413, 32.6075], [130.6564, 32.6237], [130.6683, 32.6487], [130.6414, 32.6483], [130.478, 32.622], [130.4617, 32.6152], [130.448, 32.6214], [130.4572, 32.6352], [130.4753, 32.647], [130.5442, 32.6767], [130.5654, 32.6934], [130.5765, 32.6984], [130.592, 32.6972], [130.6082, 32.7022], [130.6165, 32.7038], [130.626, 32.704], [130.626, 32.7114], [130.6123, 32.7163], [130.6014, 32.7261], [130.5945, 32.738], [130.592, 32.7487], [130.5938, 32.7556], [130.5982, 32.7631], [130.6094, 32.7757], [130.613, 32.7812], [130.6113, 32.7855], [130.6077, 32.7899], [130.6056, 32.7965], [130.593, 32.8159], [130.5161, 32.8685], [130.4702, 32.9097], [130.4413, 32.9237], [130.4331, 32.9417], [130.4264, 33.0071], [130.4285, 33.0505], [130.4216, 33.0698], [130.4222, 33.0826], [130.4207, 33.0876], [130.4151, 33.0916], [130.4097, 33.0927], [130.4045, 33.093], [130.4002, 33.095], [130.3794, 33.1079], [130.3722, 33.1149], [130.3675, 33.1264], [130.368, 33.135], [130.3648, 33.1403], [130.3374, 33.1434], [130.3148, 33.1485], [130.3005, 33.1496], [130.2904, 33.1496], [130.2581, 33.1787], [130.2414, 33.1882], [130.2193, 33.1595], [130.1782, 33.1349], [130.1509, 33.1119], [130.1276, 33.1209], [130.1319, 33.102], [130.1451, 33.0848], [130.1605, 33.0541], [130.2039, 32.9918], [130.2223, 32.9752], [130.2191, 32.9551], [130.2043, 32.9509], [130.2038, 32.9289], [130.1885, 32.9153], [130.1636, 32.9093], [130.1491, 32.8964], [130.1346, 32.889], [130.1154, 32.8803], [130.1053, 32.8759], [130.1223, 32.8688], [130.1325, 32.8559], [130.1536, 32.8425], [130.1783, 32.8425], [130.195, 32.8449], [130.2436, 32.8753], [130.3073, 32.8763], [130.3394, 32.8566], [130.3512, 32.8339], [130.3722, 32.7934], [130.3748, 32.7802], [130.3758, 32.7479], [130.3737, 32.739], [130.355, 32.7172], [130.3509, 32.7041], [130.3608, 32.688], [130.3417, 32.6673], [130.3056, 32.6514], [130.2682, 32.6504], [130.259, 32.6439], [130.2599, 32.6327], [130.2539, 32.6248], [130.2365, 32.6225], [130.2315, 32.61], [130.2231, 32.6059], [130.1984, 32.603], [130.1815, 32.5923], [130.166, 32.593], [130.1731, 32.6036], [130.1696, 32.6191], [130.1555, 32.6257], [130.147, 32.634], [130.1295, 32.6411], [130.1288, 32.6613], [130.1281, 32.6839], [130.1422, 32.6821], [130.1535, 32.6862], [130.1669, 32.698], [130.1775, 32.7052], [130.1901, 32.7141], [130.2013, 32.7242], [130.2103, 32.7332], [130.2076, 32.7522], [130.1958, 32.7574], [130.1868, 32.7621], [130.1829, 32.769], [130.186, 32.7744], [130.1902, 32.7835], [130.1784, 32.7929], [130.1481, 32.7954], [130.1382, 32.7888], [130.1262, 32.7889], [130.0938, 32.7949], [130.0642, 32.7848], [130.05, 32.7724], [130.0324, 32.7593], [130.0084, 32.7546], [129.9908, 32.7469], [129.9704, 32.7446], [129.9627, 32.7529], [129.962, 32.7618], [129.9585, 32.7648], [129.9493, 32.7577], [129.9549, 32.7452], [129.9421, 32.7285], [129.9168, 32.6983], [129.9034, 32.6811], [129.8949, 32.6627], [129.8745, 32.649], [129.8554, 32.6401], [129.8413, 32.6394], [129.8377, 32.6317], [129.8323, 32.6158], [129.8085, 32.5976], [129.7858, 32.5831], [129.7829, 32.5735], [129.7766, 32.5765], [129.7631, 32.58], [129.7496, 32.5727], [129.7404, 32.5684], [129.734, 32.5809], [129.7496, 32.5917], [129.7617, 32.596], [129.7752, 32.6009], [129.783, 32.6074], [129.7942, 32.6323], [129.8046, 32.6477], [129.8145, 32.6626], [129.8181, 32.6774], [129.8139, 32.6834], [129.8032, 32.678], [129.7969, 32.6845], [129.7969, 32.6922], [129.809, 32.6941], [129.8153, 32.7018], [129.826, 32.7048], [129.8344, 32.6941], [129.8457, 32.7013], [129.8591, 32.7245], [129.8238, 32.722], [129.824, 32.7361], [129.8037, 32.7723], [129.7933, 32.7802], [129.7847, 32.7849], [129.7787, 32.791], [129.7764, 32.8033], [129.771, 32.814], [129.7545, 32.8185], [129.7443, 32.8099], [129.7327, 32.8056], [129.721, 32.8271], [129.6981, 32.8395], [129.687, 32.8548], [129.6784, 32.8704], [129.6747, 32.8805], [129.6733, 32.8924], [129.6697, 32.905], [129.6613, 32.9147], [129.6519, 32.9228], [129.6384, 32.9265], [129.6311, 32.9565], [129.6324, 32.9791], [129.6463, 32.9896], [129.6535, 33.0043], [129.6497, 33.017], [129.6519, 33.0336], [129.6607, 33.0397], [129.6634, 33.069], [129.6816, 33.0941], [129.7202, 33.079], [129.7347, 33.0602], [129.7354, 33.0578], [129.7342, 33.0491], [129.7347, 33.0466], [129.738, 33.0461], [129.7443, 33.0515], [129.7502, 33.057], [129.7553, 33.0552], [129.7597, 33.0479], [129.7531, 33.0418], [129.7386, 33.0191], [129.7358, 33.0038], [129.7417, 32.991], [129.7518, 32.9959], [129.7663, 33.018], [129.797, 33.0101], [129.8123, 32.9948], [129.8233, 32.9795], [129.816, 32.971], [129.8138, 32.9618], [129.8161, 32.9379], [129.8147, 32.9227], [129.8067, 32.9147], [129.8008, 32.9239], [129.7957, 32.9478], [129.7869, 32.9478], [129.7899, 32.9122], [129.8038, 32.9025], [129.8075, 32.8859], [129.7944, 32.8749], [129.8148, 32.8633], [129.8228, 32.8584], [129.8316, 32.8505], [129.8418, 32.8444], [129.8454, 32.8383], [129.8505, 32.8414], [129.8549, 32.8475], [129.8687, 32.853], [129.8745, 32.861], [129.8832, 32.8757], [129.9356, 32.8605], [129.9879, 32.8417], [130.0031, 32.8454], [129.9857, 32.8631], [129.9312, 32.9289], [129.9297, 32.9576], [129.9392, 32.9723], [129.9476, 32.9951], [129.9456, 33.0158], [129.9121, 33.0365], [129.8814, 33.0628], [129.853, 33.0542], [129.8341, 33.0431], [129.8239, 33.0431], [129.8224, 33.0627], [129.7975, 33.0773], [129.7866, 33.0706], [129.775, 33.0583], [129.7611, 33.0571], [129.7465, 33.0656], [129.7424, 33.0764], [129.7332, 33.1016], [129.7391, 33.101], [129.7492, 33.0981], [129.7456, 33.1163], [129.7463, 33.1249], [129.7601, 33.1298], [129.7587, 33.1389], [129.7477, 33.1395], [129.7285, 33.1223], [129.7236, 33.1328], [129.7214, 33.1456], [129.7229, 33.1584], [129.7098, 33.1626], [129.7122, 33.1411], [129.708, 33.1192], [129.7041, 33.1118], [129.6969, 33.1143], [129.6807, 33.1149], [129.6735, 33.1039], [129.6665, 33.1013], [129.6623, 33.1265], [129.6836, 33.131], [129.687, 33.1422], [129.6833, 33.1523], [129.6743, 33.1602], [129.6633, 33.166], [129.6528, 33.1702], [129.6561, 33.1789], [129.6561, 33.1849], [129.6527, 33.1903], [129.6455, 33.1975], [129.638, 33.1928], [129.6281, 33.1918], [129.6174, 33.1946], [129.6001, 33.2083], [129.5901, 33.2111], [129.5641, 33.2111], [129.5521, 33.2258], [129.5633, 33.2555], [129.5653, 33.2721], [129.5738, 33.2768], [129.5809, 33.2751], [129.5915, 33.2834], [129.5893, 33.2899], [129.5843, 33.3011], [129.5715, 33.3206], [129.5763, 33.3479], [129.5804, 33.371], [129.5924, 33.3811], [129.6206, 33.3593], [129.6444, 33.3624], [129.6732, 33.3985], [129.6796, 33.3897], [129.6769, 33.3624], [129.701, 33.353], [129.7442, 33.3643], [129.8075, 33.3481], [129.8145, 33.3312], [129.8147, 33.3309], [129.8198, 33.3048], [129.8272, 33.2939], [129.8379, 33.2854], [129.8516, 33.28], [129.848, 33.2934], [129.8413, 33.316], [129.8463, 33.348], [129.859, 33.3675], [129.871, 33.3782], [129.8619, 33.39], [129.8687, 33.3974], [129.8164, 33.4261], [129.7969, 33.4445], [129.7873, 33.4545], [129.7972, 33.4676], [129.8042, 33.4818], [129.8184, 33.4842], [129.8355, 33.4664], [129.8413, 33.4544], [129.8489, 33.4425], [129.8621, 33.437], [129.8713, 33.4429], [129.8669, 33.4567], [129.844, 33.4812], [129.8368, 33.5133], [129.8546, 33.5329], [129.8532, 33.5525], [129.8688, 33.5394], [129.8858, 33.5358], [129.9101, 33.5472], [129.9421, 33.5317], [129.9613, 33.5128], [129.957, 33.5028], [129.9455, 33.4909], [129.9412, 33.4795], [129.9533, 33.4737], [129.9626, 33.4826], [129.9669, 33.4725], [129.9669, 33.463], [129.9754, 33.4541], [129.9889, 33.4489], [130.0169, 33.4458], [130.0288, 33.4507], [130.0402, 33.4612], [130.0446, 33.4857], [130.0553, 33.4952], [130.086, 33.5065], [130.1038, 33.5119], [130.1153, 33.509], [130.126, 33.5162], [130.1299, 33.519], [130.1428, 33.5205], [130.1564, 33.5254], [130.168, 33.5341], [130.1742, 33.5469], [130.1619, 33.5466], [130.1299, 33.54], [130.1204, 33.5432], [130.1179, 33.5568], [130.1091, 33.5599], [130.0969, 33.5617], [130.0921, 33.5665], [130.093, 33.5734], [130.0985, 33.5817], [130.1091, 33.5897], [130.1194, 33.5913], [130.1292, 33.5913], [130.1394, 33.5947], [130.1567, 33.6065], [130.1538, 33.6189], [130.1595, 33.6296], [130.1707, 33.6289], [130.1819, 33.6291], [130.1907, 33.6303], [130.1978, 33.6336], [130.2048, 33.6397], [130.208, 33.6651], [130.2206, 33.6597], [130.2317, 33.6533], [130.2365, 33.6442], [130.2272, 33.6348], [130.2314, 33.6188], [130.2454, 33.6118], [130.2515, 33.608], [130.2719, 33.6117], [130.2755, 33.6034], [130.2654, 33.5886], [130.2732, 33.5826], [130.2854, 33.577], [130.2903, 33.5742], [130.2953, 33.579], [130.3015, 33.5797], [130.3054, 33.5849], [130.3153, 33.5974], [130.3303, 33.5979], [130.358, 33.5973], [130.373, 33.6031], [130.3909, 33.6049], [130.3995, 33.6161], [130.4024, 33.6309], [130.4075, 33.6505], [130.4033, 33.6582], [130.3987, 33.6691], [130.3792, 33.6592], [130.3616, 33.6462], [130.349, 33.6411], [130.3362, 33.6477], [130.3248, 33.653], [130.3184, 33.6584], [130.307, 33.6554], [130.2949, 33.6644], [130.2893, 33.6815], [130.2943, 33.6892], [130.305, 33.6874], [130.3106, 33.6726], [130.3241, 33.6649], [130.3455, 33.6625], [130.3865, 33.6772], [130.402, 33.6894], [130.4153, 33.7028], [130.4287, 33.7137], [130.4446, 33.7182], [130.4521, 33.728], [130.4677, 33.7436], [130.47, 33.7629], [130.4668, 33.7804], [130.4557, 33.7822], [130.448, 33.7899], [130.4496, 33.8022], [130.4544, 33.8077], [130.4621, 33.8112], [130.4722, 33.8175], [130.4778, 33.8251], [130.4889, 33.8554], [130.4971, 33.8481], [130.5076, 33.8491], [130.5305, 33.8616], [130.5391, 33.8695], [130.5423, 33.876], [130.5482, 33.8808], [130.5647, 33.8833], [130.6121, 33.8798], [130.6331, 33.8825], [130.6541, 33.8963], [130.6844, 33.9342], [130.6924, 33.9373], [130.7053, 33.9387], [130.7171, 33.9379], [130.7315, 33.9318], [130.756, 33.9437], [130.7905, 33.9444], [130.8282, 33.9396], [130.8213, 33.9203], [130.8359, 33.9257], [130.8614, 33.9256], [130.8712, 33.9135], [130.8809, 33.8959], [130.897, 33.8893], [130.9136, 33.8912], [130.926, 33.8991], [130.9414, 33.9168], [130.9495, 33.9382], [130.9766, 33.9574], [131.0071, 33.9661], [131.0187, 33.9563], [131.0153, 33.9351], [131.0064, 33.9229], [131.0036, 33.9168], [131.0042, 33.9111], [130.9929, 33.8977], [131.0018, 33.8872], [130.9998, 33.8739], [130.9846, 33.874], [130.9881, 33.8643], [130.9907, 33.8568], [130.9843, 33.8487], [130.9797, 33.8427], [130.9636, 33.8332], [130.9619, 33.8201], [130.9617, 33.8162], [130.966, 33.8131], [130.9855, 33.8087], [131.0069, 33.8131], [131.0036, 33.7797], [131.006, 33.7723], [131.0098, 33.7462], [131.0198, 33.7265], [131.0508, 33.6819], [131.0645, 33.6533], [131.0813, 33.635], [131.103, 33.6243], [131.12, 33.6263], [131.1459, 33.6216], [131.1887, 33.616], [131.2199, 33.6075], [131.2565, 33.605], [131.2838, 33.5824], [131.3231, 33.5812], [131.3676, 33.5748], [131.4177, 33.5817], [131.4232, 33.5891], [131.4593, 33.6161], [131.4756, 33.6316], [131.484, 33.653], [131.4986, 33.667], [131.521, 33.6764], [131.5515, 33.6804], [131.5738, 33.6809], [131.59, 33.683], [131.6072, 33.6772], [131.6275, 33.6677], [131.6472, 33.6698], [131.6674, 33.6672], [131.6895, 33.6413], [131.7131, 33.6054], [131.7295, 33.5802], [131.7371, 33.5604], [131.7399, 33.5397], [131.7291, 33.5125], [131.7373, 33.4846], [131.7273, 33.4635], [131.7093, 33.4326], [131.7062, 33.4096], [131.6974, 33.4064], [131.6746, 33.4162], [131.6587, 33.4228], [131.6403, 33.4166], [131.6354, 33.4023], [131.6384, 33.3867], [131.6346, 33.374], [131.6096, 33.3688], [131.6011, 33.3649], [131.5962, 33.3494], [131.5763, 33.3464], [131.5562, 33.3464], [131.5474, 33.3523], [131.533, 33.3661], [131.506, 33.3631], [131.4984, 33.3407], [131.5104, 33.2734], [131.5285, 33.2612], [131.5479, 33.255], [131.6122, 33.2529], [131.6545, 33.2716], [131.7, 33.2541], [131.7109, 33.2702], [131.7621, 33.2535], [131.8222, 33.244], [131.8509, 33.2522], [131.8844, 33.2683], [131.9026, 33.266], [131.8822, 33.2365], [131.8716, 33.2154], [131.8722, 33.2003], [131.8647, 33.1931], [131.8487, 33.188], [131.831, 33.1697], [131.8267, 33.1526], [131.8096, 33.1276], [131.8426, 33.1133], [131.8688, 33.1288], [131.9004, 33.1291], [131.9115, 33.1248], [131.8844, 33.1094], [131.8689, 33.0943], [131.8632, 33.0825], [131.8805, 33.075], [131.8909, 33.0795], [131.9058, 33.0773], [131.9158, 33.0692], [131.9292, 33.0683], [131.9326, 33.0795], [131.9345, 33.092], [131.9424, 33.0926], [131.9509, 33.0762], [131.958, 33.0672], [131.9671, 33.0617], [131.9761, 33.0602], [131.9852, 33.0632], [131.9915, 33.069], [131.9961, 33.0917], [132.0134, 33.0639], [132.0095, 33.0512], [131.984, 33.0455], [131.9453, 33.0475], [131.9296, 33.0471], [131.9228, 33.0287], [131.9068, 33.0118], [131.9032, 32.9831], [131.9146, 32.9765], [131.9347, 32.9595], [131.9497, 32.9593], [131.9592, 32.9445], [131.9699, 32.9483], [131.9792, 32.9504], [131.9856, 32.9473], [131.991, 32.9417], [131.9982, 32.9389], [132.0103, 32.9442], [132.0098, 32.939], [132.0139, 32.9344], [132.0218, 32.9369], [132.0348, 32.9513], [132.0607, 32.9469], [132.0812, 32.9432], [132.0841, 32.9332], [132.0644, 32.9362], [132.0437, 32.9273], [132.0255, 32.9236], [131.9948, 32.9036], [131.9822, 32.8889], [131.9867, 32.8823], [131.9959, 32.8784], [132.0002, 32.8713], [131.9898, 32.8548], [131.981, 32.8483], [131.9723, 32.8445], [131.9637, 32.839], [131.9556, 32.8275], [131.9685, 32.8261], [131.9978, 32.8297], [132.0034, 32.8241], [131.9966, 32.8105], [131.9807, 32.7993], [131.9624, 32.7927], [131.9481, 32.7934], [131.9292, 32.7783], [131.8825, 32.7834], [131.8731, 32.7624], [131.8731, 32.7347], [131.8723, 32.7316], [131.8711, 32.7268], [131.8669, 32.7227], [131.8622, 32.7204], [131.8594, 32.7177], [131.857, 32.7009], [131.8559, 32.6861], [131.8479, 32.6818], [131.834, 32.6987], [131.8219, 32.7027], [131.8166, 32.6891], [131.8006, 32.6808], [131.7884, 32.663], [131.7756, 32.6537], [131.7708, 32.6487], [131.7678, 32.6441], [131.7682, 32.6424], [131.7698, 32.6396], [131.7708, 32.6317], [131.7669, 32.6208], [131.749, 32.5941], [131.7433, 32.588], [131.7295, 32.5841], [131.7088, 32.5859], [131.7047, 32.5816], [131.6991, 32.5645], [131.6821, 32.5351], [131.6851, 32.5224], [131.6956, 32.5115], [131.7127, 32.5116], [131.7189, 32.5087], [131.7365, 32.4917], [131.7173, 32.473], [131.6955, 32.4682], [131.6789, 32.4739], [131.6598, 32.4768]]], [[[134.6898, 33.8281], [134.722, 33.8341], [134.74, 33.8403], [134.7512, 33.8349], [134.7323, 33.826], [134.702, 33.8137], [134.6647, 33.7985], [134.6519, 33.7864], [134.6168, 33.7826], [134.6078, 33.766], [134.5794, 33.7642], [134.5707, 33.7364], [134.5464, 33.7325], [134.5384, 33.7169], [134.4573, 33.6709], [134.404, 33.6545], [134.3762, 33.6357], [134.3886, 33.6236], [134.3638, 33.6008], [134.3605, 33.5887], [134.353, 33.5816], [134.3395, 33.5771], [134.3263, 33.5801], [134.3123, 33.5725], [134.3155, 33.5551], [134.3137, 33.5431], [134.2967, 33.5314], [134.2732, 33.508], [134.2446, 33.4607], [134.2145, 33.3766], [134.2078, 33.3391], [134.1985, 33.3103], [134.1963, 33.2968], [134.1912, 33.2713], [134.1903, 33.2483], [134.1765, 33.2361], [134.158, 33.2697], [134.1418, 33.2918], [134.1275, 33.2895], [134.1062, 33.2943], [134.108, 33.3149], [134.08, 33.339], [134.0401, 33.3841], [134.0255, 33.4154], [133.9966, 33.4246], [133.9688, 33.4357], [133.9421, 33.4589], [133.9252, 33.4937], [133.8549, 33.5001], [133.7631, 33.5198], [133.7394, 33.5375], [133.6721, 33.5289], [133.6077, 33.5158], [133.5893, 33.5019], [133.5469, 33.4861], [133.4659, 33.4543], [133.4504, 33.4309], [133.4551, 33.4147], [133.4397, 33.4017], [133.4148, 33.3931], [133.3916, 33.3898], [133.3755, 33.3894], [133.365, 33.3876], [133.3566, 33.3833], [133.3467, 33.3756], [133.3281, 33.3535], [133.3231, 33.3513], [133.326, 33.3688], [133.3191, 33.3715], [133.3123, 33.3756], [133.2922, 33.3647], [133.2694, 33.3469], [133.2546, 33.3262], [133.2585, 33.3067], [133.252, 33.2947], [133.2546, 33.2865], [133.2608, 33.2798], [133.2647, 33.2725], [133.2659, 33.2676], [133.2697, 33.2642], [133.2708, 33.2595], [133.2694, 33.2523], [133.2651, 33.2484], [133.2605, 33.2458], [133.2585, 33.2421], [133.2533, 33.2191], [133.241, 33.2058], [133.2269, 33.1944], [133.2153, 33.1875], [133.2179, 33.1658], [133.2254, 33.1591], [133.2098, 33.151], [133.2038, 33.1626], [133.1901, 33.1633], [133.165, 33.1372], [133.1324, 33.089], [133.1074, 33.0611], [133.0971, 33.0481], [133.0989, 33.0326], [133.0978, 33.0235], [133.0899, 33.0193], [133.0746, 33.0287], [133.0528, 33.0395], [133.0183, 33.024], [133.0017, 32.987], [132.9944, 32.949], [133.0093, 32.9035], [133.0025, 32.8693], [132.9899, 32.8626], [132.9611, 32.8641], [132.9551, 32.8526], [132.9579, 32.8354], [132.9555, 32.8146], [132.9697, 32.8071], [132.9767, 32.7952], [132.9849, 32.7871], [133.0041, 32.7723], [133.0173, 32.7579], [133.0276, 32.7397], [133.028, 32.7206], [133.0022, 32.7117], [132.9844, 32.7196], [132.9766, 32.7245], [132.9714, 32.7317], [132.9618, 32.7511], [132.9568, 32.7586], [132.9391, 32.7705], [132.9151, 32.778], [132.8928, 32.7742], [132.8811, 32.7524], [132.8721, 32.7687], [132.8584, 32.7696], [132.8433, 32.7609], [132.8296, 32.7487], [132.8122, 32.7403], [132.7915, 32.7407], [132.772, 32.7461], [132.7576, 32.7524], [132.7293, 32.7742], [132.7114, 32.7895], [132.6646, 32.7789], [132.6277, 32.7521], [132.6199, 32.773], [132.6234, 32.7995], [132.646, 32.8257], [132.663, 32.8568], [132.6928, 32.8843], [132.7052, 32.8972], [132.7092, 32.9094], [132.6399, 32.9089], [132.6272, 32.9063], [132.6184, 32.9069], [132.5754, 32.9318], [132.5589, 32.9368], [132.572, 32.9231], [132.5529, 32.9249], [132.5364, 32.9312], [132.5242, 32.9302], [132.5173, 32.9094], [132.5234, 32.9069], [132.5322, 32.8994], [132.5379, 32.8958], [132.5208, 32.8893], [132.5042, 32.8917], [132.4905, 32.9012], [132.4723, 32.9337], [132.494, 32.9489], [132.4829, 32.9705], [132.4961, 32.9853], [132.5015, 32.9932], [132.4814, 33.0235], [132.4715, 33.0407], [132.4411, 33.0437], [132.4197, 33.0519], [132.3967, 33.0166], [132.3824, 33.0198], [132.4004, 33.0439], [132.3969, 33.058], [132.4079, 33.0693], [132.4518, 33.0529], [132.4715, 33.0556], [132.4832, 33.0677], [132.4627, 33.0677], [132.4688, 33.0823], [132.469, 33.0958], [132.4627, 33.1055], [132.4491, 33.1087], [132.4491, 33.1149], [132.4714, 33.114], [132.4758, 33.1149], [132.4802, 33.1183], [132.4876, 33.1255], [132.4901, 33.1328], [132.4795, 33.136], [132.4502, 33.1367], [132.4407, 33.1423], [132.4354, 33.1558], [132.438, 33.1682], [132.4586, 33.1737], [132.4492, 33.1851], [132.4381, 33.1914], [132.4237, 33.1992], [132.4154, 33.1893], [132.3986, 33.1872], [132.3947, 33.2039], [132.4201, 33.2098], [132.4455, 33.205], [132.4597, 33.204], [132.4612, 33.1914], [132.4778, 33.1814], [132.4857, 33.1692], [132.5051, 33.1812], [132.5027, 33.1987], [132.5138, 33.2133], [132.5362, 33.2176], [132.5484, 33.2269], [132.5368, 33.2426], [132.5245, 33.25], [132.5414, 33.2626], [132.5242, 33.263], [132.5077, 33.2579], [132.5026, 33.2666], [132.4918, 33.2707], [132.4846, 33.2765], [132.4847, 33.2908], [132.5048, 33.3038], [132.5223, 33.3076], [132.5256, 33.3147], [132.4868, 33.3161], [132.4201, 33.3044], [132.4012, 33.3094], [132.3903, 33.3162], [132.3787, 33.3195], [132.3841, 33.3309], [132.3914, 33.3349], [132.4079, 33.3362], [132.4155, 33.3415], [132.4173, 33.3474], [132.4212, 33.3756], [132.4024, 33.3626], [132.3906, 33.375], [132.3911, 33.3979], [132.4081, 33.4166], [132.4081, 33.4234], [132.3944, 33.4234], [132.3982, 33.4313], [132.4041, 33.4376], [132.4119, 33.442], [132.4212, 33.4445], [132.3811, 33.4661], [132.363, 33.4681], [132.3446, 33.4672], [132.3338, 33.4624], [132.3222, 33.4576], [132.3078, 33.4643], [132.2786, 33.4473], [132.2536, 33.4407], [132.2144, 33.4229], [132.1797, 33.407], [132.15, 33.3892], [132.1394, 33.374], [132.1307, 33.3636], [132.1141, 33.3642], [132.1016, 33.3701], [132.1103, 33.3867], [132.0735, 33.3676], [132.0255, 33.3449], [132.0105, 33.349], [132.0296, 33.3652], [132.0516, 33.376], [132.0943, 33.4085], [132.1355, 33.42], [132.1532, 33.4154], [132.1666, 33.4202], [132.1571, 33.4288], [132.1553, 33.437], [132.1713, 33.4456], [132.1998, 33.455], [132.2219, 33.454], [132.2407, 33.4646], [132.2646, 33.4641], [132.2937, 33.4854], [132.4124, 33.535], [132.4285, 33.5476], [132.4354, 33.5637], [132.4417, 33.5729], [132.4705, 33.6021], [132.4795, 33.6083], [132.5006, 33.625], [132.6017, 33.6604], [132.6185, 33.6743], [132.6455, 33.6896], [132.6766, 33.7156], [132.6971, 33.7567], [132.6956, 33.7864], [132.6901, 33.8139], [132.699, 33.8504], [132.7063, 33.8771], [132.7124, 33.9045], [132.7549, 33.9103], [132.7575, 33.9349], [132.7725, 33.9559], [132.7699, 33.9963], [132.7987, 34.0131], [132.8472, 34.04], [132.8624, 34.0559], [132.9191, 34.0684], [132.9225, 34.0848], [132.9303, 34.0944], [132.9262, 34.1117], [132.9062, 34.1132], [132.8954, 34.1132], [132.8975, 34.1227], [132.9155, 34.1203], [132.9288, 34.1199], [132.9424, 34.1413], [132.954, 34.1254], [132.9613, 34.1211], [132.9663, 34.1143], [132.9766, 34.1086], [133.0318, 34.0527], [133.0603, 33.9914], [133.0692, 33.9742], [133.0773, 33.9597], [133.0866, 33.9493], [133.1078, 33.9412], [133.127, 33.9333], [133.1467, 33.9315], [133.1733, 33.9406], [133.2089, 33.9474], [133.2437, 33.9563], [133.2489, 33.9741], [133.279, 33.9833], [133.2998, 33.981], [133.3226, 33.9906], [133.341, 33.9899], [133.3599, 33.9827], [133.4148, 33.9857], [133.4382, 33.9819], [133.4863, 33.9667], [133.511, 33.9652], [133.5321, 33.9709], [133.5486, 33.9809], [133.5617, 33.9934], [133.5725, 34.0062], [133.5873, 34.0203], [133.6209, 34.0456], [133.634, 34.0608], [133.6413, 34.0792], [133.6481, 34.1247], [133.646, 34.1674], [133.6411, 34.1846], [133.633, 34.1983], [133.6204, 34.2117], [133.604, 34.2234], [133.5877, 34.2319], [133.5723, 34.2422], [133.5584, 34.2595], [133.5794, 34.2494], [133.6092, 34.239], [133.6375, 34.2336], [133.6545, 34.239], [133.6726, 34.2231], [133.7014, 34.2313], [133.7319, 34.251], [133.7546, 34.27], [133.782, 34.2883], [133.8436, 34.3122], [133.8742, 34.3283], [133.8828, 34.3384], [133.8906, 34.3522], [133.8997, 34.3642], [133.9121, 34.3693], [133.9209, 34.3704], [133.937, 34.3751], [133.9465, 34.3762], [133.9562, 34.374], [133.9709, 34.3647], [133.989, 34.3608], [134.0012, 34.3522], [134.012, 34.3488], [134.0213, 34.3492], [134.0369, 34.3547], [134.0462, 34.355], [134.0813, 34.3477], [134.0884, 34.3548], [134.1008, 34.3762], [134.1169, 34.3605], [134.1228, 34.3666], [134.1245, 34.3808], [134.1275, 34.3898], [134.1436, 34.3918], [134.153, 34.3857], [134.1582, 34.3749], [134.1616, 34.3625], [134.1616, 34.3349], [134.1663, 34.3249], [134.1826, 34.321], [134.1904, 34.3254], [134.2122, 34.3472], [134.2168, 34.355], [134.2378, 34.3408], [134.2604, 34.3344], [134.2713, 34.3231], [134.2578, 34.2942], [134.2969, 34.2753], [134.3096, 34.2731], [134.3218, 34.2689], [134.3435, 34.2506], [134.3577, 34.2464], [134.3841, 34.2501], [134.3967, 34.2495], [134.4017, 34.2427], [134.4058, 34.2344], [134.4157, 34.2242], [134.4398, 34.2083], [134.4686, 34.2075], [134.4952, 34.2242], [134.5609, 34.2214], [134.5817, 34.2296], [134.5942, 34.2321], [134.6071, 34.2508], [134.6111, 34.2394], [134.6005, 34.2282], [134.594, 34.2138], [134.6103, 34.216], [134.6279, 34.2331], [134.6469, 34.2393], [134.6407, 34.2254], [134.6272, 34.2097], [134.6257, 34.201], [134.6254, 34.1935], [134.6272, 34.1879], [134.6078, 34.1843], [134.6192, 34.1821], [134.6283, 34.1779], [134.6421, 34.1793], [134.6343, 34.1659], [134.6237, 34.1508], [134.6205, 34.1403], [134.6227, 34.1345], [134.6052, 34.1108], [134.6046, 34.0848], [134.6078, 34.0676], [134.6018, 34.0637], [134.5952, 34.046], [134.5942, 34.0397], [134.5946, 34.0298], [134.5998, 34.0095], [134.605, 34.001], [134.6116, 33.997], [134.6243, 33.9976], [134.6266, 34.0081], [134.637, 34.0107], [134.6509, 33.9859], [134.6629, 33.9689], [134.696, 33.9519], [134.6902, 33.9424], [134.7026, 33.9373], [134.7022, 33.921], [134.7029, 33.9062], [134.6907, 33.8957], [134.6868, 33.8862], [134.6735, 33.8817], [134.6624, 33.8759], [134.6463, 33.8531], [134.6608, 33.8464], [134.7171, 33.848], [134.7171, 33.8417], [134.7083, 33.8406], [134.6983, 33.8362], [134.6898, 33.8349], [134.6898, 33.8281]]], [[[133.1213, 36.1098], [133.1354, 36.0895], [133.1232, 36.0629], [133.0995, 36.0375], [133.0791, 36.0209], [133.0786, 36.05], [133.0813, 36.0801], [133.0935, 36.1028], [133.1213, 36.1098]]], [[[133.0906, 36.1179], [133.0933, 36.1234], [133.1136, 36.1135], [133.0933, 36.1098], [133.0906, 36.1179]]], [[[133.0742, 36.1279], [133.0876, 36.127], [133.0881, 36.1183], [133.0872, 36.1108], [133.0728, 36.1079], [133.0584, 36.1032], [133.0518, 36.0855], [133.054, 36.0749], [133.057, 36.0677], [133.0558, 36.0618], [133.0449, 36.0551], [133.036, 36.0539], [133.027, 36.0563], [133.0198, 36.0606], [133.0171, 36.065], [133.0168, 36.0748], [133.0149, 36.0798], [133.01, 36.0815], [133.0003, 36.0818], [132.9904, 36.0771], [132.9932, 36.0664], [133.0041, 36.0483], [132.995, 36.0382], [132.9815, 36.0399], [132.9655, 36.0491], [132.9494, 36.062], [132.9695, 36.082], [133.0145, 36.111], [133.0387, 36.1308], [133.0567, 36.1249], [133.0742, 36.1279]]], [[[133.4222, 34.445], [133.4124, 34.4245], [133.3411, 34.348], [133.3255, 34.3368], [133.2954, 34.3249], [133.2817, 34.3215], [133.2698, 34.3224], [133.2647, 34.3317], [133.2699, 34.3392], [133.2822, 34.3427], [133.2959, 34.345], [133.3055, 34.3488], [133.315, 34.366], [133.3047, 34.3776], [133.2832, 34.3831], [133.2585, 34.3823], [133.2585, 34.3898], [133.2766, 34.4018], [133.2666, 34.4206], [133.2473, 34.4265], [133.2297, 34.3762], [133.2132, 34.3631], [133.195, 34.3537], [133.1821, 34.3414], [133.2019, 34.3283], [133.2087, 34.3078], [133.2029, 34.2889], [133.1856, 34.2805], [133.1782, 34.2828], [133.1658, 34.2923], [133.161, 34.2942], [133.1556, 34.2918], [133.1441, 34.2826], [133.1252, 34.2763], [133.1027, 34.2571], [133.0933, 34.2526], [133.0764, 34.2596], [133.0706, 34.2772], [133.0723, 34.3175], [133.0769, 34.3167], [133.0874, 34.3265], [133.1033, 34.3451], [133.114, 34.3518], [133.1179, 34.3423], [133.117, 34.3266], [133.1133, 34.3141], [133.1331, 34.3182], [133.1475, 34.3514], [133.1685, 34.355], [133.1685, 34.3625], [133.1526, 34.3738], [133.1343, 34.3823], [133.1232, 34.3843], [133.1133, 34.384], [133.1035, 34.3846], [133.0933, 34.3898], [133.0791, 34.3823], [133.0858, 34.351], [133.0591, 34.3323], [133.0183, 34.3233], [132.9119, 34.3148], [132.8831, 34.3046], [132.853, 34.2873], [132.8362, 34.3111], [132.8182, 34.3034], [132.7991, 34.284], [132.7781, 34.2731], [132.7622, 34.2703], [132.764, 34.2632], [132.7728, 34.2534], [132.7781, 34.2427], [132.7715, 34.2353], [132.7566, 34.2323], [132.7266, 34.2321], [132.703, 34.2255], [132.6563, 34.1993], [132.6272, 34.198], [132.6222, 34.2019], [132.6184, 34.2089], [132.6156, 34.2155], [132.6135, 34.2185], [132.6043, 34.2166], [132.5995, 34.2123], [132.5965, 34.2074], [132.593, 34.2043], [132.5662, 34.192], [132.5545, 34.1924], [132.5447, 34.2043], [132.5598, 34.2184], [132.5506, 34.2309], [132.5335, 34.2448], [132.521, 34.2698], [132.5073, 34.283], [132.5037, 34.2873], [132.5034, 34.3004], [132.5071, 34.3084], [132.509, 34.3162], [132.5037, 34.3283], [132.5108, 34.3298], [132.5231, 34.3343], [132.531, 34.3351], [132.5261, 34.3456], [132.5176, 34.353], [132.4968, 34.3625], [132.4813, 34.3546], [132.4617, 34.3496], [132.4416, 34.35], [132.4055, 34.3681], [132.3835, 34.3657], [132.346, 34.3488], [132.3123, 34.327], [132.2225, 34.239], [132.2317, 34.2252], [132.2383, 34.2043], [132.2404, 34.1898], [132.2437, 34.1669], [132.2389, 34.1426], [132.2276, 34.132], [132.2137, 34.1243], [132.2019, 34.1086], [132.1991, 34.0648], [132.2109, 34.0252], [132.2132, 33.9897], [132.1815, 33.9578], [132.1572, 33.9489], [132.1426, 33.9464], [132.1356, 33.9384], [132.1338, 33.9134], [132.1389, 33.895], [132.1599, 33.8573], [132.1616, 33.8417], [132.1501, 33.8301], [132.1058, 33.809], [132.0759, 33.7871], [132.0559, 33.7772], [132.0414, 33.7763], [132.0444, 33.7933], [132.0654, 33.807], [132.0689, 33.8117], [132.0763, 33.8267], [132.0785, 33.8349], [132.0872, 33.8251], [132.0989, 33.8236], [132.1089, 33.8303], [132.1133, 33.8449], [132.1092, 33.8626], [132.0995, 33.8723], [132.0871, 33.8786], [132.0754, 33.8864], [132.0578, 33.8952], [131.9948, 33.9135], [131.9723, 33.9168], [131.9666, 33.9215], [131.9419, 33.9509], [131.9309, 33.957], [131.9033, 33.9667], [131.8936, 33.9714], [131.8709, 33.9885], [131.8521, 33.9984], [131.8337, 33.9947], [131.8123, 33.9714], [131.8265, 33.9714], [131.8265, 33.9652], [131.7914, 33.9641], [131.7796, 33.9697], [131.7775, 33.9857], [131.8073, 34.0058], [131.8239, 34.0202], [131.8228, 34.0267], [131.8136, 34.0288], [131.7996, 34.0377], [131.7415, 34.0562], [131.7034, 34.0442], [131.6887, 34.0472], [131.6761, 34.0402], [131.6449, 34.0289], [131.6335, 34.0267], [131.6062, 34.0267], [131.6017, 34.03], [131.5982, 34.036], [131.5933, 34.0373], [131.5851, 34.0267], [131.594, 34.0153], [131.5974, 34.0026], [131.593, 33.9917], [131.5789, 33.9857], [131.5718, 33.9852], [131.5676, 33.9863], [131.5657, 33.9897], [131.5652, 33.9963], [131.5623, 34.0046], [131.5562, 34.0052], [131.5511, 34.0021], [131.551, 33.9994], [131.5193, 34.0085], [131.5105, 34.0124], [131.493, 34.0281], [131.4829, 34.032], [131.469, 34.0267], [131.4738, 34.0186], [131.4743, 34.014], [131.469, 34.0062], [131.4663, 34.0068], [131.4567, 33.9993], [131.4553, 33.9931], [131.452, 33.9896], [131.4518, 33.9859], [131.4496, 33.9822], [131.4412, 33.9789], [131.4343, 33.9802], [131.4282, 33.9859], [131.4235, 33.9931], [131.4206, 33.9994], [131.4155, 33.9894], [131.4097, 33.9831], [131.4025, 33.9814], [131.3933, 33.9857], [131.4022, 33.9993], [131.4048, 34.0173], [131.4006, 34.0329], [131.3899, 34.0397], [131.3831, 34.033], [131.3557, 33.9894], [131.3325, 33.9621], [131.322, 33.9531], [131.2722, 33.9268], [131.258, 33.9248], [131.2498, 33.9379], [131.2425, 33.9345], [131.2336, 33.9331], [131.2258, 33.935], [131.2227, 33.9414], [131.2207, 33.9504], [131.2158, 33.9508], [131.2092, 33.9473], [131.2022, 33.9448], [131.2004, 33.9425], [131.1947, 33.9376], [131.187, 33.9328], [131.1782, 33.9305], [131.1732, 33.934], [131.1707, 33.9419], [131.1603, 33.9528], [131.1615, 33.9644], [131.1668, 33.9724], [131.166, 33.9771], [131.1574, 33.9789], [131.124, 33.9999], [131.1032, 34.0302], [131.0724, 34.037], [131.0356, 34.048], [131.014, 34.0148], [130.9686, 33.9714], [130.9321, 33.9454], [130.9263, 33.9227], [130.9158, 33.914], [130.8992, 33.9243], [130.8937, 33.9323], [130.8794, 33.9379], [130.8802, 33.9504], [130.8994, 33.9499], [130.9096, 33.9737], [130.9077, 33.9849], [130.9134, 33.9994], [130.9171, 34.0109], [130.9128, 34.0219], [130.9053, 34.0296], [130.9126, 34.0533], [130.9039, 34.0658], [130.8784, 34.0679], [130.8732, 34.0782], [130.8693, 34.0917], [130.8628, 34.1018], [130.8616, 34.1127], [130.8732, 34.1291], [130.8865, 34.139], [130.8993, 34.1457], [130.9111, 34.1545], [130.9209, 34.1706], [130.9233, 34.1838], [130.9203, 34.1926], [130.9158, 34.1997], [130.9104, 34.2249], [130.8967, 34.2448], [130.8937, 34.256], [130.8916, 34.2598], [130.8762, 34.27], [130.8716, 34.2792], [130.8753, 34.2867], [130.882, 34.2934], [130.8862, 34.3004], [130.8897, 34.3312], [130.8931, 34.3435], [130.8999, 34.355], [130.9111, 34.3509], [130.9274, 34.3489], [130.9419, 34.351], [130.9483, 34.3588], [130.9548, 34.3617], [130.9961, 34.3693], [131.0117, 34.376], [131.0336, 34.3818], [131.0179, 34.3933], [131.0036, 34.3929], [130.9651, 34.4], [130.9551, 34.4035], [130.9489, 34.395], [130.9463, 34.3924], [130.9339, 34.396], [130.9392, 34.4077], [130.9478, 34.4189], [130.9588, 34.4274], [130.9764, 34.439], [130.9897, 34.435], [131.0028, 34.4259], [131.0011, 34.4149], [131.0098, 34.4103], [131.0226, 34.4094], [131.0373, 34.4111], [131.051, 34.4152], [131.0612, 34.4208], [131.0747, 34.4248], [131.0994, 34.4133], [131.1157, 34.4098], [131.1339, 34.4116], [131.1408, 34.3785], [131.1537, 34.3693], [131.1727, 34.3677], [131.179, 34.3788], [131.1917, 34.3936], [131.1736, 34.4102], [131.1706, 34.4168], [131.1713, 34.4295], [131.1927, 34.4248], [131.2074, 34.4289], [131.2349, 34.4335], [131.2526, 34.4374], [131.2645, 34.4281], [131.2812, 34.408], [131.2663, 34.4094], [131.251, 34.4191], [131.241, 34.4212], [131.2295, 34.4177], [131.222, 34.4084], [131.2161, 34.3969], [131.2118, 34.3838], [131.209, 34.3693], [131.2161, 34.3723], [131.2288, 34.3802], [131.2362, 34.3823], [131.2845, 34.3842], [131.3231, 34.393], [131.3347, 34.4161], [131.365, 34.4157], [131.4143, 34.424], [131.4133, 34.4539], [131.4264, 34.4656], [131.4562, 34.4904], [131.4619, 34.4993], [131.4548, 34.5191], [131.4618, 34.5235], [131.4827, 34.5276], [131.5208, 34.5519], [131.5365, 34.5656], [131.551, 34.5815], [131.5554, 34.5922], [131.5573, 34.6149], [131.5648, 34.6195], [131.5852, 34.6184], [131.5959, 34.6168], [131.5942, 34.6257], [131.5941, 34.6421], [131.5969, 34.6596], [131.6152, 34.6649], [131.6294, 34.6592], [131.6564, 34.6536], [131.6709, 34.6628], [131.6734, 34.6709], [131.6803, 34.6746], [131.7116, 34.6716], [131.7461, 34.6754], [131.7904, 34.6861], [131.823, 34.6983], [131.8408, 34.7053], [131.8584, 34.7145], [131.8631, 34.7375], [131.8669, 34.746], [131.8738, 34.7592], [131.8963, 34.7629], [131.9013, 34.7705], [131.9238, 34.7879], [131.957, 34.813], [131.9973, 34.8372], [132.0212, 34.8659], [132.0346, 34.8766], [132.0539, 34.8723], [132.0606, 34.8857], [132.0633, 34.9075], [132.1112, 34.9431], [132.1318, 34.9586], [132.1579, 34.9761], [132.2163, 35.0136], [132.2365, 35.0348], [132.2708, 35.0403], [132.2936, 35.0484], [132.3168, 35.0623], [132.3266, 35.0921], [132.357, 35.1112], [132.3799, 35.125], [132.3892, 35.1348], [132.3866, 35.1455], [132.4024, 35.1605], [132.4081, 35.1751], [132.4677, 35.2131], [132.4958, 35.2325], [132.5297, 35.2449], [132.5319, 35.2577], [132.5503, 35.2624], [132.5756, 35.2733], [132.6211, 35.2844], [132.6387, 35.2946], [132.6514, 35.3129], [132.6633, 35.3295], [132.6714, 35.3551], [132.6741, 35.372], [132.674, 35.3854], [132.6708, 35.3995], [132.6537, 35.4069], [132.6311, 35.4198], [132.6238, 35.4311], [132.6354, 35.441], [132.6559, 35.443], [132.6821, 35.449], [132.7014, 35.4492], [132.7344, 35.4486], [132.7486, 35.4515], [132.7547, 35.4562], [132.7445, 35.4636], [132.7255, 35.4708], [132.7363, 35.4727], [132.7527, 35.4771], [132.7754, 35.481], [132.8048, 35.4952], [132.8377, 35.5061], [132.8649, 35.511], [132.9222, 35.5132], [132.9464, 35.5187], [132.9697, 35.517], [132.9732, 35.5419], [132.9915, 35.5446], [133.0144, 35.5408], [133.0335, 35.546], [133.0425, 35.5615], [133.0518, 35.5737], [133.0646, 35.5803], [133.0814, 35.5753], [133.0913, 35.5875], [133.0913, 35.6015], [133.1054, 35.5975], [133.1197, 35.5849], [133.1414, 35.5702], [133.1565, 35.5626], [133.1897, 35.5719], [133.2071, 35.5728], [133.2247, 35.5829], [133.2302, 35.5782], [133.2232, 35.5685], [133.228, 35.5647], [133.2393, 35.5636], [133.2463, 35.5673], [133.2664, 35.5742], [133.2868, 35.5762], [133.3088, 35.5772], [133.326, 35.5685], [133.3129, 35.562], [133.2989, 35.5586], [133.2869, 35.5537], [133.2701, 35.5496], [133.2575, 35.5362], [133.2547, 35.5338], [133.2542, 35.5218], [133.2605, 35.51], [133.2647, 35.4962], [133.2945, 35.4804], [133.3296, 35.4655], [133.3609, 35.4604], [133.3807, 35.4564], [133.4002, 35.4543], [133.4174, 35.4565], [133.4412, 35.491], [133.4928, 35.5104], [133.5256, 35.5224], [133.5802, 35.5336], [133.6326, 35.5213], [133.7311, 35.5029], [133.9115, 35.5146], [134.0084, 35.537], [134.0348, 35.5194], [134.1737, 35.5363], [134.2378, 35.5467], [134.2621, 35.5536], [134.2816, 35.5649], [134.2939, 35.5859], [134.3426, 35.5938], [134.3521, 35.5942], [134.3615, 35.5958], [134.3765, 35.6112], [134.4138, 35.6211], [134.4662, 35.6376], [134.4981, 35.6539], [134.537, 35.6722], [134.5902, 35.6594], [134.6474, 35.6643], [134.6915, 35.6634], [134.7669, 35.6666], [134.7983, 35.6656], [134.8134, 35.6624], [134.8341, 35.6571], [134.8423, 35.6454], [134.8632, 35.6583], [134.881, 35.6573], [134.885, 35.6459], [134.8977, 35.6492], [134.9157, 35.6444], [134.927, 35.6412], [134.9473, 35.6549], [134.9536, 35.6579], [134.9637, 35.661], [134.9596, 35.6738], [134.9879, 35.6898], [135.0108, 35.6911], [135.029, 35.6929], [135.0448, 35.7017], [135.0858, 35.726], [135.0841, 35.739], [135.1343, 35.7519], [135.1838, 35.7602], [135.2101, 35.7634], [135.2268, 35.7723], [135.2507, 35.7578], [135.2617, 35.7398], [135.2767, 35.7314], [135.2925, 35.7117], [135.304, 35.6889], [135.3062, 35.6715], [135.2993, 35.6579], [135.2792, 35.6685], [135.2588, 35.6568], [135.2464, 35.6355], [135.2424, 35.6226], [135.2328, 35.6142], [135.2049, 35.5874], [135.1882, 35.565], [135.1883, 35.5453], [135.196, 35.5399], [135.2067, 35.5415], [135.2081, 35.5591], [135.2217, 35.5679], [135.2352, 35.5845], [135.2482, 35.5917], [135.2534, 35.5713], [135.2654, 35.5671], [135.2709, 35.5629], [135.262, 35.5575], [135.252, 35.5573], [135.2398, 35.558], [135.2387, 35.542], [135.3015, 35.5132], [135.3162, 35.5183], [135.3244, 35.5244], [135.3355, 35.5082], [135.3296, 35.4948], [135.325, 35.4857], [135.3153, 35.4668], [135.3135, 35.4586], [135.319, 35.447], [135.3303, 35.4545], [135.3398, 35.4711], [135.3525, 35.487], [135.3705, 35.4861], [135.3949, 35.4765], [135.4024, 35.4822], [135.4024, 35.507], [135.3738, 35.5017], [135.3502, 35.5103], [135.3378, 35.5375], [135.3613, 35.5542], [135.3737, 35.5577], [135.4028, 35.5582], [135.416, 35.5617], [135.426, 35.5698], [135.4356, 35.58], [135.4395, 35.5906], [135.4632, 35.6033], [135.4582, 35.587], [135.4524, 35.5718], [135.47, 35.566], [135.4829, 35.5592], [135.4788, 35.5437], [135.4805, 35.5339], [135.4787, 35.5273], [135.479, 35.5225], [135.4883, 35.5207], [135.4956, 35.5239], [135.5027, 35.5316], [135.5122, 35.548], [135.5125, 35.5299], [135.5086, 35.5119], [135.511, 35.4982], [135.5296, 35.4927], [135.5583, 35.4918], [135.5674, 35.4927], [135.5768, 35.496], [135.5964, 35.5051], [135.6052, 35.5172], [135.6248, 35.5323], [135.6489, 35.5428], [135.6698, 35.5344], [135.6648, 35.5297], [135.6419, 35.5217], [135.6346, 35.4936], [135.6221, 35.4866], [135.6451, 35.4802], [135.6967, 35.4918], [135.7244, 35.4907], [135.738, 35.4987], [135.7484, 35.5137], [135.7482, 35.5335], [135.7208, 35.5223], [135.7086, 35.5406], [135.6916, 35.5459], [135.7061, 35.5621], [135.7384, 35.5705], [135.748, 35.5642], [135.7561, 35.5491], [135.7773, 35.5499], [135.794, 35.5314], [135.8105, 35.5269], [135.8343, 35.5344], [135.8235, 35.5384], [135.8162, 35.546], [135.8015, 35.568], [135.8043, 35.5752], [135.8154, 35.5776], [135.8259, 35.5694], [135.8401, 35.5734], [135.8547, 35.579], [135.8516, 35.5864], [135.8445, 35.5917], [135.8376, 35.5992], [135.8343, 35.6132], [135.8303, 35.6171], [135.816, 35.6309], [135.8117, 35.6434], [135.8232, 35.6446], [135.8409, 35.6337], [135.8538, 35.6249], [135.8678, 35.6178], [135.9018, 35.6244], [135.9098, 35.615], [135.9194, 35.6082], [135.9396, 35.6184], [135.9509, 35.6289], [135.9711, 35.626], [135.9806, 35.6305], [135.9817, 35.6436], [135.9635, 35.6554], [135.9732, 35.6762], [135.9744, 35.6909], [135.9701, 35.703], [135.9564, 35.7006], [135.956, 35.7283], [135.9815, 35.7399], [136.0, 35.7522], [136.0, 35.8802], [135.9935, 35.8851], [135.9954, 35.9131], [135.9944, 35.9359], [135.9707, 35.9601], [135.9573, 35.9731], [135.9632, 35.9999], [135.9873, 36.0117], [136.0, 36.0241], [136.0, 33.699], [135.9937, 33.6863], [135.9906, 33.6825], [135.9807, 33.653], [135.9616, 33.6425], [135.9573, 33.6257], [135.9371, 33.6175], [135.9387, 33.6039], [135.9599, 33.5931], [135.9461, 33.5778], [135.9125, 33.5477], [135.8942, 33.5416], [135.8848, 33.529], [135.8281, 33.5136], [135.8092, 33.505], [135.798, 33.4952], [135.783, 33.4729], [135.7902, 33.4534], [135.7893, 33.4411], [135.772, 33.4449], [135.76, 33.4333], [135.7538, 33.4516], [135.7708, 33.4682], [135.7656, 33.4815], [135.6682, 33.4905], [135.6375, 33.4946], [135.4908, 33.5412], [135.4448, 33.5508], [135.4092, 33.5742], [135.3975, 33.5826], [135.3873, 33.5941], [135.3868, 33.6078], [135.3923, 33.6189], [135.3807, 33.6371], [135.375, 33.6431], [135.3694, 33.645], [135.3587, 33.6542], [135.342, 33.6572], [135.3277, 33.6712], [135.3429, 33.6939], [135.3792, 33.6981], [135.4024, 33.7011], [135.3916, 33.7136], [135.3408, 33.7453], [135.3214, 33.7529], [135.3121, 33.7655], [135.294, 33.7637], [135.2643, 33.7813], [135.2326, 33.782], [135.2298, 33.7986], [135.1965, 33.8148], [135.1733, 33.8383], [135.1528, 33.8759], [135.1187, 33.8929], [135.1001, 33.8898], [135.0655, 33.8856], [135.0589, 33.88], [135.0613, 33.8899], [135.0665, 33.8964], [135.0574, 33.9013], [135.0642, 33.906], [135.0791, 33.906], [135.078, 33.9186], [135.0696, 33.9307], [135.0847, 33.9422], [135.1012, 33.9544], [135.095, 33.9587], [135.0773, 33.959], [135.0757, 33.9775], [135.092, 33.992], [135.1133, 33.9934], [135.1279, 33.9986], [135.1532, 34.0098], [135.1616, 34.025], [135.1628, 34.0397], [135.1531, 34.0486], [135.1333, 34.0583], [135.1111, 34.0657], [135.0945, 34.0676], [135.1149, 34.1018], [135.1174, 34.1034], [135.1255, 34.1061], [135.1287, 34.1086], [135.1305, 34.1132], [135.1306, 34.1224], [135.1228, 34.1371], [135.1488, 34.1381], [135.187, 34.1359], [135.19, 34.1496], [135.1797, 34.1658], [135.1659, 34.1867], [135.1488, 34.1856], [135.1354, 34.2277], [135.1196, 34.2422], [135.0927, 34.2599], [135.061, 34.2673], [135.0713, 34.2858], [135.105, 34.3181], [135.209, 34.3423], [135.2566, 34.3768], [135.2813, 34.3974], [135.3197, 34.4288], [135.3535, 34.4675], [135.3726, 34.4845], [135.3743, 34.5078], [135.3732, 34.5189], [135.391, 34.5236], [135.3991, 34.5329], [135.4083, 34.541], [135.4144, 34.5581], [135.4152, 34.58], [135.4158, 34.6096], [135.4073, 34.6342], [135.4036, 34.6589], [135.4129, 34.6921], [135.3976, 34.6862], [135.3812, 34.6813], [135.3632, 34.6891], [135.3413, 34.7085], [135.3175, 34.707], [135.2869, 34.7054], [135.2873, 34.68], [135.2536, 34.677], [135.2549, 34.7009], [135.2201, 34.6908], [135.2423, 34.6508], [135.2109, 34.6552], [135.2044, 34.6773], [135.186, 34.6749], [135.184, 34.6512], [135.1113, 34.6404], [135.0795, 34.6278], [135.0458, 34.625], [135.0168, 34.6422], [134.9793, 34.641], [134.9603, 34.6436], [134.937, 34.6674], [134.9076, 34.6776], [134.8884, 34.6915], [134.8333, 34.7214], [134.8005, 34.7309], [134.7624, 34.757], [134.7444, 34.7665], [134.6963, 34.7762], [134.5669, 34.7665], [134.5599, 34.7683], [134.5545, 34.7716], [134.5491, 34.7733], [134.5427, 34.77], [134.5379, 34.7665], [134.5315, 34.7631], [134.5249, 34.7606], [134.5191, 34.7597], [134.5059, 34.761], [134.4959, 34.7646], [134.4905, 34.7726], [134.4912, 34.7871], [134.4845, 34.7853], [134.4782, 34.7819], [134.4732, 34.7768], [134.4714, 34.77], [134.4701, 34.7618], [134.4671, 34.761], [134.4626, 34.762], [134.457, 34.7597], [134.4314, 34.7305], [134.4229, 34.7256], [134.4087, 34.7263], [134.3982, 34.7315], [134.3897, 34.7374], [134.3814, 34.7398], [134.3684, 34.736], [134.3578, 34.7274], [134.3522, 34.7163], [134.354, 34.7051], [134.3267, 34.7043], [134.2764, 34.7152], [134.2478, 34.7182], [134.2207, 34.7285], [134.2088, 34.728], [134.2168, 34.7119], [134.2269, 34.7079], [134.2788, 34.6982], [134.271, 34.6963], [134.2516, 34.6938], [134.2448, 34.6915], [134.2245, 34.6677], [134.2202, 34.6635], [134.2123, 34.6614], [134.1963, 34.652], [134.1782, 34.6488], [134.1707, 34.646], [134.1553, 34.6369], [134.1621, 34.6322], [134.1703, 34.6308], [134.1797, 34.6323], [134.1895, 34.6369], [134.1773, 34.6144], [134.148, 34.597], [134.113, 34.5856], [134.0837, 34.5815], [134.0693, 34.5858], [134.0474, 34.6046], [134.0288, 34.6089], [133.9944, 34.6087], [133.9793, 34.6059], [133.9539, 34.593], [133.9367, 34.5872], [133.9251, 34.5779], [133.9295, 34.5611], [133.9426, 34.5551], [133.9574, 34.5644], [133.9841, 34.5891], [134.0007, 34.5945], [134.0193, 34.5968], [134.0357, 34.5934], [134.0462, 34.5815], [134.0457, 34.5639], [134.0335, 34.5525], [134.0176, 34.5436], [134.0051, 34.5338], [134.0077, 34.5305], [134.0086, 34.5286], [134.012, 34.5201], [133.9832, 34.5286], [133.9666, 34.5064], [133.9539, 34.4738], [133.9363, 34.4512], [133.8591, 34.4629], [133.8218, 34.4621], [133.8264, 34.4376], [133.7944, 34.4429], [133.7805, 34.4634], [133.7689, 34.488], [133.7438, 34.5058], [133.7368, 34.5024], [133.7305, 34.507], [133.7258, 34.5164], [133.7234, 34.5276], [133.7166, 34.5201], [133.7, 34.5259], [133.6851, 34.5201], [133.6694, 34.5108], [133.6406, 34.5017], [133.5962, 34.4823], [133.5862, 34.4757], [133.5833, 34.4687], [133.5767, 34.4633], [133.5689, 34.4599], [133.5505, 34.457], [133.5433, 34.4531], [133.5381, 34.4486], [133.5321, 34.445], [133.4701, 34.424], [133.5093, 34.4621], [133.5225, 34.4831], [133.5011, 34.4922], [133.4902, 34.4896], [133.4685, 34.477], [133.4566, 34.4724], [133.4303, 34.473], [133.4191, 34.4679], [133.4148, 34.4512], [133.4222, 34.445]]], [[[129.2966, 28.1196], [129.3255, 28.1235], [129.3473, 28.1069], [129.3504, 28.0865], [129.324, 28.0786], [129.3064, 28.0941], [129.3035, 28.096], [129.3008, 28.1005], [129.2952, 28.0991], [129.2905, 28.0952], [129.2904, 28.0929], [129.2907, 28.0888], [129.2854, 28.0815], [129.2791, 28.0771], [129.2761, 28.082], [129.2736, 28.0833], [129.2639, 28.0963], [129.263, 28.0991], [129.2518, 28.1], [129.2306, 28.0967], [129.2214, 28.0991], [129.2181, 28.1061], [129.216, 28.1308], [129.2141, 28.1401], [129.187, 28.175], [129.1808, 28.1903], [129.1958, 28.1955], [129.2277, 28.1953], [129.2215, 28.176], [129.2326, 28.1707], [129.2693, 28.1749], [129.2639, 28.1674], [129.256, 28.1592], [129.2505, 28.151], [129.2518, 28.1438], [129.2642, 28.1347], [129.2878, 28.1252], [129.2966, 28.1196]]], [[[130.0303, 28.3735], [130.031, 28.3565], [130.0215, 28.3313], [130.0077, 28.3065], [129.9955, 28.2909], [129.9782, 28.2838], [129.9566, 28.2848], [129.9136, 28.2971], [129.9756, 28.3432], [130.0183, 28.3647], [130.0303, 28.3735]]], [[[129.7075, 28.4621], [129.7114, 28.4556], [129.7173, 28.4503], [129.7217, 28.444], [129.721, 28.4349], [129.716, 28.4291], [129.7085, 28.4288], [129.7005, 28.43], [129.6939, 28.4287], [129.6817, 28.4211], [129.6394, 28.4053], [129.6253, 28.4027], [129.6193, 28.4008], [129.6169, 28.3965], [129.6152, 28.3896], [129.6112, 28.3831], [129.6019, 28.3803], [129.5816, 28.3707], [129.554, 28.3284], [129.5335, 28.3188], [129.53, 28.3148], [129.4989, 28.2875], [129.4873, 28.2825], [129.4612, 28.2917], [129.4474, 28.2909], [129.4548, 28.2772], [129.4478, 28.2663], [129.4396, 28.259], [129.4304, 28.2541], [129.4202, 28.2499], [129.4317, 28.241], [129.4569, 28.2257], [129.4679, 28.2158], [129.4152, 28.1857], [129.4065, 28.1845], [129.4015, 28.1633], [129.3887, 28.1628], [129.3711, 28.1672], [129.3518, 28.1605], [129.3644, 28.154], [129.3745, 28.14], [129.3794, 28.126], [129.376, 28.1196], [129.3657, 28.1232], [129.3376, 28.1475], [129.2866, 28.1779], [129.2803, 28.1905], [129.2814, 28.2048], [129.2808, 28.2186], [129.2693, 28.2294], [129.2564, 28.2147], [129.2424, 28.2143], [129.2079, 28.2294], [129.1736, 28.2361], [129.1589, 28.2406], [129.1458, 28.2499], [129.1458, 28.2562], [129.1545, 28.2603], [129.1629, 28.2626], [129.1714, 28.2617], [129.1805, 28.2562], [129.2088, 28.2642], [129.2414, 28.2563], [129.2708, 28.2554], [129.2904, 28.2841], [129.2537, 28.2846], [129.2395, 28.2904], [129.2277, 28.3046], [129.2415, 28.3126], [129.2525, 28.3215], [129.2639, 28.3288], [129.2883, 28.3331], [129.2957, 28.3364], [129.3163, 28.3502], [129.3306, 28.3637], [129.3313, 28.366], [129.3573, 28.3684], [129.3806, 28.3668], [129.3996, 28.3717], [129.4133, 28.3933], [129.4323, 28.3869], [129.4509, 28.392], [129.4662, 28.4049], [129.4754, 28.4213], [129.4824, 28.411], [129.4927, 28.4049], [129.5044, 28.3999], [129.5164, 28.3933], [129.5335, 28.4305], [129.5608, 28.4511], [129.6262, 28.4827], [129.6139, 28.448], [129.6165, 28.4385], [129.6325, 28.4349], [129.6441, 28.4398], [129.6543, 28.4521], [129.6733, 28.4827], [129.6725, 28.4876], [129.6688, 28.4951], [129.6672, 28.503], [129.6731, 28.5098], [129.6878, 28.509], [129.698, 28.4949], [129.7075, 28.4621]]], [[[129.7149, 29.6545], [129.7459, 29.661], [129.7538, 29.6454], [129.7438, 29.6223], [129.721, 29.6061], [129.7129, 29.6293], [129.7114, 29.6425], [129.7149, 29.6545]]], [[[129.8936, 29.8747], [129.8974, 29.8469], [129.9273, 29.8259], [129.9221, 29.8231], [129.9204, 29.8196], [129.8634, 29.8246], [129.8523, 29.8392], [129.8402, 29.8497], [129.8328, 29.8731], [129.851, 29.8867], [129.8753, 29.8783], [129.8796, 29.8791], [129.884, 29.8789], [129.8887, 29.8775], [129.8936, 29.8747]]], [[[130.6746, 30.3746], [130.6694, 30.3397], [130.6471, 30.2905], [130.6038, 30.2525], [130.5773, 30.2359], [130.5468, 30.2314], [130.5177, 30.2275], [130.486, 30.2258], [130.4377, 30.239], [130.4271, 30.2555], [130.4106, 30.2916], [130.3863, 30.3396], [130.379, 30.3659], [130.3762, 30.3944], [130.3865, 30.3981], [130.4234, 30.399], [130.4412, 30.4223], [130.4612, 30.4411], [130.4671, 30.4572], [130.4883, 30.457], [130.499, 30.468], [130.5237, 30.4497], [130.5678, 30.4359], [130.5996, 30.4125], [130.6387, 30.4027], [130.6746, 30.3746]]], [[[131.052, 30.8402], [131.0615, 30.8406], [131.0624, 30.8245], [131.0736, 30.7996], [131.0879, 30.7826], [131.0712, 30.7693], [131.071, 30.7373], [131.0789, 30.6991], [131.0538, 30.6619], [131.0578, 30.6423], [131.0576, 30.6113], [131.0513, 30.5971], [131.0378, 30.5892], [131.0377, 30.5723], [131.0356, 30.5572], [131.0179, 30.5511], [131.0034, 30.5512], [130.994, 30.5326], [130.9826, 30.5193], [130.9805, 30.4971], [130.967, 30.4794], [130.9679, 30.4643], [130.9648, 30.4563], [130.973, 30.4492], [130.978, 30.4376], [130.9718, 30.4261], [130.9696, 30.4154], [130.9778, 30.4003], [130.9633, 30.3861], [130.9622, 30.3728], [130.9437, 30.3747], [130.9241, 30.3695], [130.9065, 30.366], [130.891, 30.3554], [130.8858, 30.3439], [130.8704, 30.3439], [130.8673, 30.3537], [130.8571, 30.3662], [130.8603, 30.3795], [130.8655, 30.3973], [130.8626, 30.4239], [130.8534, 30.4408], [130.8494, 30.4613], [130.8515, 30.4701], [130.8618, 30.4657], [130.87, 30.4639], [130.8763, 30.4807], [130.9011, 30.5037], [130.9302, 30.5409], [130.9421, 30.5698], [130.9509, 30.595], [130.9513, 30.61], [130.9484, 30.6411], [130.9433, 30.6545], [130.9454, 30.6642], [130.9393, 30.6723], [130.9528, 30.6855], [130.9663, 30.7014], [130.9851, 30.7298], [130.9852, 30.7414], [130.9997, 30.7457], [131.0081, 30.7679], [131.0063, 30.7892], [131.0272, 30.8194], [131.0392, 30.8314], [131.0453, 30.8369], [131.052, 30.8402]]], [[[130.1531, 32.2038], [130.176, 32.2034], [130.1873, 32.1964], [130.1941, 32.1764], [130.1908, 32.1646], [130.1736, 32.1243], [130.1673, 32.1143], [130.1493, 32.1105], [130.1346, 32.118], [130.1278, 32.1323], [130.1333, 32.1491], [130.1232, 32.1589], [130.1151, 32.1754], [130.1111, 32.1933], [130.1133, 32.2076], [130.1211, 32.2126], [130.132, 32.2113], [130.1531, 32.2038]]], [[[130.41, 32.5116], [130.4402, 32.524], [130.457, 32.5256], [130.4685, 32.5116], [130.4348, 32.4927], [130.3928, 32.3972], [130.3623, 32.375], [130.3587, 32.38], [130.3579, 32.3912], [130.3587, 32.4129], [130.3539, 32.4241], [130.3431, 32.4218], [130.3245, 32.4098], [130.2844, 32.4075], [130.2648, 32.4036], [130.242, 32.3955], [130.2217, 32.4219], [130.2131, 32.4365], [130.2136, 32.4504], [130.2186, 32.456], [130.2251, 32.4582], [130.2391, 32.4603], [130.2479, 32.4646], [130.2678, 32.4842], [130.2903, 32.498], [130.3052, 32.5041], [130.3416, 32.5144], [130.363, 32.5271], [130.3709, 32.527], [130.3772, 32.5229], [130.3796, 32.5153], [130.3833, 32.5094], [130.3918, 32.5087], [130.41, 32.5116]]], [[[130.1605, 32.5463], [130.1895, 32.5218], [130.199, 32.4802], [130.2015, 32.3955], [130.2041, 32.3876], [130.2068, 32.3813], [130.2083, 32.3733], [130.2056, 32.3466], [130.2034, 32.3389], [130.1992, 32.3327], [130.1907, 32.3236], [130.1814, 32.3183], [130.1577, 32.3102], [130.1531, 32.3034], [130.1333, 32.2651], [130.1278, 32.2614], [130.1053, 32.2521], [130.0969, 32.245], [130.075, 32.2208], [130.061, 32.2119], [130.0369, 32.1998], [130.012, 32.1906], [129.9955, 32.1907], [129.9944, 32.1999], [130.0091, 32.2521], [129.9973, 32.244], [129.9863, 32.2444], [129.9758, 32.2459], [129.9583, 32.2375], [129.958, 32.2424], [129.9613, 32.2521], [129.9653, 32.2582], [129.9963, 32.2822], [130.0166, 32.2931], [130.0301, 32.2952], [130.0422, 32.2945], [130.0532, 32.2965], [130.0643, 32.3068], [130.0542, 32.307], [130.0462, 32.3083], [130.0303, 32.3136], [130.0088, 32.3059], [129.9915, 32.3144], [129.9797, 32.333], [129.9753, 32.3554], [129.9766, 32.3664], [129.9805, 32.3756], [129.987, 32.383], [129.9955, 32.3887], [129.989, 32.4045], [129.9944, 32.4241], [130.0065, 32.444], [130.02, 32.4607], [130.0303, 32.4824], [130.0254, 32.5021], [130.0029, 32.5334], [130.0155, 32.5328], [130.0248, 32.5277], [130.033, 32.5219], [130.0432, 32.519], [130.0565, 32.5212], [130.0769, 32.531], [130.1028, 32.5365], [130.1203, 32.5429], [130.1398, 32.5477], [130.1605, 32.5463]]], [[[128.8784, 32.6739], [128.8937, 32.6576], [128.9011, 32.6469], [128.9011, 32.646], [128.8993, 32.6425], [128.8809, 32.6424], [128.8579, 32.6434], [128.8177, 32.6346], [128.8155, 32.6468], [128.7932, 32.6525], [128.7881, 32.6485], [128.7796, 32.6468], [128.7759, 32.6425], [128.7722, 32.6319], [128.7752, 32.6271], [128.7801, 32.6248], [128.795, 32.6101], [128.7922, 32.5979], [128.7902, 32.5864], [128.7731, 32.5717], [128.7554, 32.5805], [128.736, 32.6035], [128.7124, 32.6043], [128.6629, 32.6015], [128.6526, 32.5911], [128.6185, 32.6095], [128.6004, 32.6142], [128.6038, 32.6306], [128.6106, 32.6425], [128.6135, 32.6502], [128.6182, 32.6597], [128.6243, 32.6673], [128.6318, 32.6699], [128.6331, 32.6655], [128.6362, 32.6437], [128.6387, 32.6352], [128.6397, 32.6413], [128.6527, 32.6679], [128.6543, 32.678], [128.6546, 32.6889], [128.6535, 32.6996], [128.6506, 32.7093], [128.648, 32.7139], [128.645, 32.718], [128.6426, 32.7224], [128.6423, 32.728], [128.6441, 32.7333], [128.6504, 32.7445], [128.6418, 32.7614], [128.6509, 32.7754], [128.6608, 32.7828], [128.679, 32.7829], [128.6857, 32.7709], [128.6997, 32.7438], [128.7054, 32.7475], [128.7218, 32.7543], [128.7432, 32.7583], [128.7792, 32.7766], [128.7841, 32.7882], [128.8085, 32.7999], [128.812, 32.7824], [128.8108, 32.7749], [128.8106, 32.7661], [128.8277, 32.7619], [128.8423, 32.7595], [128.8498, 32.7427], [128.8421, 32.7039], [128.8552, 32.6889], [128.8784, 32.6739]]], [[[129.098, 32.9883], [129.1097, 32.9829], [129.1696, 33.0058], [129.1828, 32.9847], [129.176, 32.967], [129.1563, 32.9585], [129.1372, 32.9382], [129.1175, 32.9358], [129.1004, 32.919], [129.0925, 32.9066], [129.0906, 32.8915], [129.0985, 32.8751], [129.098, 32.8685], [129.0966, 32.8569], [129.0862, 32.8572], [129.0679, 32.8612], [129.0615, 32.8484], [129.0687, 32.8392], [129.0685, 32.8259], [129.065, 32.8178], [129.0457, 32.8221], [129.0471, 32.8415], [129.0404, 32.8627], [129.0415, 32.896], [129.0478, 32.91], [129.0331, 32.9333], [129.0243, 32.9379], [128.9888, 32.9442], [128.9794, 32.9476], [128.9815, 32.9604], [128.9981, 32.9665], [129.0204, 32.9806], [129.035, 32.9674], [129.0545, 32.9793], [129.0426, 33.0002], [129.0486, 33.0396], [129.0652, 33.044], [129.0676, 33.0191], [129.0777, 33.0204], [129.084, 33.0234], [129.0843, 33.0432], [129.081, 33.0568], [129.0859, 33.0762], [129.1017, 33.083], [129.1066, 33.1012], [129.0985, 33.1145], [129.0963, 33.1254], [129.1082, 33.1667], [129.1177, 33.1589], [129.1164, 33.1407], [129.1121, 33.1315], [129.1086, 33.1224], [129.1159, 33.114], [129.1239, 33.1092], [129.1183, 33.0885], [129.112, 33.0703], [129.1027, 33.0545], [129.0993, 33.0357], [129.0973, 33.0181], [129.098, 32.9883]]], [[[129.5557, 33.4108], [129.5622, 33.3664], [129.5559, 33.3531], [129.542, 33.3357], [129.5275, 33.3235], [129.5383, 33.3156], [129.5263, 33.3034], [129.5143, 33.298], [129.5144, 33.288], [129.5011, 33.28], [129.5025, 33.2653], [129.4931, 33.2452], [129.4466, 33.1985], [129.4126, 33.1783], [129.376, 33.1697], [129.3581, 33.1769], [129.3425, 33.1796], [129.345, 33.1902], [129.3499, 33.2135], [129.3607, 33.1987], [129.3848, 33.1835], [129.4002, 33.1857], [129.4065, 33.194], [129.4031, 33.1977], [129.396, 33.2026], [129.3847, 33.2041], [129.3777, 33.2146], [129.382, 33.2289], [129.394, 33.2395], [129.4168, 33.2369], [129.4084, 33.2538], [129.4064, 33.275], [129.4373, 33.2967], [129.4409, 33.3253], [129.4427, 33.3481], [129.4951, 33.3583], [129.5083, 33.3821], [129.5159, 33.3784], [129.5229, 33.3684], [129.5393, 33.3795], [129.5235, 33.3906], [129.5253, 33.4049], [129.5557, 33.4108]]], [[[132.2437, 33.7933], [132.2525, 33.7853], [132.2741, 33.7722], [132.273, 33.7685], [132.2573, 33.766], [132.2363, 33.7685], [132.2044, 33.7821], [132.1883, 33.7797], [132.1953, 33.7935], [132.2088, 33.8001], [132.2258, 33.7999], [132.2437, 33.7933]]], [[[129.7764, 33.7734], [129.7996, 33.7648], [129.7997, 33.751], [129.7839, 33.7382], [129.7604, 33.7373], [129.7351, 33.7367], [129.7228, 33.7167], [129.721, 33.6977], [129.7105, 33.7008], [129.691, 33.7156], [129.6773, 33.7291], [129.6812, 33.7442], [129.6708, 33.7501], [129.6571, 33.7426], [129.6493, 33.756], [129.6467, 33.7728], [129.6769, 33.7607], [129.687, 33.7592], [129.687, 33.766], [129.6603, 33.7836], [129.6583, 33.8036], [129.6569, 33.8155], [129.6784, 33.8149], [129.6731, 33.8322], [129.679, 33.849], [129.6867, 33.8598], [129.6886, 33.8711], [129.7007, 33.8616], [129.7673, 33.8445], [129.768, 33.8366], [129.7622, 33.8231], [129.7629, 33.8123], [129.7668, 33.8021], [129.7811, 33.7924], [129.7969, 33.7864], [129.7913, 33.785], [129.7819, 33.7812], [129.7764, 33.7797], [129.7764, 33.7734]]], [[[132.2362, 33.869], [132.2312, 33.8639], [132.2264, 33.8607], [132.2163, 33.8554], [132.2083, 33.8752], [132.1934, 33.8976], [132.1863, 33.9212], [132.2019, 33.9448], [132.2261, 33.9527], [132.2536, 33.9501], [132.2795, 33.9412], [132.2982, 33.9305], [132.3262, 33.8963], [132.3401, 33.8972], [132.3532, 33.9034], [132.374, 33.9168], [132.3802, 33.9175], [132.3953, 33.9155], [132.4012, 33.9168], [132.4071, 33.923], [132.4097, 33.9339], [132.4155, 33.9379], [132.4276, 33.9399], [132.4539, 33.9376], [132.4695, 33.9379], [132.4579, 33.9277], [132.4365, 33.9036], [132.4285, 33.9025], [132.419, 33.9057], [132.3945, 33.8993], [132.3848, 33.8942], [132.3807, 33.8864], [132.3794, 33.8619], [132.3775, 33.852], [132.374, 33.8417], [132.3626, 33.8454], [132.3406, 33.845], [132.3324, 33.848], [132.3284, 33.8565], [132.3296, 33.8658], [132.3286, 33.8751], [132.3186, 33.8833], [132.3118, 33.8759], [132.2981, 33.884], [132.2918, 33.8787], [132.2888, 33.8684], [132.2845, 33.8616], [132.2721, 33.8604], [132.2546, 33.8657], [132.2437, 33.8616], [132.2362, 33.869]]], [[[132.5552, 34.0714], [132.5322, 34.0821], [132.478, 34.0805], [132.4553, 34.0881], [132.474, 34.1052], [132.4973, 34.1171], [132.51, 34.1318], [132.4968, 34.157], [132.5066, 34.1678], [132.5193, 34.1744], [132.5325, 34.1773], [132.5433, 34.1767], [132.5515, 34.1706], [132.549, 34.1663], [132.5479, 34.1617], [132.5451, 34.1581], [132.5379, 34.157], [132.5462, 34.145], [132.549, 34.1334], [132.5495, 34.1215], [132.5515, 34.1086], [132.5776, 34.1189], [132.5806, 34.0998], [132.5698, 34.0759], [132.5552, 34.0714]]], [[[132.9995, 34.2084], [132.9639, 34.1919], [132.9548, 34.1982], [132.9629, 34.2185], [132.9695, 34.223], [132.9858, 34.227], [132.9909, 34.2321], [132.9917, 34.2423], [132.9873, 34.2488], [132.9793, 34.2522], [132.9697, 34.2526], [132.9888, 34.273], [133.01, 34.2912], [133.03, 34.2953], [133.0449, 34.2731], [133.0557, 34.2424], [133.0518, 34.2223], [133.0348, 34.2073], [132.9995, 34.2084]]], [[[129.3125, 34.2798], [129.3168, 34.2945], [129.3426, 34.2931], [129.3471, 34.287], [129.343, 34.2783], [129.3256, 34.2714], [129.3181, 34.2584], [129.3211, 34.2408], [129.3248, 34.2293], [129.3094, 34.2191], [129.2975, 34.2187], [129.298, 34.2132], [129.3026, 34.2093], [129.2997, 34.1978], [129.2981, 34.182], [129.2972, 34.1705], [129.2945, 34.1667], [129.2878, 34.1651], [129.2837, 34.1575], [129.2835, 34.146], [129.2766, 34.1291], [129.2646, 34.1238], [129.2624, 34.1145], [129.2511, 34.1076], [129.2483, 34.0999], [129.2359, 34.1008], [129.2318, 34.0948], [129.2204, 34.0889], [129.2161, 34.0983], [129.2107, 34.1], [129.1983, 34.111], [129.1903, 34.1148], [129.1776, 34.1089], [129.1716, 34.1068], [129.1704, 34.1468], [129.1788, 34.1698], [129.1759, 34.1955], [129.1805, 34.2272], [129.1893, 34.2342], [129.1888, 34.2496], [129.1959, 34.273], [129.1985, 34.3162], [129.2074, 34.3293], [129.2252, 34.3274], [129.2285, 34.3208], [129.2244, 34.3126], [129.2241, 34.2934], [129.2307, 34.2934], [129.2387, 34.2993], [129.2482, 34.3004], [129.262, 34.3078], [129.2753, 34.3076], [129.2708, 34.3153], [129.2689, 34.3225], [129.2802, 34.3229], [129.2894, 34.3178], [129.3025, 34.3078], [129.3014, 34.2881], [129.3125, 34.2798]]], [[[135.0027, 34.6084], [135.0282, 34.591], [135.0301, 34.5788], [135.0184, 34.566], [135.0033, 34.5516], [134.9954, 34.5302], [134.9841, 34.5058], [134.9563, 34.4849], [134.9325, 34.4535], [134.903, 34.419], [134.8972, 34.3815], [134.8958, 34.3727], [134.8989, 34.3608], [134.8997, 34.349], [134.9163, 34.3383], [134.9186, 34.3204], [134.9262, 34.3085], [134.9504, 34.2873], [134.9583, 34.2704], [134.938, 34.2628], [134.9095, 34.2572], [134.8849, 34.2445], [134.8561, 34.236], [134.8339, 34.2266], [134.8, 34.2008], [134.7519, 34.192], [134.7287, 34.1909], [134.7269, 34.21], [134.7054, 34.218], [134.7022, 34.2212], [134.7136, 34.24], [134.7239, 34.2526], [134.6881, 34.2436], [134.6665, 34.2655], [134.6572, 34.2882], [134.6696, 34.3021], [134.6833, 34.3282], [134.7052, 34.3232], [134.7208, 34.3298], [134.799, 34.4468], [134.8242, 34.4608], [134.8425, 34.4703], [134.8504, 34.4757], [134.8565, 34.4833], [134.865, 34.5007], [134.8713, 34.5096], [134.8838, 34.5295], [134.9225, 34.5461], [134.9381, 34.5509], [134.9631, 34.5808], [134.9813, 34.6024], [135.0027, 34.6084]]], [[[129.4526, 34.6195], [129.4629, 34.6091], [129.4782, 34.5971], [129.4754, 34.5885], [129.4731, 34.5793], [129.4642, 34.5543], [129.4461, 34.5148], [129.4023, 34.4816], [129.3795, 34.4526], [129.3843, 34.424], [129.3618, 34.4055], [129.3595, 34.3906], [129.3755, 34.3944], [129.3932, 34.4108], [129.3944, 34.4033], [129.3886, 34.3897], [129.3843, 34.3834], [129.3881, 34.3668], [129.3996, 34.355], [129.408, 34.3516], [129.4008, 34.3379], [129.3861, 34.3313], [129.3792, 34.3247], [129.3682, 34.3074], [129.3438, 34.3003], [129.3245, 34.3046], [129.3055, 34.3249], [129.3209, 34.3338], [129.3451, 34.3272], [129.347, 34.3559], [129.3346, 34.3606], [129.3162, 34.3425], [129.3051, 34.3432], [129.3041, 34.3621], [129.3049, 34.3724], [129.3093, 34.3844], [129.2974, 34.3771], [129.2874, 34.3658], [129.2934, 34.3491], [129.2864, 34.344], [129.272, 34.3562], [129.2483, 34.3519], [129.2289, 34.3556], [129.2354, 34.3681], [129.2597, 34.3696], [129.2723, 34.3757], [129.2738, 34.4129], [129.2686, 34.4331], [129.2771, 34.4415], [129.2869, 34.4431], [129.2917, 34.4408], [129.2974, 34.4475], [129.3109, 34.4605], [129.3089, 34.4668], [129.2933, 34.4533], [129.2807, 34.4506], [129.276, 34.4622], [129.289, 34.4872], [129.3049, 34.5203], [129.3261, 34.5354], [129.3255, 34.5423], [129.3085, 34.5604], [129.2909, 34.5561], [129.2891, 34.5699], [129.3034, 34.5869], [129.3078, 34.6035], [129.3233, 34.6481], [129.3366, 34.6484], [129.361, 34.648], [129.3783, 34.6449], [129.3904, 34.6545], [129.4097, 34.6752], [129.4257, 34.6778], [129.4182, 34.6854], [129.4233, 34.6951], [129.4386, 34.6937], [129.4506, 34.701], [129.4646, 34.7008], [129.4707, 34.6927], [129.4807, 34.684], [129.4878, 34.6764], [129.4833, 34.6627], [129.4776, 34.657], [129.4691, 34.6526], [129.4781, 34.6507], [129.4878, 34.646], [129.4883, 34.6357], [129.4809, 34.6199], [129.4724, 34.6168], [129.4619, 34.6219], [129.4526, 34.6195]]], [[[133.0125, 36.0148], [133.0242, 36.0256], [133.0452, 36.02], [133.0667, 36.0065], [133.0791, 35.9936], [133.065, 35.9951], [133.0278, 35.9936], [133.0213, 35.9958], [133.0161, 36.0009], [133.0129, 36.0078], [133.0125, 36.0148]]], [[[133.367, 36.2742], [133.3818, 36.2577], [133.3792, 36.2082], [133.3734, 36.1977], [133.3602, 36.1916], [133.3526, 36.2035], [133.3435, 36.2043], [133.3343, 36.1989], [133.326, 36.1916], [133.3377, 36.1844], [133.3413, 36.175], [133.3374, 36.1656], [133.326, 36.1581], [133.3184, 36.1584], [133.2783, 36.165], [133.2564, 36.165], [133.2498, 36.1683], [133.2026, 36.2023], [133.1926, 36.206], [133.1878, 36.2161], [133.1963, 36.278], [133.2095, 36.2972], [133.292, 36.3425], [133.2928, 36.3306], [133.3008, 36.3259], [133.3112, 36.3243], [133.3202, 36.3218], [133.3235, 36.3183], [133.3265, 36.3094], [133.3294, 36.3049], [133.3357, 36.3009], [133.3486, 36.2976], [133.354, 36.2947], [133.3594, 36.2886], [133.3636, 36.2793], [133.367, 36.2742]]], [[[130.2201, 30.4716], [130.2429, 30.4636], [130.2621, 30.447], [130.2622, 30.435], [130.2406, 30.4349], [130.2318, 30.4235], [130.2125, 30.4207], [130.1931, 30.4396], [130.1944, 30.4521], [130.1904, 30.4613], [130.1731, 30.4544], [130.1631, 30.4687], [130.1518, 30.4779], [130.1418, 30.4893], [130.1651, 30.4899], [130.191, 30.4762], [130.2023, 30.4819], [130.2201, 30.4716]]], [[[134.3674, 34.5543], [134.3633, 34.5454], [134.3657, 34.5363], [134.3706, 34.5259], [134.3743, 34.5133], [134.3689, 34.4844], [134.3469, 34.4308], [134.3421, 34.4397], [134.3328, 34.4448], [134.3202, 34.4465], [134.3059, 34.445], [134.3059, 34.4512], [134.325, 34.4537], [134.3296, 34.4624], [134.3206, 34.4689], [134.2991, 34.4649], [134.2849, 34.4523], [134.2742, 34.435], [134.2624, 34.4209], [134.2444, 34.4177], [134.2487, 34.4532], [134.2432, 34.4639], [134.2234, 34.4724], [134.2048, 34.4716], [134.1859, 34.4661], [134.1702, 34.4655], [134.1614, 34.4792], [134.1717, 34.4859], [134.1725, 34.4966], [134.1711, 34.5089], [134.1751, 34.5201], [134.2038, 34.5124], [134.2283, 34.5184], [134.2713, 34.5407], [134.2832, 34.5436], [134.319, 34.5468], [134.3537, 34.5544], [134.3674, 34.5543]]], [[[129.5916, 29.4501], [129.5874, 29.4582], [129.5913, 29.468], [129.5982, 29.4724], [129.6011, 29.4713], [129.6035, 29.4696], [129.6081, 29.4692], [129.6107, 29.4656], [129.6154, 29.4552], [129.6123, 29.4433], [129.5996, 29.4433], [129.5916, 29.4501]]], [[[129.5277, 29.9023], [129.5286, 29.9089], [129.5354, 29.9099], [129.5433, 29.9081], [129.5501, 29.9039], [129.5545, 29.8975], [129.5515, 29.8936], [129.5399, 29.8899], [129.5331, 29.8935], [129.5277, 29.9023]]], [[[129.9437, 29.9653], [129.9453, 29.9616], [129.948, 29.9595], [129.948, 29.9586], [129.9409, 29.9532], [129.9238, 29.9579], [129.9133, 29.9609], [129.9031, 29.9709], [129.9006, 29.9726], [129.8998, 29.9757], [129.9011, 29.9807], [129.9036, 29.9844], [129.9124, 29.9919], [129.909, 29.9993], [129.9134, 30.0003], [129.922, 30.0047], [129.9271, 29.9934], [129.9342, 29.9821], [129.9437, 29.9653]]], [[[129.4282, 30.8464], [129.4309, 30.8482], [129.4338, 30.8446], [129.4295, 30.8409], [129.4282, 30.8464]]], [[[129.9463, 30.8447], [129.9583, 30.837], [129.9598, 30.8287], [129.9504, 30.8193], [129.9395, 30.8134], [129.9277, 30.8134], [129.912, 30.8198], [129.9104, 30.822], [129.9098, 30.8259], [129.904, 30.8344], [129.9082, 30.8384], [129.9159, 30.8419], [129.9255, 30.8496], [129.9321, 30.8518], [129.94, 30.8489], [129.9463, 30.8447]]], [[[129.9334, 31.8678], [129.9285, 31.8639], [129.9277, 31.8595], [129.9297, 31.8534], [129.9281, 31.8465], [129.9285, 31.8404], [129.9312, 31.8364], [129.9315, 31.8335], [129.9292, 31.8267], [129.9222, 31.8198], [129.9128, 31.8195], [129.9033, 31.8181], [129.8899, 31.8107], [129.876, 31.8113], [129.8687, 31.8184], [129.8633, 31.8209], [129.8591, 31.8237], [129.8574, 31.8286], [129.8538, 31.8351], [129.8474, 31.8434], [129.8465, 31.8509], [129.8535, 31.8552], [129.8504, 31.8574], [129.8395, 31.8537], [129.8318, 31.8437], [129.8242, 31.8423], [129.8206, 31.8455], [129.8203, 31.8519], [129.8231, 31.863], [129.8318, 31.8735], [129.845, 31.8806], [129.8645, 31.8756], [129.902, 31.8481], [129.9099, 31.8457], [129.9128, 31.8519], [129.9085, 31.8618], [129.9134, 31.8677], [129.9286, 31.8697], [129.9334, 31.8678]]], [[[130.2439, 32.3018], [130.2603, 32.2951], [130.2664, 32.2871], [130.263, 32.2813], [130.2536, 32.2716], [130.2428, 32.2631], [130.2327, 32.2588], [130.2232, 32.2571], [130.2151, 32.2527], [130.2107, 32.2554], [130.2109, 32.2658], [130.2129, 32.2767], [130.2171, 32.2869], [130.2229, 32.2921], [130.2285, 32.293], [130.2312, 32.2951], [130.2323, 32.2987], [130.2439, 32.3018]]], [[[130.4468, 32.5968], [130.4526, 32.5906], [130.4539, 32.5801], [130.4509, 32.5634], [130.4458, 32.5526], [130.4319, 32.5499], [130.4246, 32.5468], [130.4276, 32.5373], [130.4214, 32.5408], [130.4092, 32.5493], [130.4067, 32.561], [130.4114, 32.5739], [130.4077, 32.5817], [130.3997, 32.5864], [130.3988, 32.5932], [130.4136, 32.6136], [130.4165, 32.614], [130.4168, 32.6101], [130.4201, 32.6116], [130.4285, 32.6177], [130.4365, 32.6207], [130.4465, 32.6166], [130.4529, 32.611], [130.45, 32.6033], [130.4468, 32.5968]]], [[[132.562, 32.7421], [132.5686, 32.7344], [132.5715, 32.7255], [132.5708, 32.7173], [132.5632, 32.7099], [132.5497, 32.7043], [132.5432, 32.7084], [132.5405, 32.7215], [132.5399, 32.7338], [132.5438, 32.7456], [132.5486, 32.7508], [132.5549, 32.7475], [132.558, 32.7453], [132.562, 32.7421]]], [[[128.8998, 32.8183], [128.9028, 32.8142], [128.9085, 32.8013], [128.9072, 32.794], [128.8949, 32.7817], [128.8823, 32.7653], [128.8753, 32.7635], [128.8665, 32.765], [128.8479, 32.7749], [128.8401, 32.7776], [128.8352, 32.7877], [128.8359, 32.819], [128.8346, 32.8271], [128.8373, 32.8338], [128.8462, 32.8349], [128.8569, 32.83], [128.8635, 32.8188], [128.8662, 32.8074], [128.8699, 32.8011], [128.8739, 32.7987], [128.875, 32.8017], [128.8742, 32.8043], [128.8734, 32.8078], [128.8708, 32.8161], [128.8662, 32.8254], [128.863, 32.8353], [128.8682, 32.8378], [128.8923, 32.8237], [128.8998, 32.8183]]], [[[128.9531, 32.8742], [128.9554, 32.8631], [128.958, 32.8415], [128.9544, 32.8307], [128.947, 32.828], [128.9446, 32.8234], [128.9478, 32.8198], [128.9494, 32.8134], [128.9451, 32.8043], [128.9404, 32.8044], [128.9385, 32.8129], [128.932, 32.8171], [128.923, 32.8181], [128.9206, 32.8207], [128.9241, 32.8246], [128.924, 32.8297], [128.9202, 32.835], [128.9157, 32.8389], [128.9099, 32.8424], [128.8958, 32.8564], [128.8897, 32.8581], [128.8831, 32.8559], [128.8807, 32.8626], [128.8909, 32.8709], [128.9089, 32.8664], [128.9243, 32.8515], [128.9295, 32.8498], [128.9268, 32.8622], [128.929, 32.8647], [128.9377, 32.8608], [128.9421, 32.8652], [128.9434, 32.8763], [128.9465, 32.8802], [128.9512, 32.8765], [128.9531, 32.8742]]], [[[129.0278, 32.8998], [129.0295, 32.8918], [129.03, 32.8886], [129.0282, 32.8557], [129.0241, 32.848], [129.0179, 32.848], [129.0174, 32.8567], [129.0137, 32.8588], [129.0066, 32.8647], [128.9968, 32.8666], [128.9827, 32.8623], [128.9776, 32.864], [128.9738, 32.869], [128.9695, 32.8715], [128.968, 32.8737], [128.9641, 32.8896], [128.9646, 32.8983], [128.973, 32.8985], [128.9917, 32.8898], [128.9956, 32.8905], [128.9945, 32.8953], [128.9888, 32.9002], [128.9837, 32.9066], [128.9823, 32.9124], [128.9797, 32.9165], [128.9793, 32.9202], [128.9827, 32.9232], [128.9847, 32.9261], [128.9846, 32.9292], [128.9924, 32.9294], [129.0096, 32.9245], [129.0207, 32.9167], [129.0246, 32.9086], [129.0278, 32.8998]]], [[[129.1355, 33.2999], [129.1433, 33.2848], [129.1502, 33.2765], [129.1496, 33.269], [129.1343, 33.2586], [129.1273, 33.2475], [129.1192, 33.2465], [129.1032, 33.2492], [129.0921, 33.2554], [129.0858, 33.2601], [129.0798, 33.2613], [129.075, 33.2599], [129.0762, 33.2688], [129.0891, 33.2833], [129.1038, 33.289], [129.1131, 33.2914], [129.1283, 33.3016], [129.1355, 33.2999]]], [[[129.5559, 33.494], [129.5734, 33.4961], [129.5764, 33.4883], [129.568, 33.4785], [129.5545, 33.4735], [129.5394, 33.4752], [129.5269, 33.4805], [129.5191, 33.4782], [129.5164, 33.4735], [129.512, 33.473], [129.5032, 33.4737], [129.5067, 33.4831], [129.5247, 33.4975], [129.5418, 33.5073], [129.5518, 33.5069], [129.5549, 33.4998], [129.5559, 33.494]]], [[[132.6414, 34.0141], [132.6439, 34.0114], [132.6443, 34.0009], [132.6428, 33.9899], [132.641, 33.984], [132.637, 33.9792], [132.635, 33.9748], [132.6345, 33.9648], [132.6203, 33.9538], [132.6004, 33.9499], [132.5891, 33.9564], [132.5869, 33.9697], [132.5964, 33.9809], [132.6065, 33.9892], [132.6138, 33.994], [132.6179, 33.9957], [132.6245, 33.9991], [132.6364, 34.0083], [132.6414, 34.0141]]], [[[133.0935, 34.1743], [133.0991, 34.1752], [133.1017, 34.171], [133.0944, 34.1604], [133.0452, 34.1184], [133.0278, 34.1116], [133.0171, 34.1188], [133.0169, 34.1363], [133.02, 34.1496], [133.0256, 34.1544], [133.0317, 34.1541], [133.0368, 34.1533], [133.0339, 34.1614], [133.0262, 34.1762], [133.0331, 34.1894], [133.0554, 34.1935], [133.0715, 34.1881], [133.0767, 34.1806], [133.083, 34.175], [133.0935, 34.1743]]], [[[132.7385, 34.197], [132.7551, 34.1891], [132.7614, 34.1772], [132.7561, 34.1675], [132.7474, 34.1625], [132.74, 34.1599], [132.7376, 34.1616], [132.7373, 34.1684], [132.7316, 34.1713], [132.7236, 34.1708], [132.6979, 34.1813], [132.689, 34.1899], [132.6952, 34.2001], [132.709, 34.2033], [132.7289, 34.1988], [132.7385, 34.197]]], [[[132.9212, 34.2773], [132.9285, 34.284], [132.9323, 34.2748], [132.9285, 34.2519], [132.9191, 34.2329], [132.9168, 34.2219], [132.9058, 34.2131], [132.8831, 34.2086], [132.8631, 34.2085], [132.8499, 34.2152], [132.843, 34.2284], [132.8464, 34.2402], [132.854, 34.245], [132.8572, 34.2458], [132.886, 34.257], [132.8971, 34.2567], [132.9082, 34.2629], [132.9212, 34.2773]]], [[[132.3384, 34.3044], [132.3442, 34.2956], [132.3455, 34.2866], [132.345, 34.282], [132.3255, 34.2647], [132.2959, 34.2432], [132.2793, 34.2383], [132.2679, 34.2445], [132.2673, 34.2536], [132.2866, 34.2791], [132.2988, 34.2922], [132.3145, 34.3004], [132.3286, 34.3062], [132.3384, 34.3044]]], [[[133.7157, 34.3961], [133.7245, 34.3845], [133.7258, 34.3714], [133.7205, 34.3638], [133.7129, 34.3594], [133.7063, 34.3546], [133.7031, 34.3518], [133.6958, 34.3548], [133.6885, 34.3662], [133.6919, 34.3784], [133.7053, 34.3918], [133.7083, 34.3973], [133.7157, 34.3961]]], [[[135.2052, 34.4305], [135.241, 34.4546], [135.2571, 34.4358], [135.2244, 34.4163], [135.2105, 34.4219], [135.2052, 34.4305]]], [[[134.049, 34.4744], [134.0395, 34.4783], [134.0366, 34.4808], [134.0383, 34.4833], [134.046, 34.4877], [134.0549, 34.4888], [134.072, 34.4985], [134.0834, 34.5007], [134.0874, 34.4978], [134.0954, 34.492], [134.1018, 34.4914], [134.1045, 34.4903], [134.1029, 34.4809], [134.084, 34.4598], [134.0762, 34.4608], [134.0679, 34.4667], [134.0671, 34.467], [134.049, 34.4744]]]]}}]}